pro_comm,n_spacer_hits,n_targeting_hosts,n_targeting_lineages
PRO_com_117,896,154,50
PRO_com_5,18276,257,50
PRO_com_185,573,124,49
PRO_com_84,510,162,47
PRO_com_57,7207,242,47
PRO_com_81,939,106,47
PRO_com_239,220,144,47
PRO_com_446,361,145,47
PRO_com_495,213,105,46
PRO_com_345,223,137,45
PRO_com_132,210,104,45
PRO_com_595,423,124,45
PRO_com_68,168,90,44
PRO_com_50,586,158,44
PRO_com_136,331,101,44
PRO_com_195,434,137,44
PRO_com_76,191,102,44
PRO_com_287,350,94,43
PRO_com_278,1681,102,43
PRO_com_140,965,170,42
PRO_com_269,784,134,42
PRO_com_430,410,98,42
PRO_com_209,180,93,42
PRO_com_162,162,87,41
PRO_com_173,539,223,40
PRO_com_613,153,91,39
PRO_com_302,606,154,39
PRO_com_211,167,84,38
PRO_com_449,198,118,38
PRO_com_63,1467,171,38
PRO_com_125,211,143,38
PRO_com_235,167,89,38
PRO_com_361,280,101,38
PRO_com_181,348,96,37
PRO_com_189,6808,169,37
PRO_com_13,240,79,37
PRO_com_348,314,76,36
PRO_com_27,158,83,36
PRO_com_343,1123,133,36
PRO_com_459,282,86,36
PRO_com_165,256,98,35
PRO_com_87,246,99,35
PRO_com_364,628,79,35
PRO_com_399,126,76,35
PRO_com_570,340,125,34
PRO_com_443,159,80,34
PRO_com_382,161,125,34
PRO_com_113,604,97,34
PRO_com_340,488,189,34
PRO_com_403,90,71,34
PRO_com_46,554,109,33
PRO_com_292,678,122,33
PRO_com_605,160,110,33
PRO_com_24,280,95,32
PRO_com_119,515,173,32
PRO_com_208,181,118,32
PRO_com_545,558,157,32
PRO_com_232,288,70,32
PRO_com_96,83,66,32
PRO_com_503,92,54,31
PRO_com_220,77,62,31
PRO_com_263,1015,65,31
PRO_com_172,145,87,31
PRO_com_411,166,67,31
PRO_com_472,138,95,31
PRO_com_359,87,63,31
PRO_com_150,246,83,31
PRO_com_102,842,94,31
PRO_com_314,718,84,31
PRO_com_571,674,103,31
PRO_com_8,231,63,31
PRO_com_326,188,68,31
PRO_com_62,4602,93,31
PRO_com_438,1281,204,30
PRO_com_316,273,62,30
PRO_com_416,170,55,30
PRO_com_455,316,99,30
PRO_com_77,90,60,30
PRO_com_412,202,61,30
PRO_com_489,196,68,30
PRO_com_435,296,69,30
PRO_com_169,2303,99,30
PRO_com_33,161,129,29
PRO_com_186,1164,96,29
PRO_com_389,102,65,29
PRO_com_252,384,135,29
PRO_com_461,87,57,29
PRO_com_153,351,64,29
PRO_com_249,234,60,29
PRO_com_492,184,58,29
PRO_com_332,159,50,28
PRO_com_312,119,91,28
PRO_com_86,242,73,28
PRO_com_458,216,101,28
PRO_com_53,142,53,28
PRO_com_51,192,73,28
PRO_com_253,338,53,28
PRO_com_349,200,60,28
PRO_com_506,115,72,28
PRO_com_279,336,92,28
PRO_com_261,79,57,27
PRO_com_365,123,82,27
PRO_com_268,79,58,27
PRO_com_452,88,52,27
PRO_com_12,240,52,27
PRO_com_110,226,58,27
PRO_com_182,165,101,27
PRO_com_477,166,49,27
PRO_com_484,115,91,27
PRO_com_304,117,90,27
PRO_com_100,504,56,27
PRO_com_591,141,110,27
PRO_com_576,152,53,26
PRO_com_149,378,83,26
PRO_com_355,528,112,26
PRO_com_558,77,50,26
PRO_com_573,222,103,26
PRO_com_453,66,48,26
PRO_com_196,152,55,26
PRO_com_537,77,59,26
PRO_com_320,308,60,26
PRO_com_536,111,90,26
PRO_com_475,85,51,26
PRO_com_59,201,88,26
PRO_com_328,142,51,26
PRO_com_23,76,51,26
PRO_com_410,129,112,26
PRO_com_318,92,58,25
PRO_com_34,70,57,25
PRO_com_240,90,55,25
PRO_com_37,79,52,25
PRO_com_354,63,46,25
PRO_com_0,770,54,25
PRO_com_311,63,44,25
PRO_com_131,1203,121,25
PRO_com_187,373,81,25
PRO_com_16,125,76,25
PRO_com_581,83,49,25
PRO_com_533,113,53,25
PRO_com_14,120,47,25
PRO_com_607,212,49,25
PRO_com_597,283,101,25
PRO_com_529,70,47,25
PRO_com_118,196,82,25
PRO_com_73,608,44,25
PRO_com_534,188,53,24
PRO_com_392,168,42,24
PRO_com_554,70,47,24
PRO_com_440,113,49,24
PRO_com_101,434,54,24
PRO_com_353,103,83,24
PRO_com_61,87,64,24
PRO_com_22,194,164,24
PRO_com_28,375,54,24
PRO_com_109,3734,104,24
PRO_com_257,122,44,24
PRO_com_600,112,86,24
PRO_com_256,180,46,24
PRO_com_369,156,46,23
PRO_com_583,117,84,23
PRO_com_551,60,45,23
PRO_com_228,66,48,23
PRO_com_351,250,65,23
PRO_com_90,224,86,23
PRO_com_372,137,50,23
PRO_com_436,180,76,23
PRO_com_262,118,84,23
PRO_com_524,125,98,23
PRO_com_523,190,93,23
PRO_com_210,58,49,23
PRO_com_241,113,91,23
PRO_com_494,198,84,23
PRO_com_310,62,55,23
PRO_com_407,65,46,22
PRO_com_85,58,53,22
PRO_com_319,176,58,22
PRO_com_295,177,49,22
PRO_com_457,84,46,22
PRO_com_213,76,45,22
PRO_com_336,69,47,22
PRO_com_470,201,54,22
PRO_com_164,126,106,22
PRO_com_488,124,46,22
PRO_com_174,142,51,22
PRO_com_562,110,95,22
PRO_com_163,83,60,21
PRO_com_579,57,46,21
PRO_com_42,437,214,21
PRO_com_95,60,50,21
PRO_com_258,818,146,21
PRO_com_237,146,130,21
PRO_com_112,83,52,21
PRO_com_114,220,76,21
PRO_com_322,172,60,21
PRO_com_323,188,155,21
PRO_com_238,265,64,21
PRO_com_138,72,39,21
PRO_com_291,207,43,21
PRO_com_157,270,111,21
PRO_com_152,131,106,21
PRO_com_375,772,136,21
PRO_com_467,142,48,21
PRO_com_510,89,78,20
PRO_com_331,220,41,20
PRO_com_527,85,76,20
PRO_com_415,116,40,20
PRO_com_315,606,88,20
PRO_com_344,63,44,20
PRO_com_442,125,38,20
PRO_com_596,84,52,20
PRO_com_588,162,42,20
PRO_com_405,169,102,20
PRO_com_378,65,40,20
PRO_com_205,192,60,20
PRO_com_133,50,38,20
PRO_com_21,59,44,20
PRO_com_450,52,36,19
PRO_com_159,128,101,19
PRO_com_543,36,35,19
PRO_com_377,507,116,19
PRO_com_594,112,39,19
PRO_com_294,136,64,19
PRO_com_386,310,58,19
PRO_com_39,171,82,19
PRO_com_587,86,78,19
PRO_com_532,57,33,19
PRO_com_299,48,40,19
PRO_com_397,117,111,19
PRO_com_251,52,39,19
PRO_com_32,119,92,19
PRO_com_106,32,29,18
PRO_com_508,117,95,18
PRO_com_593,94,57,18
PRO_com_580,73,63,18
PRO_com_456,69,39,18
PRO_com_577,55,37,18
PRO_com_517,83,76,18
PRO_com_376,90,33,18
PRO_com_496,78,61,18
PRO_com_549,92,69,17
PRO_com_305,106,85,17
PRO_com_482,70,54,17
PRO_com_66,114,43,17
PRO_com_56,136,104,17
PRO_com_224,118,52,17
PRO_com_58,32,31,17
PRO_com_111,1753,142,17
PRO_com_144,71,63,17
PRO_com_267,212,38,17
PRO_com_276,147,41,17
PRO_com_129,43,31,16
PRO_com_535,78,64,16
PRO_com_245,51,33,16
PRO_com_540,85,35,16
PRO_com_514,60,37,16
PRO_com_541,167,38,16
PRO_com_499,88,55,16
PRO_com_538,40,36,16
PRO_com_528,69,64,16
PRO_com_561,51,39,16
PRO_com_142,87,29,16
PRO_com_474,33,32,16
PRO_com_120,66,29,16
PRO_com_116,41,29,16
PRO_com_107,1433,37,16
PRO_com_231,135,114,16
PRO_com_217,140,44,15
PRO_com_490,100,83,15
PRO_com_396,48,34,15
PRO_com_516,86,67,15
PRO_com_134,35,29,15
PRO_com_297,75,49,15
PRO_com_531,27,22,15
PRO_com_284,41,33,15
PRO_com_75,48,43,15
PRO_com_574,37,31,15
PRO_com_542,57,39,15
PRO_com_282,88,39,15
PRO_com_559,35,26,14
PRO_com_191,121,39,14
PRO_com_544,32,27,14
PRO_com_206,39,33,14
PRO_com_259,66,61,14
PRO_com_481,37,25,14
PRO_com_233,105,31,14
PRO_com_428,80,31,14
PRO_com_327,55,26,14
PRO_com_347,44,31,13
PRO_com_43,74,63,13
PRO_com_423,18,18,13
PRO_com_275,222,72,13
PRO_com_103,112,27,13
PRO_com_498,86,74,13
PRO_com_190,116,33,13
PRO_com_281,57,33,13
PRO_com_480,25,21,12
PRO_com_566,43,29,12
PRO_com_424,35,30,12
PRO_com_463,56,27,12
PRO_com_105,80,28,12
PRO_com_127,18,17,12
PRO_com_171,231,68,11
PRO_com_601,88,42,11
PRO_com_572,28,17,11
PRO_com_247,20,20,11
PRO_com_367,30,26,11
PRO_com_567,66,55,11
PRO_com_303,56,27,11
PRO_com_564,23,19,11
PRO_com_104,657,28,10
PRO_com_7,11859,94,10
PRO_com_598,19,19,10
PRO_com_565,76,35,10
PRO_com_381,75,75,10
PRO_com_214,14,14,10
PRO_com_420,42,39,9
PRO_com_473,18,17,9
PRO_com_272,248,55,9
PRO_com_394,51,51,9
PRO_com_434,58,17,9
PRO_com_417,200,18,8
PRO_com_280,24,23,8
PRO_com_47,17,17,8
PRO_com_611,20,17,8
PRO_com_471,63,15,8
PRO_com_468,54,13,8
PRO_com_568,22,17,7
PRO_com_306,12,12,7
PRO_com_609,13,9,7
PRO_com_4,6301,12,7
PRO_com_300,20,19,7
PRO_com_38,543,33,7
PRO_com_183,302,26,7
PRO_com_330,10,10,6
PRO_com_421,41,11,6
PRO_com_6,1071,26,6
PRO_com_19,244,27,6
PRO_com_29,35,15,6
PRO_com_69,278,26,6
PRO_com_128,110,107,6
PRO_com_575,56,28,6
PRO_com_370,57,12,6
PRO_com_599,48,28,6
PRO_com_385,280,18,6
PRO_com_147,135,25,6
PRO_com_30,108,30,6
PRO_com_151,198,27,6
PRO_com_154,478,28,6
PRO_com_589,94,27,6
PRO_com_519,20,13,5
PRO_com_212,152,9,5
PRO_com_444,23,23,5
PRO_com_400,11,9,5
PRO_com_512,19,15,5
PRO_com_271,551,31,5
PRO_com_10,2753,27,5
PRO_com_298,31,31,5
PRO_com_92,182,24,5
PRO_com_324,6,6,5
PRO_com_91,22,8,5
PRO_com_88,17,13,5
PRO_com_288,45,13,5
PRO_com_49,17,13,5
PRO_com_74,603,13,5
PRO_com_346,22,13,5
PRO_com_122,31,13,5
PRO_com_273,12,12,5
PRO_com_548,10,8,5
PRO_com_124,17,13,5
PRO_com_368,48,24,5
PRO_com_606,84,14,5
PRO_com_264,24,10,5
PRO_com_254,180,13,5
PRO_com_155,9,8,5
PRO_com_426,38,13,5
PRO_com_166,26,13,5
PRO_com_555,7,6,5
PRO_com_170,21,13,5
PRO_com_55,87,24,5
PRO_com_437,22,11,5
PRO_com_227,46,23,5
PRO_com_391,9,8,5
PRO_com_197,28,10,4
PRO_com_193,62,10,4
PRO_com_518,14,10,4
PRO_com_307,69,11,4
PRO_com_520,42,10,4
PRO_com_521,60,11,4
PRO_com_98,15,11,4
PRO_com_97,14,10,4
PRO_com_108,119,9,4
PRO_com_82,792,24,4
PRO_com_121,42,21,4
PRO_com_72,14,10,4
PRO_com_141,151,7,4
PRO_com_585,14,10,4
PRO_com_148,56,10,4
PRO_com_493,28,10,4
PRO_com_578,10,10,4
PRO_com_160,16,10,4
PRO_com_546,32,10,4
PRO_com_539,28,10,4
PRO_com_530,14,10,4
PRO_com_184,192,10,4
PRO_com_525,14,10,4
PRO_com_2,44,24,4
PRO_com_479,44,22,4
PRO_com_99,908,10,4
PRO_com_432,32,10,4
PRO_com_464,14,10,4
PRO_com_283,12,12,4
PRO_com_35,5,5,4
PRO_com_218,28,10,4
PRO_com_454,70,10,4
PRO_com_221,14,10,4
PRO_com_451,14,10,4
PRO_com_387,16,5,4
PRO_com_223,10,5,4
PRO_com_445,13,6,4
PRO_com_362,14,10,4
PRO_com_469,48,15,4
PRO_com_425,50,25,4
PRO_com_418,46,23,4
PRO_com_236,16,10,4
PRO_com_366,15,5,4
PRO_com_371,8,7,4
PRO_com_409,14,10,4
PRO_com_408,14,10,4
PRO_com_26,16,10,4
PRO_com_1,16,10,4
PRO_com_255,28,10,4
PRO_com_465,46,23,4
PRO_com_352,14,10,4
PRO_com_317,28,10,4
PRO_com_476,14,10,4
PRO_com_321,44,24,4
PRO_com_313,76,10,4
PRO_com_203,22,22,4
PRO_com_478,14,10,4
PRO_com_487,28,10,4
PRO_com_290,48,24,4
PRO_com_402,12,8,3
PRO_com_614,12,8,3
PRO_com_433,44,22,3
PRO_com_615,12,8,3
PRO_com_301,66,22,3
PRO_com_89,6,6,3
PRO_com_15,8,4,3
PRO_com_229,12,8,3
PRO_com_250,12,8,3
PRO_com_325,22,22,3
PRO_com_234,39,3,3
PRO_com_563,4,4,3
PRO_com_242,12,8,3
PRO_com_414,20,20,3
PRO_com_94,12,8,3
PRO_com_266,14,3,3
PRO_com_243,26,8,3
PRO_com_265,24,8,3
PRO_com_60,10,4,3
PRO_com_602,4,4,3
PRO_com_44,21,21,3
PRO_com_590,21,21,3
PRO_com_373,12,6,3
PRO_com_179,108,8,3
PRO_com_522,88,22,3
PRO_com_341,12,8,3
PRO_com_526,12,8,3
PRO_com_342,12,8,3
PRO_com_515,5,5,3
PRO_com_384,40,3,3
PRO_com_31,20,10,3
PRO_com_115,19,5,3
PRO_com_337,14,8,3
PRO_com_491,12,8,3
PRO_com_441,44,22,3
PRO_com_70,8,5,3
PRO_com_390,12,8,3
PRO_com_350,12,6,3
PRO_com_175,24,8,3
PRO_com_202,12,8,3
PRO_com_45,12,8,3
PRO_com_222,6,6,3
PRO_com_448,12,8,3
PRO_com_83,36,9,3
PRO_com_225,32,8,3
PRO_com_139,12,8,3
PRO_com_374,10,5,2
PRO_com_383,10,6,2
PRO_com_380,12,6,2
PRO_com_592,5,5,2
PRO_com_78,10,2,2
PRO_com_603,10,5,2
PRO_com_296,72,18,2
PRO_com_270,30,5,2
PRO_com_363,4,2,2
PRO_com_36,2,2,2
PRO_com_358,3,2,2
PRO_com_357,10,6,2
PRO_com_67,102,6,2
PRO_com_334,4,4,2
PRO_com_335,10,6,2
PRO_com_286,5,5,2
PRO_com_71,8,4,2
PRO_com_277,12,2,2
PRO_com_285,4,4,2
PRO_com_289,9,2,2
PRO_com_20,18,18,2
PRO_com_145,4,4,2
PRO_com_207,7,7,2
PRO_com_550,18,18,2
PRO_com_547,4,4,2
PRO_com_388,8,4,2
PRO_com_18,46,2,2
PRO_com_462,10,6,2
PRO_com_188,15,5,2
PRO_com_466,6,2,2
PRO_com_511,3,3,2
PRO_com_431,4,2,2
PRO_com_485,5,5,2
PRO_com_486,5,5,2
PRO_com_504,10,6,2
PRO_com_194,6,3,2
PRO_com_502,20,6,2
PRO_com_200,4,4,2
PRO_com_497,6,3,2
PRO_com_557,4,4,2
PRO_com_41,18,18,2
PRO_com_406,20,6,2
PRO_com_427,12,3,2
PRO_com_395,10,6,2
PRO_com_404,4,4,2
PRO_com_199,20,6,2
PRO_com_244,4,4,2
PRO_com_40,5,5,2
PRO_com_582,6,1,1
PRO_com_192,2,1,1
PRO_com_509,3,3,1
PRO_com_507,2,1,1
PRO_com_329,4,2,1
PRO_com_429,6,3,1
PRO_com_48,34,1,1
PRO_com_398,2,2,1
PRO_com_379,2,2,1
PRO_com_93,2,2,1
PRO_com_500,2,2,1
PRO_com_198,4,2,1
PRO_com_201,2,2,1
PRO_com_584,12,3,1
PRO_com_293,4,2,1
PRO_com_204,3,1,1
PRO_com_513,1,1,1
PRO_com_612,2,2,1
PRO_com_413,2,2,1
PRO_com_17,6,3,1
PRO_com_552,1,1,1
PRO_com_608,4,1,1
PRO_com_226,2,2,1
PRO_com_569,6,3,1
PRO_com_274,10,5,1
PRO_com_158,4,2,1
PRO_com_176,2,1,1
PRO_com_156,4,1,1
PRO_com_219,2,2,1
PRO_com_215,4,2,1
PRO_com_460,6,2,1
PRO_com_246,2,2,1
PRO_com_137,2,2,1
PRO_com_447,4,1,1
