module,n_BAC_comm,n_BAC_genomes,n_PRO_comm,n_PRO_genomes,BAC_communities,PRO_communities
1,7,11,4,33,BAC_28;BAC_43;BAC_114;BAC_120;BAC_194;BAC_196;BAC_198,PRO_69;PRO_295;PRO_314;PRO_315
2,1,13,2,19,BAC_0,PRO_0;PRO_123
3,8,67,5,58,BAC_1;BAC_45;BAC_72;BAC_113;BAC_123;BAC_126;BAC_188;BAC_203,PRO_183;PRO_184;PRO_292;PRO_343;PRO_438
4,8,78,10,113,BAC_9;BAC_19;BAC_26;BAC_32;BAC_34;BAC_66;BAC_90;BAC_118,PRO_18;PRO_19;PRO_46;PRO_48;PRO_63;PRO_82;PRO_154;PRO_179;PRO_180;PRO_254
5,6,12,1,14,BAC_46;BAC_87;BAC_112;BAC_156;BAC_165;BAC_211,PRO_140
6,3,1039,24,517,BAC_2;BAC_5;BAC_23,PRO_57;PRO_62;PRO_65;PRO_67;PRO_99;PRO_100;PRO_101;PRO_102;PRO_107;PRO_108;PRO_109;PRO_110;PRO_111;PRO_113;PRO_114;PRO_117;PRO_119;PRO_126;PRO_131;PRO_248;PRO_263;PRO_277;PRO_370;PRO_454
7,6,30,3,27,BAC_20;BAC_21;BAC_56;BAC_64;BAC_134;BAC_167,PRO_80;PRO_81;PRO_278
8,1,429,18,641,BAC_3,PRO_5;PRO_6;PRO_7;PRO_10;PRO_28;PRO_38;PRO_92;PRO_104;PRO_115;PRO_141;PRO_147;PRO_187;PRO_189;PRO_258;PRO_270;PRO_271;PRO_307;PRO_417
9,2,38,6,77,BAC_41;BAC_146,PRO_103;PRO_167;PRO_169;PRO_186;PRO_385;PRO_386
10,21,73,4,84,BAC_31;BAC_48;BAC_55;BAC_67;BAC_77;BAC_80;BAC_84;BAC_91;BAC_92;BAC_95;BAC_129;BAC_131;BAC_132;BAC_133;BAC_143;BAC_154;BAC_155;BAC_159;BAC_169;BAC_171;BAC_207,PRO_74;PRO_212;PRO_375;PRO_387
11,8,39,4,45,BAC_29;BAC_35;BAC_37;BAC_50;BAC_81;BAC_150;BAC_199;BAC_202,PRO_30;PRO_73;PRO_90;PRO_230
12,8,30,4,729,BAC_16;BAC_52;BAC_73;BAC_107;BAC_117;BAC_122;BAC_153;BAC_204,PRO_4;PRO_151;PRO_269;PRO_313
