node,side,module,min_hosts
BAC_0,BAC_comm,2,5
BAC_1,BAC_comm,3,5
BAC_107,BAC_comm,12,5
BAC_112,BAC_comm,5,5
BAC_113,BAC_comm,3,5
BAC_114,BAC_comm,1,5
BAC_117,BAC_comm,12,5
BAC_118,BAC_comm,4,5
BAC_120,BAC_comm,1,5
BAC_122,BAC_comm,12,5
BAC_123,BAC_comm,3,5
BAC_126,BAC_comm,3,5
BAC_129,BAC_comm,10,5
BAC_131,BAC_comm,10,5
BAC_132,BAC_comm,10,5
BAC_133,BAC_comm,10,5
BAC_134,BAC_comm,7,5
BAC_143,BAC_comm,10,5
BAC_146,BAC_comm,9,5
BAC_150,BAC_comm,11,5
BAC_153,BAC_comm,12,5
BAC_154,BAC_comm,10,5
BAC_155,BAC_comm,10,5
BAC_156,BAC_comm,5,5
BAC_159,BAC_comm,10,5
BAC_16,BAC_comm,12,5
BAC_165,BAC_comm,5,5
BAC_167,BAC_comm,7,5
BAC_169,BAC_comm,10,5
BAC_171,BAC_comm,10,5
BAC_188,BAC_comm,3,5
BAC_19,BAC_comm,4,5
BAC_194,BAC_comm,1,5
BAC_196,BAC_comm,1,5
BAC_198,BAC_comm,1,5
BAC_199,BAC_comm,11,5
BAC_2,BAC_comm,6,5
BAC_20,BAC_comm,7,5
BAC_202,BAC_comm,11,5
BAC_203,BAC_comm,3,5
BAC_204,BAC_comm,12,5
BAC_207,BAC_comm,10,5
BAC_21,BAC_comm,7,5
BAC_211,BAC_comm,5,5
BAC_23,BAC_comm,6,5
BAC_26,BAC_comm,4,5
BAC_28,BAC_comm,1,5
BAC_29,BAC_comm,11,5
BAC_3,BAC_comm,8,5
BAC_31,BAC_comm,10,5
BAC_32,BAC_comm,4,5
BAC_34,BAC_comm,4,5
BAC_35,BAC_comm,11,5
BAC_37,BAC_comm,11,5
BAC_41,BAC_comm,9,5
BAC_43,BAC_comm,1,5
BAC_45,BAC_comm,3,5
BAC_46,BAC_comm,5,5
BAC_48,BAC_comm,10,5
BAC_5,BAC_comm,6,5
BAC_50,BAC_comm,11,5
BAC_52,BAC_comm,12,5
BAC_55,BAC_comm,10,5
BAC_56,BAC_comm,7,5
BAC_64,BAC_comm,7,5
BAC_66,BAC_comm,4,5
BAC_67,BAC_comm,10,5
BAC_72,BAC_comm,3,5
BAC_73,BAC_comm,12,5
BAC_77,BAC_comm,10,5
BAC_80,BAC_comm,10,5
BAC_81,BAC_comm,11,5
BAC_84,BAC_comm,10,5
BAC_87,BAC_comm,5,5
BAC_9,BAC_comm,4,5
BAC_90,BAC_comm,4,5
BAC_91,BAC_comm,10,5
BAC_92,BAC_comm,10,5
BAC_95,BAC_comm,10,5
PRO_0,PRO_comm,2,5
PRO_10,PRO_comm,8,5
PRO_100,PRO_comm,6,5
PRO_101,PRO_comm,6,5
PRO_102,PRO_comm,6,5
PRO_103,PRO_comm,9,5
PRO_104,PRO_comm,8,5
PRO_107,PRO_comm,6,5
PRO_108,PRO_comm,6,5
PRO_109,PRO_comm,6,5
PRO_110,PRO_comm,6,5
PRO_111,PRO_comm,6,5
PRO_113,PRO_comm,6,5
PRO_114,PRO_comm,6,5
PRO_115,PRO_comm,8,5
PRO_117,PRO_comm,6,5
PRO_119,PRO_comm,6,5
PRO_123,PRO_comm,2,5
PRO_126,PRO_comm,6,5
PRO_131,PRO_comm,6,5
PRO_140,PRO_comm,5,5
PRO_141,PRO_comm,8,5
PRO_147,PRO_comm,8,5
PRO_151,PRO_comm,12,5
PRO_154,PRO_comm,4,5
PRO_167,PRO_comm,9,5
PRO_169,PRO_comm,9,5
PRO_179,PRO_comm,4,5
PRO_18,PRO_comm,4,5
PRO_180,PRO_comm,4,5
PRO_183,PRO_comm,3,5
PRO_184,PRO_comm,3,5
PRO_186,PRO_comm,9,5
PRO_187,PRO_comm,8,5
PRO_189,PRO_comm,8,5
PRO_19,PRO_comm,4,5
PRO_212,PRO_comm,10,5
PRO_230,PRO_comm,11,5
PRO_248,PRO_comm,6,5
PRO_254,PRO_comm,4,5
PRO_258,PRO_comm,8,5
PRO_263,PRO_comm,6,5
PRO_269,PRO_comm,12,5
PRO_270,PRO_comm,8,5
PRO_271,PRO_comm,8,5
PRO_277,PRO_comm,6,5
PRO_278,PRO_comm,7,5
PRO_28,PRO_comm,8,5
PRO_292,PRO_comm,3,5
PRO_295,PRO_comm,1,5
PRO_30,PRO_comm,11,5
PRO_307,PRO_comm,8,5
PRO_313,PRO_comm,12,5
PRO_314,PRO_comm,1,5
PRO_315,PRO_comm,1,5
PRO_343,PRO_comm,3,5
PRO_370,PRO_comm,6,5
PRO_375,PRO_comm,10,5
PRO_38,PRO_comm,8,5
PRO_385,PRO_comm,9,5
PRO_386,PRO_comm,9,5
PRO_387,PRO_comm,10,5
PRO_4,PRO_comm,12,5
PRO_417,PRO_comm,8,5
PRO_438,PRO_comm,3,5
PRO_454,PRO_comm,6,5
PRO_46,PRO_comm,4,5
PRO_48,PRO_comm,4,5
PRO_5,PRO_comm,8,5
PRO_57,PRO_comm,6,5
PRO_6,PRO_comm,8,5
PRO_62,PRO_comm,6,5
PRO_63,PRO_comm,4,5
PRO_65,PRO_comm,6,5
PRO_67,PRO_comm,6,5
PRO_69,PRO_comm,1,5
PRO_7,PRO_comm,8,5
PRO_73,PRO_comm,11,5
PRO_74,PRO_comm,10,5
PRO_80,PRO_comm,7,5
PRO_81,PRO_comm,7,5
PRO_82,PRO_comm,4,5
PRO_90,PRO_comm,11,5
PRO_92,PRO_comm,8,5
PRO_99,PRO_comm,6,5
