new_comm,old_comm,N,pct
BAC_com_4,BAC_com_3,217,100
BAC_com_5,BAC_com_3,212,100
BAC_com_6,BAC_com_5,72,100
BAC_com_0,BAC_com_34,42,70
BAC_com_0,BAC_com_45,14,23.3
BAC_com_0,BAC_com_140,4,6.7
BAC_com_7,BAC_com_41,30,100
BAC_com_1,BAC_com_37,19,100
BAC_com_11,BAC_com_1,19,100
BAC_com_10,BAC_com_51,14,93.3
BAC_com_10,BAC_com_83,1,6.7
BAC_com_17,BAC_com_64,15,100
BAC_com_42,BAC_com_123,14,100
BAC_com_51,BAC_com_0,13,100
BAC_com_70,BAC_com_47,12,100
BAC_com_13,BAC_com_19,11,100
BAC_com_37,BAC_com_129,9,81.8
BAC_com_37,BAC_com_171,2,18.2
BAC_com_2,BAC_com_26,10,100
