Genome_ID,Community
1004951.3.fna,0
1214153.3.fna,0
1307.1455.fna,0
1307.1465.fna,0
1307.1466.fna,0
1307.1496.fna,0
1307.1508.fna,0
1307.1523.fna,0
1307.2123.fna,0
1307.2128.fna,0
1307.2134.fna,0
1307.2225.fna,0
1307.6528.fna,0
1004952.3.fna,1
1307.1871.fna,1
1307.1872.fna,1
1307.1873.fna,1
1307.2000.fna,1
1307.2001.fna,1
1307.2002.fna,1
1307.2004.fna,1
1307.2005.fna,1
1307.2007.fna,1
1307.2016.fna,1
1307.2019.fna,1
1307.2020.fna,1
1307.2021.fna,1
1307.2022.fna,1
1307.2023.fna,1
1307.2024.fna,1
1307.2025.fna,1
1307.2026.fna,1
1005041.3.fna,2
1184252.3.fna,2
1214148.3.fna,2
1214149.3.fna,2
1214159.3.fna,2
1214160.3.fna,2
1214165.3.fna,2
1214185.3.fna,2
1214187.3.fna,2
1214212.3.fna,2
1246365.4.fna,2
1307.100.fna,2
1307.101.fna,2
1307.102.fna,2
1307.103.fna,2
1307.104.fna,2
1307.105.fna,2
1307.107.fna,2
1307.109.fna,2
1307.110.fna,2
1307.111.fna,2
1307.112.fna,2
1307.113.fna,2
1307.114.fna,2
1307.115.fna,2
1307.116.fna,2
1307.117.fna,2
1307.1318.fna,2
1307.1363.fna,2
1307.1366.fna,2
1307.1367.fna,2
1307.1374.fna,2
1307.1377.fna,2
1307.1378.fna,2
1307.1379.fna,2
1307.1386.fna,2
1307.1387.fna,2
1307.1394.fna,2
1307.1398.fna,2
1307.1402.fna,2
1307.1403.fna,2
1307.1409.fna,2
1307.1410.fna,2
1307.1413.fna,2
1307.1414.fna,2
1307.1417.fna,2
1307.1423.fna,2
1307.1429.fna,2
1307.1430.fna,2
1307.1432.fna,2
1307.1434.fna,2
1307.1438.fna,2
1307.1441.fna,2
1307.1444.fna,2
1307.1449.fna,2
1307.1453.fna,2
1307.1462.fna,2
1307.1463.fna,2
1307.1464.fna,2
1307.1467.fna,2
1307.1468.fna,2
1307.1471.fna,2
1307.1473.fna,2
1307.1474.fna,2
1307.1475.fna,2
1307.1476.fna,2
1307.1477.fna,2
1307.1478.fna,2
1307.1479.fna,2
1307.1480.fna,2
1307.1481.fna,2
1307.1482.fna,2
1307.1483.fna,2
1307.1484.fna,2
1307.1485.fna,2
1307.1486.fna,2
1307.1487.fna,2
1307.1488.fna,2
1307.1489.fna,2
1307.1490.fna,2
1307.1491.fna,2
1307.1492.fna,2
1307.1493.fna,2
1307.1494.fna,2
1307.1495.fna,2
1307.1498.fna,2
1307.1499.fna,2
1307.1500.fna,2
1307.1501.fna,2
1307.1502.fna,2
1307.1503.fna,2
1307.1505.fna,2
1307.1506.fna,2
1307.1507.fna,2
1307.1510.fna,2
1307.1512.fna,2
1307.1514.fna,2
1307.1515.fna,2
1307.1516.fna,2
1307.1517.fna,2
1307.1518.fna,2
1307.1519.fna,2
1307.1520.fna,2
1307.1521.fna,2
1307.1522.fna,2
1307.1531.fna,2
1307.1540.fna,2
1307.1587.fna,2
1307.1635.fna,2
1307.1646.fna,2
1307.1655.fna,2
1307.1804.fna,2
1307.1819.fna,2
1307.1820.fna,2
1307.1858.fna,2
1307.1910.fna,2
1307.1911.fna,2
1307.1913.fna,2
1307.1956.fna,2
1307.1965.fna,2
1307.1966.fna,2
1307.1967.fna,2
1307.1969.fna,2
1307.1971.fna,2
1307.2028.fna,2
1307.2029.fna,2
1307.2030.fna,2
1307.2031.fna,2
1307.2032.fna,2
1307.2033.fna,2
1307.2035.fna,2
1307.2047.fna,2
1307.210.fna,2
1307.212.fna,2
1307.2135.fna,2
1307.213.fna,2
1307.216.fna,2
1307.217.fna,2
1307.218.fna,2
1307.219.fna,2
1307.220.fna,2
1307.2224.fna,2
1307.222.fna,2
1307.223.fna,2
1307.224.fna,2
1307.225.fna,2
1307.226.fna,2
1307.227.fna,2
1307.228.fna,2
1307.230.fna,2
1307.233.fna,2
1307.234.fna,2
1307.236.fna,2
1307.237.fna,2
1307.239.fna,2
1307.2407.fna,2
1307.2409.fna,2
1307.240.fna,2
1307.2410.fna,2
1307.2414.fna,2
1307.2417.fna,2
1307.242.fna,2
1307.243.fna,2
1307.2446.fna,2
1307.2448.fna,2
1307.244.fna,2
1307.2450.fna,2
1307.2451.fna,2
1307.2452.fna,2
1307.246.fna,2
1307.247.fna,2
1307.250.fna,2
1307.252.fna,2
1307.2543.fna,2
1307.2544.fna,2
1307.2545.fna,2
1307.254.fna,2
1307.256.fna,2
1307.257.fna,2
1307.259.fna,2
1307.261.fna,2
1307.262.fna,2
1307.263.fna,2
1307.264.fna,2
1307.266.fna,2
1307.267.fna,2
1307.2685.fna,2
1307.268.fna,2
1307.2691.fna,2
1307.2695.fna,2
1307.2696.fna,2
1307.2697.fna,2
1307.269.fna,2
1307.270.fna,2
1307.271.fna,2
1307.273.fna,2
1307.274.fna,2
1307.277.fna,2
1307.278.fna,2
1307.2793.fna,2
1307.2796.fna,2
1307.280.fna,2
1307.282.fna,2
1307.283.fna,2
1307.2840.fna,2
1307.2842.fna,2
1307.285.fna,2
1307.286.fna,2
1307.287.fna,2
1307.289.fna,2
1307.291.fna,2
1307.292.fna,2
1307.293.fna,2
1307.294.fna,2
1307.295.fna,2
1307.297.fna,2
1307.298.fna,2
1307.299.fna,2
1307.300.fna,2
1307.301.fna,2
1307.302.fna,2
1307.3034.fna,2
1307.3037.fna,2
1307.304.fna,2
1307.305.fna,2
1307.306.fna,2
1307.3079.fna,2
1307.307.fna,2
1307.308.fna,2
1307.3099.fna,2
1307.3101.fna,2
1307.3105.fna,2
1307.310.fna,2
1307.3115.fna,2
1307.3116.fna,2
1307.3117.fna,2
1307.3118.fna,2
1307.3120.fna,2
1307.3121.fna,2
1307.3124.fna,2
1307.3125.fna,2
1307.3126.fna,2
1307.3127.fna,2
1307.3128.fna,2
1307.3129.fna,2
1307.312.fna,2
1307.3130.fna,2
1307.3132.fna,2
1307.3133.fna,2
1307.3134.fna,2
1307.3135.fna,2
1307.3136.fna,2
1307.3137.fna,2
1307.3138.fna,2
1307.3139.fna,2
1307.3141.fna,2
1307.3146.fna,2
1307.314.fna,2
1307.3159.fna,2
1307.315.fna,2
1307.3162.fna,2
1307.3163.fna,2
1307.3169.fna,2
1307.316.fna,2
1307.3170.fna,2
1307.3171.fna,2
1307.3172.fna,2
1307.3173.fna,2
1307.319.fna,2
1307.321.fna,2
1307.323.fna,2
1307.324.fna,2
1307.325.fna,2
1307.326.fna,2
1307.328.fna,2
1307.329.fna,2
1307.330.fna,2
1307.331.fna,2
1307.332.fna,2
1307.333.fna,2
1307.334.fna,2
1307.336.fna,2
1307.337.fna,2
1307.338.fna,2
1307.339.fna,2
1307.340.fna,2
1307.342.fna,2
1307.3434.fna,2
1307.344.fna,2
1307.346.fna,2
1307.349.fna,2
1307.3500.fna,2
1307.3502.fna,2
1307.3503.fna,2
1307.3504.fna,2
1307.3505.fna,2
1307.3506.fna,2
1307.3507.fna,2
1307.3508.fna,2
1307.351.fna,2
1307.352.fna,2
1307.3546.fna,2
1307.3548.fna,2
1307.3549.fna,2
1307.354.fna,2
1307.3552.fna,2
1307.3555.fna,2
1307.3556.fna,2
1307.3557.fna,2
1307.3559.fna,2
1307.355.fna,2
1307.3560.fna,2
1307.3561.fna,2
1307.3562.fna,2
1307.3563.fna,2
1307.3565.fna,2
1307.3566.fna,2
1307.3567.fna,2
1307.3570.fna,2
1307.3571.fna,2
1307.3572.fna,2
1307.3573.fna,2
1307.3574.fna,2
1307.3575.fna,2
1307.3576.fna,2
1307.3577.fna,2
1307.3578.fna,2
1307.357.fna,2
1307.3580.fna,2
1307.3581.fna,2
1307.3582.fna,2
1307.3583.fna,2
1307.3585.fna,2
1307.3587.fna,2
1307.3588.fna,2
1307.3589.fna,2
1307.358.fna,2
1307.3590.fna,2
1307.3591.fna,2
1307.3592.fna,2
1307.3593.fna,2
1307.3595.fna,2
1307.3596.fna,2
1307.3598.fna,2
1307.359.fna,2
1307.3601.fna,2
1307.362.fna,2
1307.363.fna,2
1307.364.fna,2
1307.365.fna,2
1307.3663.fna,2
1307.3664.fna,2
1307.3665.fna,2
1307.3666.fna,2
1307.3667.fna,2
1307.3668.fna,2
1307.3669.fna,2
1307.366.fna,2
1307.3670.fna,2
1307.367.fna,2
1307.368.fna,2
1307.369.fna,2
1307.370.fna,2
1307.371.fna,2
1307.372.fna,2
1307.373.fna,2
1307.377.fna,2
1307.378.fna,2
1307.379.fna,2
1307.380.fna,2
1307.382.fna,2
1307.383.fna,2
1307.385.fna,2
1307.387.fna,2
1307.390.fna,2
1307.3911.fna,2
1307.392.fna,2
1307.3933.fna,2
1307.393.fna,2
1307.3948.fna,2
1307.3949.fna,2
1307.394.fna,2
1307.3950.fna,2
1307.3951.fna,2
1307.3953.fna,2
1307.3954.fna,2
1307.395.fna,2
1307.396.fna,2
1307.397.fna,2
1307.400.fna,2
1307.401.fna,2
1307.406.fna,2
1307.407.fna,2
1307.408.fna,2
1307.410.fna,2
1307.412.fna,2
1307.413.fna,2
1307.4140.fna,2
1307.4145.fna,2
1307.415.fna,2
1307.4163.fna,2
1307.418.fna,2
1307.4192.fna,2
1307.4196.fna,2
1307.4198.fna,2
1307.4199.fna,2
1307.419.fna,2
1307.420.fna,2
1307.421.fna,2
1307.422.fna,2
1307.423.fna,2
1307.424.fna,2
1307.425.fna,2
1307.428.fna,2
1307.429.fna,2
1307.431.fna,2
1307.433.fna,2
1307.436.fna,2
1307.437.fna,2
1307.439.fna,2
1307.440.fna,2
1307.442.fna,2
1307.443.fna,2
1307.444.fna,2
1307.445.fna,2
1307.446.fna,2
1307.448.fna,2
1307.450.fna,2
1307.452.fna,2
1307.453.fna,2
1307.454.fna,2
1307.455.fna,2
1307.456.fna,2
1307.457.fna,2
1307.460.fna,2
1307.461.fna,2
1307.462.fna,2
1307.463.fna,2
1307.464.fna,2
1307.469.fna,2
1307.471.fna,2
1307.476.fna,2
1307.477.fna,2
1307.478.fna,2
1307.479.fna,2
1307.480.fna,2
1307.481.fna,2
1307.482.fna,2
1307.483.fna,2
1307.485.fna,2
1307.4878.fna,2
1307.487.fna,2
1307.4880.fna,2
1307.4881.fna,2
1307.4883.fna,2
1307.4884.fna,2
1307.4885.fna,2
1307.4887.fna,2
1307.4888.fna,2
1307.4889.fna,2
1307.488.fna,2
1307.4890.fna,2
1307.4891.fna,2
1307.4892.fna,2
1307.4893.fna,2
1307.4894.fna,2
1307.4895.fna,2
1307.4896.fna,2
1307.4897.fna,2
1307.4898.fna,2
1307.4899.fna,2
1307.489.fna,2
1307.4900.fna,2
1307.4901.fna,2
1307.4902.fna,2
1307.4903.fna,2
1307.4904.fna,2
1307.4905.fna,2
1307.4906.fna,2
1307.4907.fna,2
1307.4908.fna,2
1307.4909.fna,2
1307.490.fna,2
1307.4910.fna,2
1307.4911.fna,2
1307.4912.fna,2
1307.4913.fna,2
1307.4914.fna,2
1307.4915.fna,2
1307.4916.fna,2
1307.4917.fna,2
1307.4918.fna,2
1307.4919.fna,2
1307.491.fna,2
1307.4920.fna,2
1307.4921.fna,2
1307.4922.fna,2
1307.4923.fna,2
1307.4924.fna,2
1307.4925.fna,2
1307.4926.fna,2
1307.4927.fna,2
1307.4928.fna,2
1307.4929.fna,2
1307.492.fna,2
1307.4930.fna,2
1307.4931.fna,2
1307.4932.fna,2
1307.4933.fna,2
1307.4934.fna,2
1307.4935.fna,2
1307.4936.fna,2
1307.4937.fna,2
1307.4938.fna,2
1307.4939.fna,2
1307.493.fna,2
1307.4940.fna,2
1307.4941.fna,2
1307.4942.fna,2
1307.4943.fna,2
1307.4944.fna,2
1307.4945.fna,2
1307.4946.fna,2
1307.4947.fna,2
1307.4948.fna,2
1307.4949.fna,2
1307.4950.fna,2
1307.4951.fna,2
1307.4952.fna,2
1307.4953.fna,2
1307.4954.fna,2
1307.4955.fna,2
1307.4956.fna,2
1307.4957.fna,2
1307.4958.fna,2
1307.4959.fna,2
1307.4960.fna,2
1307.4961.fna,2
1307.4962.fna,2
1307.4963.fna,2
1307.4964.fna,2
1307.4965.fna,2
1307.4966.fna,2
1307.4967.fna,2
1307.4968.fna,2
1307.4969.fna,2
1307.496.fna,2
1307.4970.fna,2
1307.4971.fna,2
1307.4972.fna,2
1307.4973.fna,2
1307.4974.fna,2
1307.4975.fna,2
1307.4976.fna,2
1307.4977.fna,2
1307.497.fna,2
1307.4984.fna,2
1307.4985.fna,2
1307.498.fna,2
1307.4990.fna,2
1307.4995.fna,2
1307.4996.fna,2
1307.4998.fna,2
1307.4999.fna,2
1307.499.fna,2
1307.5003.fna,2
1307.5008.fna,2
1307.5009.fna,2
1307.5010.fna,2
1307.5011.fna,2
1307.501.fna,2
1307.503.fna,2
1307.5050.fna,2
1307.5053.fna,2
1307.5055.fna,2
1307.5057.fna,2
1307.5058.fna,2
1307.5059.fna,2
1307.505.fna,2
1307.5060.fna,2
1307.5061.fna,2
1307.5062.fna,2
1307.5063.fna,2
1307.5064.fna,2
1307.5065.fna,2
1307.5067.fna,2
1307.5069.fna,2
1307.506.fna,2
1307.5070.fna,2
1307.5071.fna,2
1307.5072.fna,2
1307.5073.fna,2
1307.5074.fna,2
1307.5076.fna,2
1307.5078.fna,2
1307.507.fna,2
1307.5080.fna,2
1307.5082.fna,2
1307.5083.fna,2
1307.5084.fna,2
1307.5085.fna,2
1307.5086.fna,2
1307.5087.fna,2
1307.5089.fna,2
1307.5090.fna,2
1307.5091.fna,2
1307.5092.fna,2
1307.5093.fna,2
1307.5094.fna,2
1307.5096.fna,2
1307.5123.fna,2
1307.5124.fna,2
1307.5125.fna,2
1307.5126.fna,2
1307.5127.fna,2
1307.5129.fna,2
1307.512.fna,2
1307.5130.fna,2
1307.5131.fna,2
1307.513.fna,2
1307.515.fna,2
1307.517.fna,2
1307.519.fna,2
1307.5294.fna,2
1307.5301.fna,2
1307.5303.fna,2
1307.5304.fna,2
1307.5305.fna,2
1307.5309.fna,2
1307.5311.fna,2
1307.5312.fna,2
1307.5313.fna,2
1307.5315.fna,2
1307.5323.fna,2
1307.5329.fna,2
1307.5330.fna,2
1307.5539.fna,2
1307.5541.fna,2
1307.5543.fna,2
1307.5544.fna,2
1307.5610.fna,2
1307.5612.fna,2
1307.5613.fna,2
1307.5627.fna,2
1307.5637.fna,2
1307.5638.fna,2
1307.5640.fna,2
1307.567.fna,2
1307.570.fna,2
1307.572.fna,2
1307.573.fna,2
1307.574.fna,2
1307.575.fna,2
1307.5763.fna,2
1307.5765.fna,2
1307.576.fna,2
1307.577.fna,2
1307.583.fna,2
1307.584.fna,2
1307.5850.fna,2
1307.5851.fna,2
1307.5852.fna,2
1307.585.fna,2
1307.587.fna,2
1307.588.fna,2
1307.590.fna,2
1307.5916.fna,2
1307.5917.fna,2
1307.592.fna,2
1307.593.fna,2
1307.594.fna,2
1307.5968.fna,2
1307.5969.fna,2
1307.596.fna,2
1307.598.fna,2
1307.5998.fna,2
1307.5999.fna,2
1307.6000.fna,2
1307.6001.fna,2
1307.6002.fna,2
1307.6003.fna,2
1307.6004.fna,2
1307.6005.fna,2
1307.600.fna,2
1307.601.fna,2
1307.602.fna,2
1307.603.fna,2
1307.606.fna,2
1307.619.fna,2
1307.624.fna,2
1307.625.fna,2
1307.626.fna,2
1307.627.fna,2
1307.628.fna,2
1307.629.fna,2
1307.630.fna,2
1307.631.fna,2
1307.633.fna,2
1307.634.fna,2
1307.636.fna,2
1307.637.fna,2
1307.638.fna,2
1307.639.fna,2
1307.640.fna,2
1307.641.fna,2
1307.645.fna,2
1307.647.fna,2
1307.648.fna,2
1307.649.fna,2
1307.650.fna,2
1307.651.fna,2
1307.6522.fna,2
1307.6523.fna,2
1307.6525.fna,2
1307.6526.fna,2
1307.6527.fna,2
1307.652.fna,2
1307.6531.fna,2
1307.653.fna,2
1307.654.fna,2
1307.656.fna,2
1307.657.fna,2
1307.658.fna,2
1307.659.fna,2
1307.660.fna,2
1307.661.fna,2
1307.662.fna,2
1307.666.fna,2
1307.668.fna,2
1307.670.fna,2
1307.671.fna,2
1307.672.fna,2
1307.673.fna,2
1307.674.fna,2
1307.677.fna,2
1307.678.fna,2
1307.682.fna,2
1307.683.fna,2
1307.685.fna,2
1307.686.fna,2
1307.687.fna,2
1307.688.fna,2
1307.689.fna,2
1307.690.fna,2
1307.693.fna,2
1307.698.fna,2
1307.700.fna,2
1307.701.fna,2
1307.703.fna,2
1307.704.fna,2
1307.706.fna,2
1307.708.fna,2
1307.709.fna,2
1307.710.fna,2
1307.711.fna,2
1307.712.fna,2
1307.714.fna,2
1307.715.fna,2
1307.716.fna,2
1307.717.fna,2
1307.718.fna,2
1307.719.fna,2
1307.720.fna,2
1307.721.fna,2
1307.722.fna,2
1307.723.fna,2
1307.724.fna,2
1307.725.fna,2
1307.726.fna,2
1307.727.fna,2
1307.728.fna,2
1307.729.fna,2
1307.730.fna,2
1307.731.fna,2
1307.732.fna,2
1307.733.fna,2
1307.734.fna,2
1307.735.fna,2
1307.736.fna,2
1307.737.fna,2
1307.738.fna,2
1307.739.fna,2
1307.740.fna,2
1307.742.fna,2
1307.743.fna,2
1307.744.fna,2
1307.745.fna,2
1307.746.fna,2
1307.750.fna,2
1307.751.fna,2
1307.752.fna,2
1307.755.fna,2
1307.756.fna,2
1307.757.fna,2
1307.758.fna,2
1307.761.fna,2
1307.762.fna,2
1307.763.fna,2
1307.764.fna,2
1307.772.fna,2
1307.773.fna,2
1307.774.fna,2
1307.776.fna,2
1307.777.fna,2
1307.778.fna,2
1307.779.fna,2
1307.780.fna,2
1307.781.fna,2
1307.786.fna,2
1307.787.fna,2
1307.788.fna,2
1307.791.fna,2
1307.792.fna,2
1307.795.fna,2
1307.796.fna,2
1307.797.fna,2
1307.798.fna,2
1307.800.fna,2
1307.801.fna,2
1307.802.fna,2
1307.803.fna,2
1307.804.fna,2
1307.805.fna,2
1307.810.fna,2
1307.811.fna,2
1307.812.fna,2
1307.813.fna,2
1307.814.fna,2
1307.817.fna,2
1307.818.fna,2
1307.819.fna,2
1307.820.fna,2
1307.821.fna,2
1307.822.fna,2
1307.823.fna,2
1307.827.fna,2
1307.828.fna,2
1307.829.fna,2
1307.836.fna,2
1307.837.fna,2
1307.838.fna,2
1307.839.fna,2
1307.840.fna,2
1307.845.fna,2
1307.847.fna,2
1307.850.fna,2
1307.851.fna,2
1307.852.fna,2
1307.853.fna,2
1307.854.fna,2
1307.855.fna,2
1307.858.fna,2
1307.859.fna,2
1307.861.fna,2
1307.862.fna,2
1307.863.fna,2
1307.864.fna,2
1307.865.fna,2
1307.866.fna,2
1307.867.fna,2
1307.868.fna,2
1307.869.fna,2
1307.871.fna,2
1307.872.fna,2
1307.873.fna,2
1307.874.fna,2
1307.875.fna,2
1307.876.fna,2
1307.877.fna,2
1307.878.fna,2
1307.879.fna,2
1307.880.fna,2
1307.881.fna,2
1307.882.fna,2
1307.883.fna,2
1307.884.fna,2
1307.885.fna,2
1307.888.fna,2
1307.890.fna,2
1307.892.fna,2
1307.893.fna,2
1307.894.fna,2
1307.895.fna,2
1307.896.fna,2
1307.897.fna,2
1307.898.fna,2
1307.899.fna,2
1307.900.fna,2
1307.901.fna,2
1307.902.fna,2
1307.903.fna,2
1307.906.fna,2
1307.908.fna,2
1307.909.fna,2
1307.90.fna,2
1307.910.fna,2
1307.911.fna,2
1307.912.fna,2
1307.913.fna,2
1307.917.fna,2
1307.91.fna,2
1307.920.fna,2
1307.921.fna,2
1307.924.fna,2
1307.927.fna,2
1307.929.fna,2
1307.92.fna,2
1307.931.fna,2
1307.932.fna,2
1307.934.fna,2
1307.935.fna,2
1307.942.fna,2
1307.943.fna,2
1307.944.fna,2
1307.945.fna,2
1307.946.fna,2
1307.947.fna,2
1307.948.fna,2
1307.94.fna,2
1307.951.fna,2
1307.954.fna,2
1307.955.fna,2
1307.956.fna,2
1307.957.fna,2
1307.958.fna,2
1307.959.fna,2
1307.962.fna,2
1307.964.fna,2
1307.966.fna,2
1307.967.fna,2
1307.968.fna,2
1307.969.fna,2
1307.96.fna,2
1307.970.fna,2
1307.972.fna,2
1307.973.fna,2
1307.974.fna,2
1307.975.fna,2
1307.978.fna,2
1307.979.fna,2
1307.97.fna,2
1307.980.fna,2
1307.981.fna,2
1307.984.fna,2
1307.987.fna,2
1307.988.fna,2
1307.989.fna,2
1307.98.fna,2
1307.990.fna,2
1307.991.fna,2
1307.992.fna,2
1307.993.fna,2
1307.99.fna,2
1380773.5.fna,2
1416913.4.fna,2
218494.6.fna,2
391296.8.fna,2
423211.3.fna,2
568813.3.fna,2
568814.3.fna,2
945704.3.fna,2
993512.3.fna,2
1307.1504.fna,2
1005042.3.fna,3
1007064.3.fna,3
1214151.3.fna,3
1214151.4.fna,3
1214176.3.fna,3
1214182.3.fna,3
1214191.3.fna,3
1214201.3.fna,3
1214214.3.fna,3
1307.1317.fna,3
1307.1369.fna,3
1307.1408.fna,3
1307.1431.fna,3
1307.1472.fna,3
1307.1509.fna,3
1307.1511.fna,3
1307.1513.fna,3
1307.1634.fna,3
1307.1656.fna,3
1307.1993.fna,3
1307.1996.fna,3
1307.1997.fna,3
1307.2013.fna,3
1307.2046.fna,3
1307.2082.fna,3
1307.2122.fna,3
1307.2124.fna,3
1307.2133.fna,3
1307.215.fna,3
1307.232.fna,3
1307.235.fna,3
1307.2411.fna,3
1307.2416.fna,3
1307.241.fna,3
1307.2433.fna,3
1307.249.fna,3
1307.2558.fna,3
1307.2559.fna,3
1307.2560.fna,3
1307.2561.fna,3
1307.2562.fna,3
1307.2563.fna,3
1307.2564.fna,3
1307.2565.fna,3
1307.2566.fna,3
1307.2567.fna,3
1307.2568.fna,3
1307.2569.fna,3
1307.2570.fna,3
1307.2571.fna,3
1307.2572.fna,3
1307.2573.fna,3
1307.2574.fna,3
1307.2575.fna,3
1307.2576.fna,3
1307.2577.fna,3
1307.2578.fna,3
1307.2579.fna,3
1307.2580.fna,3
1307.2581.fna,3
1307.2582.fna,3
1307.2583.fna,3
1307.2584.fna,3
1307.2585.fna,3
1307.2586.fna,3
1307.2587.fna,3
1307.2588.fna,3
1307.2589.fna,3
1307.2590.fna,3
1307.2591.fna,3
1307.2592.fna,3
1307.2593.fna,3
1307.2594.fna,3
1307.2595.fna,3
1307.2596.fna,3
1307.2597.fna,3
1307.2598.fna,3
1307.2599.fna,3
1307.2600.fna,3
1307.2601.fna,3
1307.2602.fna,3
1307.2603.fna,3
1307.2604.fna,3
1307.2605.fna,3
1307.2606.fna,3
1307.2607.fna,3
1307.2680.fna,3
1307.2681.fna,3
1307.272.fna,3
1307.276.fna,3
1307.2781.fna,3
1307.2790.fna,3
1307.2791.fna,3
1307.2792.fna,3
1307.2794.fna,3
1307.2795.fna,3
1307.279.fna,3
1307.281.fna,3
1307.2841.fna,3
1307.2843.fna,3
1307.2844.fna,3
1307.2845.fna,3
1307.296.fna,3
1307.3032.fna,3
1307.3033.fna,3
1307.3098.fna,3
1307.309.fna,3
1307.3100.fna,3
1307.3102.fna,3
1307.3103.fna,3
1307.3104.fna,3
1307.3106.fna,3
1307.3107.fna,3
1307.3108.fna,3
1307.3109.fna,3
1307.3110.fna,3
1307.3111.fna,3
1307.3113.fna,3
1307.3114.fna,3
1307.3119.fna,3
1307.311.fna,3
1307.3122.fna,3
1307.3123.fna,3
1307.3131.fna,3
1307.3140.fna,3
1307.3142.fna,3
1307.3143.fna,3
1307.3144.fna,3
1307.3145.fna,3
1307.3147.fna,3
1307.3148.fna,3
1307.3149.fna,3
1307.3150.fna,3
1307.3151.fna,3
1307.3152.fna,3
1307.3153.fna,3
1307.3154.fna,3
1307.3155.fna,3
1307.3156.fna,3
1307.3157.fna,3
1307.3158.fna,3
1307.3160.fna,3
1307.3161.fna,3
1307.3164.fna,3
1307.3165.fna,3
1307.3166.fna,3
1307.3168.fna,3
1307.341.fna,3
1307.3421.fna,3
1307.3424.fna,3
1307.3438.fna,3
1307.3441.fna,3
1307.345.fna,3
1307.3496.fna,3
1307.3501.fna,3
1307.350.fna,3
1307.3545.fna,3
1307.3547.fna,3
1307.3550.fna,3
1307.3551.fna,3
1307.3553.fna,3
1307.3554.fna,3
1307.3558.fna,3
1307.3564.fna,3
1307.3568.fna,3
1307.3569.fna,3
1307.3584.fna,3
1307.3586.fna,3
1307.3594.fna,3
1307.3597.fna,3
1307.3600.fna,3
1307.361.fna,3
1307.374.fna,3
1307.375.fna,3
1307.381.fna,3
1307.391.fna,3
1307.399.fna,3
1307.402.fna,3
1307.403.fna,3
1307.411.fna,3
1307.4134.fna,3
1307.4135.fna,3
1307.4136.fna,3
1307.4137.fna,3
1307.4139.fna,3
1307.4141.fna,3
1307.4143.fna,3
1307.4144.fna,3
1307.4146.fna,3
1307.414.fna,3
1307.4150.fna,3
1307.4152.fna,3
1307.4154.fna,3
1307.4155.fna,3
1307.4157.fna,3
1307.4158.fna,3
1307.4160.fna,3
1307.4161.fna,3
1307.4165.fna,3
1307.4166.fna,3
1307.4167.fna,3
1307.4168.fna,3
1307.4169.fna,3
1307.416.fna,3
1307.4170.fna,3
1307.4171.fna,3
1307.4172.fna,3
1307.4173.fna,3
1307.4174.fna,3
1307.4175.fna,3
1307.4176.fna,3
1307.4177.fna,3
1307.4178.fna,3
1307.4179.fna,3
1307.417.fna,3
1307.4180.fna,3
1307.4181.fna,3
1307.4182.fna,3
1307.4183.fna,3
1307.4184.fna,3
1307.4185.fna,3
1307.4186.fna,3
1307.4188.fna,3
1307.4193.fna,3
1307.4195.fna,3
1307.438.fna,3
1307.449.fna,3
1307.458.fna,3
1307.466.fna,3
1307.467.fna,3
1307.468.fna,3
1307.470.fna,3
1307.474.fna,3
1307.4877.fna,3
1307.4882.fna,3
1307.495.fna,3
1307.4979.fna,3
1307.4980.fna,3
1307.4981.fna,3
1307.4982.fna,3
1307.4987.fna,3
1307.4988.fna,3
1307.4994.fna,3
1307.5000.fna,3
1307.5001.fna,3
1307.5002.fna,3
1307.5005.fna,3
1307.5006.fna,3
1307.5007.fna,3
1307.500.fna,3
1307.5025.fna,3
1307.5033.fna,3
1307.5039.fna,3
1307.5041.fna,3
1307.5042.fna,3
1307.5043.fna,3
1307.5044.fna,3
1307.5045.fna,3
1307.5047.fna,3
1307.5049.fna,3
1307.504.fna,3
1307.5051.fna,3
1307.5052.fna,3
1307.5056.fna,3
1307.5075.fna,3
1307.5077.fna,3
1307.5079.fna,3
1307.5081.fna,3
1307.5095.fna,3
1307.5128.fna,3
1307.5293.fna,3
1307.5297.fna,3
1307.5300.fna,3
1307.5302.fna,3
1307.5306.fna,3
1307.5310.fna,3
1307.5316.fna,3
1307.5317.fna,3
1307.5319.fna,3
1307.5320.fna,3
1307.5321.fna,3
1307.5326.fna,3
1307.5327.fna,3
1307.5328.fna,3
1307.5331.fna,3
1307.5540.fna,3
1307.5542.fna,3
1307.5545.fna,3
1307.5583.fna,3
1307.5605.fna,3
1307.5606.fna,3
1307.5614.fna,3
1307.5630.fna,3
1307.5631.fna,3
1307.5632.fna,3
1307.565.fna,3
1307.568.fna,3
1307.571.fna,3
1307.5757.fna,3
1307.5758.fna,3
1307.5759.fna,3
1307.5760.fna,3
1307.5761.fna,3
1307.5762.fna,3
1307.5764.fna,3
1307.5766.fna,3
1307.580.fna,3
1307.582.fna,3
1307.5888.fna,3
1307.591.fna,3
1307.5967.fna,3
1307.597.fna,3
1307.5997.fna,3
1307.599.fna,3
1307.607.fna,3
1307.613.fna,3
1307.616.fna,3
1307.620.fna,3
1307.621.fna,3
1307.623.fna,3
1307.642.fna,3
1307.644.fna,3
1307.6529.fna,3
1307.6540.fna,3
1307.6543.fna,3
1307.663.fna,3
1307.669.fna,3
1307.675.fna,3
1307.680.fna,3
1307.681.fna,3
1307.691.fna,3
1307.694.fna,3
1307.705.fna,3
1307.748.fna,3
1307.749.fna,3
1307.766.fna,3
1307.782.fna,3
1307.785.fna,3
1307.790.fna,3
1307.808.fna,3
1307.809.fna,3
1307.826.fna,3
1307.830.fna,3
1307.832.fna,3
1307.835.fna,3
1307.842.fna,3
1307.843.fna,3
1307.846.fna,3
1307.848.fna,3
1307.849.fna,3
1307.870.fna,3
1307.891.fna,3
1307.904.fna,3
1307.914.fna,3
1307.918.fna,3
1307.919.fna,3
1307.933.fna,3
1307.936.fna,3
1307.95.fna,3
1307.960.fna,3
1307.961.fna,3
1307.963.fna,3
1307.965.fna,3
1307.971.fna,3
1307.982.fna,3
1307.983.fna,3
1307.986.fna,3
1380773.3.fna,3
1380773.4.fna,3
1380773.6.fna,3
286604.5.fna,3
672190.3.fna,3
1307.3112.fna,3
1307.3167.fna,3
1307.3175.fna,3
1307.3430.fna,3
1307.3431.fna,3
1307.3432.fna,3
1307.3433.fna,3
1307.3435.fna,3
1307.3436.fna,3
1307.3509.fna,3
1307.5586.fna,3
1307.5588.fna,3
1307.5597.fna,3
1214169.3.fna,3
1307.5574.fna,3
1307.5575.fna,3
1307.5576.fna,3
1307.5577.fna,3
1307.5578.fna,3
1307.5589.fna,3
1307.5590.fna,3
1307.5591.fna,3
1307.5592.fna,3
1307.5593.fna,3
1307.5595.fna,3
1307.5579.fna,3
1307.5580.fna,3
1307.5581.fna,3
1307.5582.fna,3
1307.5596.fna,3
1214162.3.fna,3
1214163.3.fna,3
1214164.3.fna,3
1307.1497.fna,3
1307.1892.fna,3
1307.1900.fna,3
1307.1963.fna,3
1307.2405.fna,3
1307.2787.fna,3
1307.388.fna,3
1307.4133.fna,3
1307.4149.fna,3
1307.4151.fna,3
1307.4153.fna,3
1307.472.fna,3
1307.4997.fna,3
1307.5307.fna,3
1307.5308.fna,3
1307.5977.fna,3
1307.950.fna,3
1307.2684.fna,3
1307.2766.fna,3
1307.4147.fna,3
1307.4148.fna,3
1307.5299.fna,3
1307.5322.fna,3
1307.2775.fna,3
1214150.3.fna,4
1214152.3.fna,5
1214183.3.fna,5
1214188.3.fna,5
1307.1393.fna,5
1307.1439.fna,5
1307.1470.fna,5
1307.2119.fna,5
1307.221.fna,5
1307.238.fna,5
1307.245.fna,5
1307.2772.fna,5
1307.288.fna,5
1307.313.fna,5
1307.318.fna,5
1307.353.fna,5
1307.3544.fna,5
1307.376.fna,5
1307.384.fna,5
1307.4156.fna,5
1307.4159.fna,5
1307.4162.fna,5
1307.4164.fna,5
1307.4187.fna,5
1307.4189.fna,5
1307.4190.fna,5
1307.4191.fna,5
1307.459.fna,5
1307.484.fna,5
1307.4992.fna,5
1307.5022.fna,5
1307.5023.fna,5
1307.5024.fna,5
1307.5026.fna,5
1307.5027.fna,5
1307.5028.fna,5
1307.5029.fna,5
1307.5030.fna,5
1307.5031.fna,5
1307.5032.fna,5
1307.5034.fna,5
1307.5035.fna,5
1307.5036.fna,5
1307.5037.fna,5
1307.5038.fna,5
1307.5040.fna,5
1307.5046.fna,5
1307.5048.fna,5
1307.5066.fna,5
1307.516.fna,5
1307.5607.fna,5
1307.589.fna,5
1307.608.fna,5
1307.646.fna,5
1307.6521.fna,5
1307.6524.fna,5
1307.6536.fna,5
1307.676.fna,5
1307.697.fna,5
1307.759.fna,5
1307.768.fna,5
1307.784.fna,5
1307.793.fna,5
1307.844.fna,5
1307.860.fna,5
1307.887.fna,5
1307.928.fna,5
1307.93.fna,5
1307.940.fna,5
1307.953.fna,5
1307.976.fna,5
1307.977.fna,5
1340847.3.fna,5
1214154.3.fna,6
1214155.3.fna,7
1214194.3.fna,7
1307.605.fna,7
1307.609.fna,7
1307.695.fna,7
1307.825.fna,7
1214156.3.fna,8
1214157.3.fna,9
1214158.3.fna,10
1214161.3.fna,11
1214166.3.fna,12
1214167.3.fna,13
1214168.3.fna,14
1214170.3.fna,15
1214171.3.fna,16
1307.1323.fna,16
1307.1530.fna,16
1307.3010.fna,16
1307.3422.fna,16
1307.5004.fna,16
1307.5021.fna,16
1307.5088.fna,16
1307.5298.fna,16
1307.5314.fna,16
1214172.3.fna,17
1214173.3.fna,18
1214174.3.fna,19
1307.5624.fna,19
1307.1862.fna,19
1307.1866.fna,19
1307.1917.fna,19
1307.1972.fna,19
1307.1987.fna,19
1307.1990.fna,19
1307.1991.fna,19
1307.2009.fna,19
1307.4886.fna,19
1214175.3.fna,20
1307.2692.fna,20
1307.3952.fna,20
1214177.3.fna,21
1214200.3.fna,21
1307.3476.fna,21
1307.5629.fna,21
1214178.3.fna,22
1214179.3.fna,23
1214179.4.fna,23
1214180.3.fna,23
1307.5633.fna,23
1214181.3.fna,24
1307.2120.fna,24
1307.2121.fna,24
1307.2127.fna,24
1307.2132.fna,24
1307.253.fna,24
1307.581.fna,24
1307.915.fna,24
1307.949.fna,24
1214184.3.fna,25
1307.404.fna,25
1307.702.fna,25
1214186.3.fna,26
1214197.3.fna,26
1214203.3.fna,26
1214207.3.fna,26
1214211.3.fna,26
1307.1907.fna,26
1307.1908.fna,26
1307.1922.fna,26
1307.3487.fna,26
1307.3488.fna,26
1214189.3.fna,27
1214190.3.fna,28
1214192.3.fna,29
1214205.3.fna,29
1214206.3.fna,29
1214195.3.fna,29
1214218.3.fna,29
1323698.3.fna,29
1214193.3.fna,30
1214217.3.fna,30
1323690.3.fna,30
1323708.3.fna,30
1214196.3.fna,31
1214198.3.fna,32
1307.1857.fna,32
1307.1859.fna,32
1307.1940.fna,32
1214199.3.fna,33
1214202.3.fna,34
1307.1821.fna,34
1307.1839.fna,34
1307.1840.fna,34
1307.1842.fna,34
1307.1845.fna,34
1307.1848.fna,34
1307.1894.fna,34
1307.1898.fna,34
1307.1919.fna,34
1307.1932.fna,34
1307.1958.fna,34
1307.1961.fna,34
1307.1976.fna,34
1307.1994.fna,34
1307.3939.fna,34
1307.3943.fna,34
1307.3944.fna,34
1276647.3.fna,34
1307.2678.fna,34
1307.2687.fna,34
1307.569.fna,34
1307.692.fna,34
1307.3910.fna,34
1307.1860.fna,34
1307.1863.fna,34
1307.1867.fna,34
1307.1868.fna,34
1307.1929.fna,34
1307.1931.fna,34
1307.1942.fna,34
1307.1943.fna,34
1307.1944.fna,34
1307.1947.fna,34
1307.1948.fna,34
1307.348.fna,34
1307.398.fna,34
1307.405.fna,34
1307.5584.fna,34
1307.632.fna,34
1307.771.fna,34
1307.857.fna,34
1214204.3.fna,35
1214208.3.fna,35
1214209.3.fna,36
1214210.3.fna,37
1307.1809.fna,37
1307.1811.fna,37
1307.1812.fna,37
1307.1831.fna,37
1307.1895.fna,37
1307.1896.fna,37
1307.1899.fna,37
1307.1915.fna,37
1307.1920.fna,37
1307.1921.fna,37
1307.1927.fna,37
1307.1964.fna,37
1307.1973.fna,37
1307.1974.fna,37
1307.1979.fna,37
1323687.3.fna,37
1323688.3.fna,37
1323697.3.fna,37
1214213.3.fna,38
1214215.3.fna,38
1214216.3.fna,39
1214219.3.fna,40
1307.106.fna,41
1307.108.fna,41
1307.1838.fna,41
1307.1885.fna,41
1307.1888.fna,41
1307.1889.fna,41
1307.1890.fna,41
1307.1891.fna,41
1307.1897.fna,41
1307.1930.fna,41
1307.1959.fna,41
1307.1960.fna,41
1307.1962.fna,41
1307.2130.fna,41
1307.2674.fna,41
1307.2675.fna,41
1307.2676.fna,41
1307.2686.fna,41
1307.2768.fna,41
1307.2774.fna,41
1307.2779.fna,41
1307.3078.fna,41
1307.5608.fna,41
1307.5617.fna,41
1307.5628.fna,41
1307.6530.fna,41
1307.6535.fna,41
1307.806.fna,41
1307.985.fna,41
1307.2767.fna,41
1307.1319.fna,42
1307.441.fna,42
1307.1370.fna,43
1307.1448.fna,44
1307.2449.fna,44
1307.1469.fna,45
1307.303.fna,45
1307.579.fna,45
1307.5918.fna,45
1307.696.fna,45
1307.952.fna,45
1307.2008.fna,45
1307.265.fna,45
1307.2785.fna,45
1307.612.fna,45
1307.856.fna,45
1307.907.fna,45
1307.3429.fna,45
1307.5634.fna,45
1307.1539.fna,46
1307.611.fna,46
1307.889.fna,46
1307.1643.fna,47
1307.1644.fna,47
1307.1645.fna,47
1307.1650.fna,47
1307.1651.fna,47
1307.1652.fna,47
1307.5012.fna,47
1307.5991.fna,47
1307.2770.fna,47
1307.2780.fna,47
1307.5987.fna,47
1307.5980.fna,47
1307.1664.fna,48
1307.3925.fna,48
1307.3929.fna,48
1307.3930.fna,48
996306.3.fna,48
1307.1665.fna,49
1307.1666.fna,50
1307.173.fna,51
1307.205.fna,51
1307.251.fna,51
1307.3420.fna,51
1307.3437.fna,51
1307.3671.fna,51
1307.3747.fna,51
1307.409.fna,51
1307.618.fna,51
1307.622.fna,51
1307.655.fna,51
1307.684.fna,51
1307.767.fna,51
1307.926.fna,51
1307.179.fna,52
1307.214.fna,52
1307.841.fna,52
1307.923.fna,52
1307.1806.fna,53
1307.1995.fna,53
1307.2003.fna,53
1307.2014.fna,53
1307.1836.fna,53
1307.3477.fna,53
1307.1874.fna,53
1307.1950.fna,53
1307.1807.fna,54
1307.1817.fna,55
1307.1955.fna,55
1307.1998.fna,55
1307.3912.fna,55
1307.4983.fna,55
1307.4991.fna,55
1307.4993.fna,55
1307.1822.fna,56
1307.1841.fna,56
1307.1951.fna,56
1307.1823.fna,57
1307.1824.fna,58
1307.1825.fna,59
1307.1828.fna,59
1307.1827.fna,60
1307.1829.fna,61
1307.1928.fna,61
1307.1835.fna,62
1307.1837.fna,63
1307.1937.fna,63
1307.1844.fna,64
1307.1884.fna,64
1307.1886.fna,64
1307.1887.fna,64
1307.1893.fna,64
1307.1901.fna,64
1307.1903.fna,64
1307.1981.fna,64
1307.1982.fna,64
1307.1985.fna,64
1307.2673.fna,64
1307.2688.fna,64
1307.2784.fna,64
1307.2786.fna,64
1307.5295.fna,64
1307.1847.fna,65
1307.1849.fna,65
1307.1854.fna,66
1307.1855.fna,66
1307.1938.fna,66
1307.3579.fna,66
1307.3599.fna,66
1307.1861.fna,67
1307.1945.fna,67
1307.1875.fna,68
1307.1876.fna,68
1307.1878.fna,68
1307.1879.fna,69
1307.1953.fna,69
1307.189.fna,70
1307.320.fna,70
1307.770.fna,70
1307.807.fna,70
1307.1904.fna,71
1307.1914.fna,71
1307.3427.fna,71
1307.3448.fna,71
1307.1905.fna,72
1307.1906.fna,72
1307.4986.fna,72
1307.1923.fna,73
1307.1992.fna,73
1307.2012.fna,73
1307.4836.fna,73
1307.1924.fna,74
1307.1925.fna,74
1307.1978.fna,74
1307.1926.fna,75
1307.1946.fna,76
1307.5318.fna,76
1307.1977.fna,77
1307.1986.fna,78
1307.1988.fna,79
1307.1999.fna,80
1307.2017.fna,81
1307.2018.fna,81
1307.2044.fna,81
1307.2045.fna,81
1307.4879.fna,81
1307.5324.fna,81
1307.2027.fna,82
1307.2043.fna,83
1307.2081.fna,84
1307.2117.fna,85
1307.2118.fna,86
1307.2125.fna,87
1307.2126.fna,88
1307.2129.fna,88
1307.2131.fna,89
1307.2217.fna,90
1307.2218.fna,91
1307.3447.fna,91
1307.3454.fna,91
1307.3931.fna,91
1307.5573.fna,91
1307.2219.fna,92
1307.3485.fna,92
1307.3498.fna,92
1307.5975.fna,92
1307.5976.fna,92
1307.2220.fna,93
1307.3936.fna,93
1307.2221.fna,94
1307.3904.fna,94
1307.2222.fna,95
1307.3425.fna,95
1307.3449.fna,95
1307.2223.fna,96
1307.229.fna,97
1307.260.fna,97
1307.707.fna,97
1307.925.fna,97
1307.231.fna,98
1307.769.fna,98
1307.2404.fna,99
1307.2406.fna,100
1307.2408.fna,101
1307.5054.fna,101
1307.5068.fna,101
1307.2412.fna,102
1307.2413.fna,103
1307.2415.fna,104
1307.248.fna,105
1307.815.fna,105
1307.2542.fna,106
1307.255.fna,107
1307.794.fna,107
1307.258.fna,108
1307.451.fna,108
1307.664.fna,108
1307.833.fna,108
1307.2632.fna,109
1307.2690.fna,109
1307.2782.fna,109
1307.2633.fna,110
1307.2677.fna,110
1307.2683.fna,110
1307.2776.fna,110
1307.2778.fna,110
1307.2679.fna,111
1307.2682.fna,111
1307.2769.fna,111
1307.2693.fna,112
1307.2694.fna,112
1307.275.fna,113
1307.586.fna,113
1307.886.fna,113
1307.938.fna,113
1307.2771.fna,114
1307.2777.fna,114
1307.2773.fna,115
1307.2783.fna,116
1307.284.fna,117
1307.322.fna,117
1307.713.fna,117
1307.775.fna,117
1307.290.fna,118
1307.434.fna,118
1307.834.fna,118
1307.916.fna,118
1307.3009.fna,119
1307.3035.fna,120
1307.3036.fna,120
1307.3038.fna,120
1307.3915.fna,120
1307.3174.fna,121
1307.317.fna,122
1307.760.fna,122
1307.327.fna,123
1307.343.fna,123
1307.447.fna,123
1307.747.fna,123
1307.831.fna,123
1307.905.fna,123
1307.356.fna,123
1307.426.fna,123
1307.615.fna,123
1307.754.fna,123
1307.799.fna,123
1307.824.fna,123
1307.566.fna,123
1307.941.fna,123
1307.335.fna,124
1307.741.fna,124
1307.3423.fna,125
1307.3426.fna,126
1307.3428.fna,126
1307.3440.fna,126
1307.3445.fna,126
1307.3490.fna,126
1307.3491.fna,126
1307.3492.fna,126
1307.3493.fna,126
1307.3494.fna,126
1307.3439.fna,127
1307.3442.fna,128
1307.3443.fna,129
1307.3903.fna,129
1307.5546.fna,129
1307.5547.fna,129
1307.5548.fna,129
1307.5553.fna,129
1307.5565.fna,129
1307.5566.fna,129
1307.5570.fna,129
1307.3444.fna,130
1307.5560.fna,130
1307.3446.fna,131
1307.3484.fna,131
1307.5572.fna,131
1307.3450.fna,132
1307.3451.fna,133
1307.3495.fna,133
1307.5551.fna,133
1307.5552.fna,133
1307.5558.fna,133
1307.5567.fna,133
1307.3452.fna,134
1307.3453.fna,134
1307.5988.fna,134
1307.347.fna,135
1307.635.fna,135
1307.3486.fna,136
1307.5974.fna,136
1307.3489.fna,137
1307.5970.fna,137
1307.3497.fna,138
1307.3499.fna,139
1307.360.fna,140
1307.617.fna,140
1307.753.fna,140
1307.922.fna,140
1307.386.fna,141
1307.783.fna,141
1307.389.fna,142
1307.930.fna,142
1307.3905.fna,143
1307.3906.fna,143
1307.3908.fna,143
1307.3913.fna,143
1307.3918.fna,143
1307.3923.fna,143
1307.3940.fna,143
1307.3942.fna,143
1307.3907.fna,144
1307.3909.fna,145
1307.3938.fna,145
1307.3914.fna,146
1307.3916.fna,146
1307.3917.fna,146
1307.3920.fna,146
1307.3921.fna,146
1307.3924.fna,146
1307.3934.fna,146
1307.3941.fna,146
1307.3919.fna,147
1307.3935.fna,147
1307.3922.fna,148
1307.3926.fna,149
1307.3927.fna,150
1307.3928.fna,151
1307.5983.fna,151
1307.3932.fna,152
1307.3937.fna,153
1307.3945.fna,154
1307.3946.fna,154
1307.4138.fna,155
1307.4142.fna,155
1307.4194.fna,156
1307.427.fna,157
1307.604.fna,157
1307.643.fna,157
1307.789.fna,157
1307.430.fna,158
1307.679.fna,158
1307.432.fna,159
1307.667.fna,159
1307.435.fna,160
1307.937.fna,160
1307.465.fna,161
1307.473.fna,162
1307.5744.fna,162
1307.4989.fna,163
1307.5296.fna,164
1307.5325.fna,165
1307.5549.fna,166
1307.5550.fna,167
1307.5554.fna,167
1307.5555.fna,168
1307.5557.fna,168
1307.5556.fna,169
1307.5562.fna,169
1307.5564.fna,169
1307.5568.fna,169
1307.5571.fna,169
1307.5569.fna,169
1307.5559.fna,170
1307.5561.fna,171
1307.5563.fna,171
1307.5585.fna,172
1307.5587.fna,172
1307.5594.fna,172
1307.5609.fna,173
1307.5611.fna,174
1307.5615.fna,175
1307.5616.fna,176
1307.5618.fna,177
1307.5619.fna,178
1307.5625.fna,178
1307.5626.fna,178
1307.5620.fna,179
1307.5621.fna,179
1307.5622.fna,179
1307.5623.fna,179
1307.5635.fna,180
1307.5636.fna,180
1307.5639.fna,181
1307.5742.fna,182
1307.5746.fna,182
1307.5743.fna,183
1307.5747.fna,183
1307.5745.fna,184
1307.578.fna,185
1307.5915.fna,185
1307.665.fna,185
1307.5889.fna,186
1307.5893.fna,187
1307.5914.fna,188
1307.5919.fna,188
1307.5920.fna,189
1307.595.fna,190
1307.765.fna,190
1307.5971.fna,191
1307.5972.fna,192
1307.5973.fna,193
1307.5978.fna,194
1307.5979.fna,195
1307.5981.fna,196
1307.5982.fna,197
1307.5984.fna,198
1307.5985.fna,199
1307.5989.fna,199
1307.5986.fna,200
1307.5990.fna,201
1307.5992.fna,201
1307.610.fna,202
1307.939.fna,202
1307.614.fna,203
1307.816.fna,203
1307.6537.fna,204
1307.6538.fna,204
1307.6541.fna,204
1307.6539.fna,205
1307.6542.fna,205
1321372.3.fna,206
1323709.3.fna,206
1323689.3.fna,207
1323691.3.fna,208
1323692.3.fna,209
1323693.3.fna,210
1323695.3.fna,211
1323696.3.fna,211
1323699.3.fna,211
1323700.3.fna,211
1323702.3.fna,212
1323704.3.fna,213
