genome,n_def_genes,n_def_prophage,n_def_host,n_sys_total,n_sys_host,n_prophages
1004951.3,34,3,31,16,16,1
1004952.3,47,8,39,14,13,3
1005041.3,40,0,40,16,16,2
1005042.3,38,1,37,16,15,1
1007064.3,37,1,36,16,15,2
1184252.3,36,0,36,15,15,0
1214148.3,39,0,39,15,15,1
1214149.3,47,0,47,17,17,1
1214150.3,59,4,55,29,26,2
1214151.3,44,4,40,19,17,2
1214151.4,47,3,44,19,17,4
1214152.3,49,3,46,22,22,2
1214153.3,35,4,31,17,16,3
1214154.3,34,3,31,17,15,2
1214155.3,43,0,43,18,18,0
1214156.3,49,0,49,24,24,1
1214157.3,56,3,53,26,25,4
1214158.3,66,3,63,28,26,2
1214159.3,37,0,37,15,15,1
1214160.3,43,4,39,18,17,2
1214161.3,49,3,46,21,21,2
1214162.3,56,2,54,28,27,4
1214163.3,60,4,56,28,27,1
1214164.3,59,3,56,27,26,5
1214165.3,36,0,36,15,15,0
1214166.3,47,0,47,21,21,0
1214167.3,51,4,47,23,23,2
1214168.3,54,1,53,28,27,2
1214169.3,54,3,51,24,22,2
1214170.3,57,4,53,21,20,3
1214171.3,35,1,34,18,18,2
1214172.3,53,1,52,21,21,1
1214173.3,50,6,44,19,19,1
1214174.3,52,4,48,27,24,3
1214175.3,59,13,46,21,18,2
1214176.3,41,5,36,17,15,2
1214177.3,48,2,46,24,23,1
1214178.3,45,2,43,19,19,1
1214179.3,46,1,45,23,22,3
1214179.4,46,5,41,23,19,5
1214180.3,43,2,41,21,20,3
1214181.3,33,0,33,18,18,0
1214182.3,44,2,42,17,16,1
1214183.3,43,0,43,21,21,1
1214184.3,44,3,41,21,19,2
1214185.3,42,2,40,16,15,3
1214186.3,48,2,46,20,20,2
1214187.3,47,0,47,16,16,2
1214188.3,48,0,48,22,22,3
1214189.3,51,2,49,23,23,1
1214190.3,51,1,50,24,23,1
1214191.3,43,2,41,16,15,1
1214192.3,57,4,53,27,25,2
1214193.3,49,3,46,19,19,0
1214194.3,43,2,41,15,15,1
1214195.3,55,2,53,26,25,1
1214196.3,47,2,45,23,23,1
1214197.3,48,3,45,22,22,3
1214198.3,49,3,46,22,22,3
1214199.3,43,2,41,19,19,3
1214200.3,47,5,42,20,19,3
1214201.3,47,2,45,17,16,1
1214202.3,35,5,30,14,13,3
1214203.3,45,5,40,18,17,5
1214204.3,58,1,57,26,26,0
1214205.3,58,3,55,28,27,1
1214206.3,59,4,55,30,28,4
1214207.3,45,4,41,18,17,3
1214208.3,56,1,55,24,24,3
1214209.3,54,3,51,25,24,0
1214210.3,44,0,44,21,21,1
1214211.3,47,3,44,21,21,2
1214212.3,42,0,42,17,17,1
1214213.3,46,0,46,18,18,0
1214214.3,46,1,45,18,18,2
1214215.3,49,0,49,18,18,0
1214216.3,41,1,40,17,17,4
1214217.3,48,4,44,19,18,2
1214218.3,51,1,50,23,23,1
1214219.3,57,3,54,25,25,1
1246365.4,43,7,36,15,14,2
1276647.3,37,2,35,17,17,3
1307.100,45,2,43,17,17,2
1307.101,37,0,37,13,13,0
1307.102,47,0,47,18,18,1
1307.103,45,0,45,17,17,1
1307.104,44,0,44,16,16,0
1307.105,39,3,36,15,15,2
1307.106,56,2,54,21,21,1
1307.107,42,0,42,17,17,1
1307.108,55,2,53,21,21,0
1307.109,46,0,46,17,17,1
1307.110,47,0,47,17,17,1
1307.111,44,0,44,16,16,1
1307.112,35,0,35,14,14,1
1307.113,44,0,44,16,16,1
1307.114,47,0,47,17,17,1
1307.115,49,0,49,18,18,1
1307.116,43,2,41,16,16,3
1307.117,47,3,44,16,16,2
1307.1317,49,1,48,18,17,3
1307.1318,45,0,45,16,16,1
1307.1319,63,2,61,27,26,1
1307.1323,38,0,38,19,19,0
1307.1363,41,0,41,16,16,1
1307.1366,44,0,44,17,17,0
1307.1367,44,0,44,16,16,1
1307.1369,44,2,42,17,16,1
1307.1370,38,1,37,19,18,1
1307.1374,40,0,40,15,15,0
1307.1377,46,3,43,19,18,3
1307.1378,40,0,40,15,15,1
1307.1379,45,0,45,17,17,1
1307.1386,47,0,47,18,18,1
1307.1387,44,0,44,16,16,1
1307.1393,47,0,47,24,24,3
1307.1394,45,0,45,17,17,1
1307.1398,42,0,42,16,16,1
1307.1402,44,4,40,18,18,2
1307.1403,52,1,51,21,21,1
1307.1408,43,1,42,18,17,1
1307.1409,42,0,42,17,17,1
1307.1410,46,5,41,18,18,3
1307.1413,42,0,42,16,16,1
1307.1414,40,0,40,16,16,1
1307.1417,44,0,44,16,16,1
1307.1423,45,0,45,16,16,1
1307.1429,40,0,40,15,15,1
1307.1430,44,0,44,16,16,1
1307.1431,51,6,45,22,19,4
1307.1432,42,0,42,16,16,1
1307.1434,49,4,45,20,18,4
1307.1438,50,2,48,20,19,2
1307.1439,53,4,49,22,21,4
1307.1441,49,2,47,20,18,2
1307.1444,42,0,42,16,16,1
1307.1448,43,3,40,16,16,2
1307.1449,40,0,40,15,15,1
1307.1453,49,2,47,19,19,1
1307.1455,36,5,31,17,16,4
1307.1462,40,0,40,15,15,1
1307.1463,45,0,45,16,16,1
1307.1464,39,0,39,15,15,1
1307.1465,35,4,31,17,16,3
1307.1466,36,4,32,17,16,4
1307.1467,40,0,40,15,15,1
1307.1468,42,0,42,16,16,1
1307.1469,34,5,29,18,17,3
1307.1470,49,1,48,21,21,5
1307.1471,47,0,47,18,18,1
1307.1472,49,6,43,20,17,3
1307.1473,47,0,47,17,17,2
1307.1474,43,4,39,18,17,2
1307.1475,49,1,48,19,19,1
1307.1476,43,2,41,17,16,3
1307.1477,40,0,40,17,17,2
1307.1478,45,1,44,19,19,2
1307.1479,38,1,37,16,15,1
1307.1480,44,2,42,16,15,3
1307.1481,40,0,40,15,15,1
1307.1482,48,1,47,19,19,2
1307.1483,37,1,36,16,15,2
1307.1484,47,2,45,18,17,2
1307.1485,49,5,44,18,18,3
1307.1486,41,0,41,15,15,1
1307.1487,51,2,49,20,20,2
1307.1488,51,1,50,20,19,2
1307.1489,47,5,42,19,17,1
1307.1490,43,0,43,18,18,1
1307.1491,40,0,40,16,16,1
1307.1492,45,0,45,16,16,1
1307.1493,47,0,47,19,19,2
1307.1494,42,0,42,16,16,1
1307.1495,42,0,42,17,17,1
1307.1496,39,4,35,18,17,4
1307.1497,56,5,51,26,25,1
1307.1498,40,0,40,17,17,1
1307.1499,49,1,48,19,19,1
1307.1500,52,2,50,20,20,2
1307.1501,43,4,39,17,17,3
1307.1502,38,0,38,16,16,1
1307.1503,49,1,48,19,19,1
1307.1504,46,2,44,18,17,4
1307.1505,35,0,35,15,15,1
1307.1506,43,0,43,17,17,1
1307.1507,45,1,44,18,18,1
1307.1508,35,4,31,17,16,4
1307.1509,42,1,41,18,17,1
1307.1510,38,0,38,16,16,0
1307.1511,45,3,42,21,20,1
1307.1512,47,4,43,17,15,3
1307.1513,38,1,37,17,16,2
1307.1514,38,0,38,15,15,1
1307.1515,47,0,47,17,17,1
1307.1516,43,1,42,17,16,2
1307.1517,46,0,46,19,19,1
1307.1518,39,2,37,15,15,1
1307.1519,41,0,41,16,16,1
1307.1520,42,0,42,16,16,1
1307.1521,44,0,44,16,16,1
1307.1522,44,1,43,16,16,1
1307.1523,34,3,31,16,16,1
1307.1530,38,0,38,19,19,0
1307.1531,45,0,45,17,17,1
1307.1539,56,15,41,22,17,2
1307.1540,47,0,47,17,17,1
1307.1587,47,0,47,17,17,1
1307.1634,46,0,46,19,19,4
1307.1635,43,0,43,16,16,1
1307.1643,48,3,45,22,21,2
1307.1644,32,0,32,13,13,0
1307.1645,35,3,32,16,14,0
1307.1646,40,0,40,15,15,1
1307.1650,35,0,35,18,18,0
1307.1651,47,2,45,18,18,1
1307.1652,37,1,36,17,17,1
1307.1655,44,2,42,16,16,2
1307.1656,51,3,48,19,18,5
1307.1664,62,2,60,27,27,2
1307.1665,55,2,53,21,20,1
1307.1666,61,2,59,25,24,2
1307.173,48,0,48,20,20,0
1307.179,37,4,33,17,15,1
1307.1804,48,0,48,17,17,2
1307.1806,53,2,51,24,23,0
1307.1807,49,1,48,22,22,0
1307.1809,50,2,48,24,23,2
1307.1811,51,2,49,24,23,2
1307.1812,51,2,49,24,23,2
1307.1817,45,1,44,17,17,1
1307.1819,43,5,38,17,16,2
1307.1820,43,5,38,17,16,2
1307.1821,41,6,35,19,17,3
1307.1822,59,4,55,26,25,4
1307.1823,57,3,54,23,22,3
1307.1824,57,1,56,21,21,1
1307.1825,41,0,41,19,19,0
1307.1827,42,4,38,16,16,3
1307.1828,41,0,41,19,19,0
1307.1829,48,0,48,21,21,0
1307.1831,51,2,49,24,23,2
1307.1835,53,1,52,21,21,1
1307.1836,63,5,58,24,23,1
1307.1837,56,1,55,27,26,1
1307.1838,74,2,72,25,25,3
1307.1839,52,6,46,24,22,4
1307.1840,39,5,34,18,17,3
1307.1841,61,6,55,27,25,5
1307.1842,39,5,34,18,17,2
1307.1844,47,0,47,22,22,0
1307.1845,36,2,34,17,16,2
1307.1847,44,3,41,20,19,3
1307.1848,36,2,34,17,16,2
1307.1849,44,3,41,20,19,4
1307.1854,51,4,47,23,21,2
1307.1855,51,4,47,23,21,2
1307.1857,52,3,49,22,22,1
1307.1858,43,2,41,17,17,2
1307.1859,53,5,48,23,22,1
1307.1860,49,3,46,19,18,4
1307.1861,45,2,43,16,16,2
1307.1862,61,1,60,29,28,1
1307.1863,49,3,46,19,18,4
1307.1866,59,2,57,29,28,2
1307.1867,49,3,46,19,18,4
1307.1868,49,3,46,19,18,4
1307.1871,47,2,45,16,16,2
1307.1872,46,2,44,16,16,2
1307.1873,46,2,44,16,16,2
1307.1874,56,1,55,25,25,1
1307.1875,53,1,52,21,21,0
1307.1876,30,0,30,14,14,0
1307.1878,51,1,50,22,22,0
1307.1879,47,0,47,19,19,0
1307.1884,48,0,48,20,20,0
1307.1885,68,1,67,25,25,3
1307.1886,46,0,46,21,21,0
1307.1887,46,0,46,21,21,0
1307.1888,68,1,67,25,25,3
1307.1889,68,1,67,25,25,3
1307.189,53,3,50,26,26,2
1307.1890,68,1,67,25,25,3
1307.1891,68,1,67,25,25,3
1307.1892,52,2,50,22,21,4
1307.1893,45,0,45,20,20,0
1307.1894,36,2,34,17,16,2
1307.1895,45,0,45,21,21,2
1307.1896,47,1,46,22,21,2
1307.1897,68,2,66,25,25,3
1307.1898,36,2,34,17,16,2
1307.1899,47,2,45,21,21,3
1307.1900,52,2,50,22,21,4
1307.1901,45,0,45,20,20,0
1307.1903,45,0,45,20,20,0
1307.1904,53,1,52,22,22,1
1307.1905,34,7,27,14,14,2
1307.1906,34,7,27,14,14,2
1307.1907,44,3,41,19,19,2
1307.1908,46,3,43,19,19,2
1307.1910,47,2,45,20,20,1
1307.1911,47,2,45,20,20,1
1307.1913,47,2,45,20,20,1
1307.1914,53,1,52,22,22,1
1307.1915,47,2,45,21,21,2
1307.1917,53,1,52,25,24,1
1307.1919,35,3,32,13,12,4
1307.1920,45,2,43,21,20,3
1307.1921,53,6,47,23,22,3
1307.1922,44,3,41,19,19,2
1307.1923,41,3,38,20,19,2
1307.1924,58,2,56,26,25,1
1307.1925,58,2,56,26,25,1
1307.1926,38,1,37,18,18,1
1307.1927,57,2,55,23,22,1
1307.1928,46,0,46,21,21,0
1307.1929,51,4,47,24,22,2
1307.1930,74,2,72,25,25,3
1307.1931,51,4,47,24,22,3
1307.1932,51,4,47,24,22,3
1307.1937,56,1,55,27,26,2
1307.1938,51,4,47,23,21,2
1307.1940,53,5,48,23,22,1
1307.1942,49,3,46,19,18,4
1307.1943,49,3,46,19,18,4
1307.1944,49,3,46,19,18,4
1307.1945,45,2,43,16,16,2
1307.1946,59,2,57,24,24,0
1307.1947,49,3,46,19,18,4
1307.1948,49,3,46,19,18,4
1307.1950,56,1,55,25,25,1
1307.1951,55,3,52,24,22,2
1307.1953,45,0,45,19,19,0
1307.1955,41,5,36,16,14,2
1307.1956,41,0,41,16,16,1
1307.1958,36,2,34,17,16,2
1307.1959,69,2,67,25,25,3
1307.1960,68,1,67,25,25,3
1307.1961,36,2,34,17,16,2
1307.1962,68,1,67,25,25,3
1307.1963,52,2,50,22,21,4
1307.1964,50,3,47,25,23,5
1307.1965,47,2,45,20,20,1
1307.1966,47,2,45,20,20,1
1307.1967,47,2,45,20,20,1
1307.1969,47,2,45,20,20,1
1307.1971,39,0,39,16,16,1
1307.1972,52,1,51,25,24,1
1307.1973,44,3,41,22,21,1
1307.1974,44,3,41,22,21,2
1307.1976,35,3,32,13,12,4
1307.1977,63,7,56,28,25,3
1307.1978,58,2,56,26,25,1
1307.1979,53,1,52,23,22,1
1307.1981,50,0,50,23,23,0
1307.1982,50,0,50,23,23,0
1307.1985,50,0,50,23,23,0
1307.1986,52,3,49,21,20,2
1307.1987,62,1,61,29,28,1
1307.1988,43,0,43,21,21,1
1307.1990,62,1,61,29,28,1
1307.1991,61,1,60,29,28,1
1307.1992,52,6,46,23,21,3
1307.1993,45,0,45,18,18,1
1307.1994,35,4,31,13,13,6
1307.1995,62,3,59,23,22,3
1307.1996,45,0,45,18,18,1
1307.1997,46,0,46,18,18,1
1307.1998,47,6,41,17,16,1
1307.1999,48,1,47,17,17,2
1307.2000,47,2,45,16,16,2
1307.2001,46,2,44,16,16,2
1307.2002,46,2,44,16,16,2
1307.2003,56,2,54,23,22,1
1307.2004,45,1,44,16,16,1
1307.2005,46,2,44,16,16,2
1307.2007,46,2,44,16,16,2
1307.2008,43,4,39,19,17,2
1307.2009,62,1,61,29,28,1
1307.2012,52,6,46,23,21,3
1307.2013,46,0,46,19,19,1
1307.2014,62,3,59,23,22,3
1307.2016,46,2,44,16,16,2
1307.2017,46,0,46,18,18,1
1307.2018,47,0,47,18,18,1
1307.2019,45,1,44,16,16,1
1307.2020,45,1,44,16,16,1
1307.2021,45,1,44,16,16,1
1307.2022,45,1,44,16,16,1
1307.2023,46,2,44,16,16,2
1307.2024,46,2,44,16,16,2
1307.2025,45,1,44,16,16,1
1307.2026,46,2,44,16,16,2
1307.2027,45,1,44,22,21,1
1307.2028,40,0,40,15,15,1
1307.2029,45,2,43,17,16,2
1307.2030,44,1,43,17,16,3
1307.2031,42,0,42,16,16,1
1307.2032,42,0,42,16,16,1
1307.2033,43,0,43,16,16,1
1307.2035,39,0,39,14,14,1
1307.2043,44,3,41,18,17,2
1307.2044,47,0,47,18,18,1
1307.2045,50,3,47,19,19,3
1307.2046,43,1,42,16,15,5
1307.2047,37,0,37,15,15,0
1307.205,46,0,46,19,19,1
1307.2081,42,6,36,16,16,3
1307.2082,52,2,50,19,19,1
1307.210,23,0,23,10,10,1
1307.2117,62,5,57,26,25,3
1307.2118,63,7,56,21,21,4
1307.2119,56,3,53,25,24,5
1307.212,44,0,44,16,16,1
1307.2120,35,0,35,20,20,0
1307.2121,35,0,35,20,20,0
1307.2122,41,3,38,17,16,2
1307.2123,32,0,32,16,16,0
1307.2124,47,3,44,19,18,2
1307.2125,67,2,65,27,26,2
1307.2126,44,0,44,18,18,0
1307.2127,31,0,31,17,17,0
1307.2128,36,0,36,17,17,0
1307.2129,44,0,44,18,18,0
1307.213,45,0,45,16,16,1
1307.2130,61,3,58,24,23,2
1307.2131,36,3,33,18,17,1
1307.2132,31,0,31,17,17,0
1307.2133,40,3,37,16,15,2
1307.2134,32,0,32,16,16,0
1307.2135,46,0,46,16,16,1
1307.214,39,4,35,18,16,2
1307.215,40,3,37,19,16,1
1307.216,44,0,44,16,16,0
1307.217,44,0,44,16,16,1
1307.218,47,2,45,16,16,2
1307.219,45,1,44,17,16,3
1307.220,42,0,42,16,16,1
1307.221,42,1,41,21,20,2
1307.2217,35,0,35,18,18,1
1307.2218,50,1,49,20,20,2
1307.2219,57,0,57,25,25,1
1307.222,46,0,46,17,17,1
1307.2220,56,4,52,25,24,1
1307.2221,50,0,50,19,19,0
1307.2222,32,2,30,12,12,2
1307.2223,49,0,49,24,24,0
1307.2224,39,1,38,16,15,2
1307.2225,35,4,31,17,16,2
1307.223,48,0,48,17,17,0
1307.224,49,2,47,17,17,2
1307.225,47,0,47,17,17,1
1307.226,48,0,48,17,17,1
1307.227,44,0,44,16,16,1
1307.228,45,0,45,17,17,1
1307.229,40,0,40,17,17,0
1307.230,47,0,47,17,17,1
1307.231,41,0,41,20,20,1
1307.232,43,2,41,16,15,1
1307.233,38,0,38,15,15,1
1307.234,43,0,43,17,17,0
1307.235,55,2,53,20,18,1
1307.236,46,0,46,17,17,1
1307.237,47,0,47,17,17,1
1307.238,40,0,40,20,20,1
1307.239,47,0,47,17,17,1
1307.240,41,0,41,17,17,1
1307.2404,49,0,49,25,25,0
1307.2405,60,1,59,28,28,2
1307.2406,46,0,46,19,19,0
1307.2407,41,0,41,16,16,1
1307.2408,48,0,48,20,20,0
1307.2409,40,0,40,15,15,2
1307.241,48,3,45,19,18,1
1307.2410,43,0,43,17,17,0
1307.2411,39,2,37,18,16,2
1307.2412,48,2,46,20,20,3
1307.2413,43,1,42,19,19,1
1307.2414,40,0,40,15,15,2
1307.2415,43,0,43,17,17,0
1307.2416,41,5,36,17,15,4
1307.2417,42,4,38,18,17,2
1307.242,41,0,41,16,16,1
1307.243,39,0,39,15,15,1
1307.2433,41,2,39,17,16,2
1307.244,43,0,43,17,17,1
1307.2446,38,0,38,15,15,1
1307.2448,50,2,48,20,18,2
1307.2449,43,3,40,16,16,2
1307.245,44,0,44,21,21,2
1307.2450,39,1,38,16,15,2
1307.2451,44,0,44,16,16,1
1307.2452,39,0,39,15,15,1
1307.246,42,0,42,15,15,1
1307.247,46,2,44,16,16,1
1307.248,60,4,56,23,22,2
1307.249,42,2,40,16,15,1
1307.250,49,0,49,18,18,1
1307.251,41,5,36,17,15,1
1307.252,43,0,43,17,17,0
1307.253,40,2,38,20,18,1
1307.254,47,2,45,16,16,1
1307.2542,48,1,47,21,20,1
1307.2543,45,4,41,17,16,2
1307.2544,44,3,41,17,16,2
1307.2545,43,4,39,17,16,2
1307.255,38,3,35,16,15,2
1307.2558,42,3,39,18,17,1
1307.2559,45,3,42,18,17,2
1307.256,46,0,46,17,17,1
1307.2560,43,2,41,18,16,2
1307.2561,45,3,42,18,16,2
1307.2562,45,2,43,18,16,1
1307.2563,38,3,35,15,14,1
1307.2564,43,3,40,18,16,1
1307.2565,43,3,40,18,16,2
1307.2566,45,2,43,18,17,1
1307.2567,45,2,43,18,17,1
1307.2568,43,3,40,18,16,2
1307.2569,45,3,42,18,16,2
1307.257,42,0,42,15,15,1
1307.2570,43,4,39,19,16,3
1307.2571,45,3,42,18,17,2
1307.2572,43,2,41,18,16,2
1307.2573,41,3,38,18,16,2
1307.2574,45,2,43,18,16,2
1307.2575,43,3,40,18,16,2
1307.2576,45,3,42,18,16,3
1307.2577,45,3,42,18,16,3
1307.2578,45,3,42,18,16,2
1307.2579,42,1,41,18,18,1
1307.258,62,3,59,28,26,2
1307.2580,52,4,48,22,21,1
1307.2581,43,3,40,19,16,3
1307.2582,45,2,43,18,16,1
1307.2583,45,2,43,18,17,2
1307.2584,42,3,39,18,17,1
1307.2585,43,4,39,19,16,2
1307.2586,46,3,43,19,17,2
1307.2587,52,2,50,22,21,4
1307.2588,45,3,42,18,16,3
1307.2589,42,3,39,18,17,0
1307.259,38,0,38,15,15,1
1307.2590,41,1,40,17,17,2
1307.2591,45,2,43,18,16,2
1307.2592,52,4,48,22,21,1
1307.2593,43,3,40,19,16,3
1307.2594,52,4,48,22,21,1
1307.2595,45,3,42,18,16,2
1307.2596,52,4,48,22,21,1
1307.2597,52,4,48,22,21,1
1307.2598,45,2,43,18,16,2
1307.2599,42,1,41,18,18,1
1307.260,30,0,30,15,15,0
1307.2600,52,4,48,22,21,1
1307.2601,52,4,48,22,21,1
1307.2602,52,4,48,22,21,1
1307.2603,45,2,43,18,16,2
1307.2604,43,3,40,19,18,0
1307.2605,43,3,40,19,16,3
1307.2606,43,1,42,17,16,1
1307.2607,41,2,39,18,16,1
1307.261,45,0,45,16,16,1
1307.262,43,0,43,17,17,0
1307.263,42,0,42,17,17,0
1307.2632,52,0,52,20,20,0
1307.2633,36,1,35,16,16,1
1307.264,46,2,44,17,16,2
1307.265,47,3,44,20,20,0
1307.266,45,0,45,16,16,2
1307.267,47,0,47,18,18,1
1307.2673,64,1,63,25,25,2
1307.2674,56,1,55,22,22,3
1307.2675,61,1,60,26,25,4
1307.2676,61,1,60,26,25,3
1307.2677,36,0,36,17,17,1
1307.2678,39,3,36,19,19,2
1307.2679,45,0,45,18,18,0
1307.268,48,3,45,18,16,1
1307.2680,49,0,49,18,18,2
1307.2681,46,4,42,19,16,2
1307.2682,51,2,49,19,19,1
1307.2683,36,1,35,16,16,1
1307.2684,55,2,53,24,24,3
1307.2685,49,8,41,17,16,6
1307.2686,61,1,60,26,25,3
1307.2687,39,3,36,19,19,2
1307.2688,64,1,63,25,25,2
1307.269,24,0,24,11,11,1
1307.2690,52,0,52,20,20,0
1307.2691,44,5,39,16,15,2
1307.2692,61,13,48,20,19,5
1307.2693,51,3,48,24,22,1
1307.2694,51,3,48,24,22,1
1307.2695,44,5,39,16,15,2
1307.2696,44,5,39,16,15,2
1307.2697,38,0,38,15,15,1
1307.270,42,0,42,17,17,0
1307.271,46,2,44,16,16,1
1307.272,42,2,40,16,15,0
1307.273,41,0,41,15,15,1
1307.274,46,0,46,17,17,1
1307.275,37,3,34,17,16,1
1307.276,43,2,41,17,16,1
1307.2766,55,2,53,24,24,3
1307.2767,44,1,43,20,19,2
1307.2768,69,3,66,27,26,2
1307.2769,51,2,49,19,19,1
1307.277,43,0,43,17,17,0
1307.2770,46,0,46,22,22,0
1307.2771,65,4,61,29,27,3
1307.2772,48,3,45,24,22,4
1307.2773,57,2,55,26,24,4
1307.2774,69,3,66,27,26,4
1307.2775,31,2,29,18,18,2
1307.2776,56,0,56,22,22,0
1307.2777,65,4,61,29,27,3
1307.2778,36,1,35,16,16,1
1307.2779,73,4,69,25,25,4
1307.278,42,0,42,17,17,1
1307.2780,46,0,46,22,22,0
1307.2781,47,2,45,18,18,1
1307.2782,52,0,52,20,20,0
1307.2783,65,2,63,25,25,1
1307.2784,66,1,65,25,25,2
1307.2785,42,3,39,17,16,1
1307.2786,64,1,63,25,25,2
1307.2787,63,1,62,31,30,3
1307.279,51,2,49,21,20,1
1307.2790,42,2,40,17,16,2
1307.2791,42,2,40,16,15,1
1307.2792,42,2,40,16,15,1
1307.2793,38,0,38,16,16,2
1307.2794,43,2,41,17,16,1
1307.2795,44,2,42,17,16,1
1307.2796,41,0,41,16,16,2
1307.280,47,2,45,16,16,1
1307.281,42,2,40,16,15,1
1307.282,46,1,45,16,16,2
1307.283,40,0,40,14,14,1
1307.284,50,2,48,24,24,1
1307.2840,45,0,45,17,17,1
1307.2841,43,2,41,18,16,3
1307.2842,42,0,42,17,17,0
1307.2843,51,3,48,19,18,4
1307.2844,40,0,40,16,16,5
1307.2845,44,1,43,17,16,3
1307.285,42,0,42,17,17,1
1307.286,43,0,43,17,17,0
1307.287,42,0,42,17,17,1
1307.288,42,1,41,21,20,2
1307.289,44,0,44,16,16,1
1307.290,47,9,38,18,17,3
1307.291,46,0,46,16,16,1
1307.292,45,0,45,16,16,0
1307.293,40,0,40,14,14,1
1307.294,46,0,46,17,17,1
1307.295,41,0,41,15,15,1
1307.296,47,3,44,20,18,1
1307.297,47,0,47,18,18,1
1307.298,45,0,45,17,17,1
1307.299,46,0,46,16,16,1
1307.300,38,0,38,15,15,0
1307.3009,46,3,43,18,17,2
1307.301,46,0,46,17,17,1
1307.3010,56,7,49,20,20,2
1307.302,44,0,44,16,16,1
1307.303,34,0,34,17,17,0
1307.3032,51,0,51,21,21,1
1307.3033,47,2,45,19,18,1
1307.3034,39,1,38,16,15,2
1307.3035,66,4,62,29,27,3
1307.3036,67,4,63,29,27,3
1307.3037,48,2,46,16,16,2
1307.3038,66,6,60,29,26,4
1307.304,46,0,46,17,17,1
1307.305,44,0,44,16,16,0
1307.306,41,0,41,17,17,1
1307.307,46,0,46,17,17,2
1307.3078,63,4,59,26,24,4
1307.3079,43,0,43,16,16,1
1307.308,43,0,43,17,17,0
1307.309,48,2,46,18,18,0
1307.3098,52,4,48,21,20,1
1307.3099,39,0,39,15,15,1
1307.310,46,0,46,19,19,1
1307.3100,52,4,48,22,21,1
1307.3101,37,0,37,15,15,1
1307.3102,53,4,49,22,21,1
1307.3103,51,4,47,21,20,1
1307.3104,51,4,47,22,21,1
1307.3105,37,0,37,14,14,1
1307.3106,51,4,47,22,21,2
1307.3107,51,4,47,21,20,0
1307.3108,50,4,46,21,20,1
1307.3109,55,4,51,23,22,2
1307.311,42,2,40,16,15,1
1307.3110,50,3,47,21,20,2
1307.3111,51,4,47,22,21,1
1307.3112,45,0,45,17,17,2
1307.3113,53,4,49,22,21,1
1307.3114,43,2,41,17,16,1
1307.3115,46,0,46,19,19,1
1307.3116,39,0,39,15,15,1
1307.3117,41,0,41,16,16,0
1307.3118,42,0,42,16,16,0
1307.3119,45,1,44,20,20,2
1307.312,47,0,47,17,17,1
1307.3120,38,0,38,15,15,1
1307.3121,40,0,40,15,15,2
1307.3122,40,2,38,16,15,1
1307.3123,44,0,44,18,18,2
1307.3124,42,0,42,17,17,1
1307.3125,42,0,42,17,17,1
1307.3126,43,0,43,17,17,0
1307.3127,39,0,39,14,14,1
1307.3128,40,0,40,15,15,1
1307.3129,41,0,41,16,16,1
1307.313,44,0,44,21,21,2
1307.3130,39,0,39,15,15,1
1307.3131,42,2,40,16,15,1
1307.3132,38,0,38,15,15,1
1307.3133,40,0,40,15,15,1
1307.3134,40,0,40,15,15,1
1307.3135,38,0,38,15,15,1
1307.3136,40,0,40,15,15,1
1307.3137,39,0,39,14,14,1
1307.3138,40,0,40,15,15,1
1307.3139,41,0,41,17,17,0
1307.314,47,1,46,17,16,2
1307.3140,42,2,40,21,20,1
1307.3141,39,0,39,15,15,2
1307.3142,46,2,44,19,18,1
1307.3143,42,2,40,17,16,2
1307.3144,44,2,42,17,16,1
1307.3145,43,2,41,17,16,1
1307.3146,39,0,39,15,15,1
1307.3147,40,2,38,19,18,1
1307.3148,42,2,40,21,20,1
1307.3149,43,2,41,17,16,1
1307.315,43,0,43,17,17,0
1307.3150,43,2,41,18,17,1
1307.3151,42,3,39,17,15,2
1307.3152,41,2,39,17,16,1
1307.3153,40,2,38,16,15,1
1307.3154,41,0,41,16,16,1
1307.3155,44,0,44,18,18,2
1307.3156,42,1,41,17,16,2
1307.3157,49,2,47,19,18,1
1307.3158,41,2,39,17,17,2
1307.3159,40,0,40,15,15,2
1307.316,43,0,43,17,17,0
1307.3160,43,1,42,19,19,2
1307.3161,45,2,43,18,17,1
1307.3162,39,0,39,15,15,1
1307.3163,40,0,40,15,15,1
1307.3164,41,2,39,17,16,2
1307.3165,42,2,40,17,16,1
1307.3166,43,2,41,17,16,1
1307.3167,47,0,47,18,18,2
1307.3168,50,4,46,22,20,2
1307.3169,38,0,38,15,15,1
1307.317,61,1,60,24,24,3
1307.3170,48,0,48,19,19,1
1307.3171,41,0,41,16,16,1
1307.3172,40,0,40,16,16,0
1307.3173,38,0,38,15,15,1
1307.3174,53,3,50,20,20,3
1307.3175,46,0,46,18,18,2
1307.318,47,0,47,23,23,1
1307.319,46,0,46,19,19,1
1307.320,53,3,50,26,26,3
1307.321,41,0,41,16,16,1
1307.322,46,6,40,22,20,5
1307.323,42,1,41,16,15,3
1307.324,41,0,41,16,16,0
1307.325,40,0,40,15,15,1
1307.326,43,0,43,17,17,0
1307.327,32,1,31,18,17,1
1307.328,47,0,47,17,17,1
1307.329,47,0,47,17,17,1
1307.330,42,0,42,17,17,1
1307.331,40,0,40,14,14,2
1307.332,47,0,47,17,17,1
1307.333,44,0,44,16,16,1
1307.334,42,0,42,15,15,1
1307.335,48,1,47,15,15,0
1307.336,47,2,45,17,16,2
1307.337,43,0,43,17,17,0
1307.338,45,2,43,15,15,1
1307.339,44,0,44,16,16,1
1307.340,47,0,47,17,17,1
1307.341,42,1,41,17,17,0
1307.342,44,0,44,16,16,1
1307.3420,39,0,39,17,17,0
1307.3421,42,2,40,16,15,1
1307.3422,48,3,45,20,18,1
1307.3423,59,3,56,24,24,5
1307.3424,49,0,49,18,18,1
1307.3425,28,2,26,13,13,2
1307.3426,44,4,40,19,19,2
1307.3427,52,0,52,21,21,0
1307.3428,48,5,43,18,18,3
1307.3429,41,4,37,19,18,2
1307.343,36,2,34,17,16,1
1307.3430,46,0,46,19,19,1
1307.3431,47,0,47,19,19,1
1307.3432,47,0,47,19,19,2
1307.3433,47,0,47,19,19,1
1307.3434,43,0,43,17,17,1
1307.3435,47,0,47,18,18,2
1307.3436,47,0,47,19,19,1
1307.3437,39,0,39,17,17,0
1307.3438,63,4,59,24,23,1
1307.3439,36,4,32,16,15,1
1307.344,43,0,43,17,17,0
1307.3440,46,3,43,18,18,3
1307.3441,49,0,49,18,18,2
1307.3442,66,8,58,28,26,3
1307.3443,43,2,41,18,18,2
1307.3444,46,0,46,19,19,0
1307.3445,54,4,50,19,19,3
1307.3446,48,3,45,20,20,2
1307.3447,50,1,49,20,20,2
1307.3448,50,0,50,22,22,0
1307.3449,32,2,30,12,12,2
1307.345,42,2,40,16,15,2
1307.3450,48,1,47,21,21,1
1307.3451,50,4,46,22,21,3
1307.3452,43,4,39,19,18,2
1307.3453,48,5,43,21,21,3
1307.3454,55,2,53,22,22,2
1307.346,47,0,47,17,17,1
1307.347,63,3,60,26,25,1
1307.3476,46,6,40,20,19,3
1307.3477,59,1,58,24,23,2
1307.348,46,3,43,17,16,2
1307.3484,49,2,47,20,20,1
1307.3485,57,0,57,25,25,1
1307.3486,61,2,59,27,26,5
1307.3487,44,6,38,20,19,3
1307.3488,47,6,41,19,18,3
1307.3489,62,6,56,20,20,1
1307.349,39,0,39,15,15,1
1307.3490,40,4,36,17,17,1
1307.3491,40,4,36,17,17,2
1307.3492,54,4,50,19,19,2
1307.3493,36,4,32,16,16,2
1307.3494,41,4,37,17,17,2
1307.3495,51,1,50,24,24,1
1307.3496,45,1,44,17,17,2
1307.3497,58,1,57,25,25,1
1307.3498,61,0,61,24,24,1
1307.3499,50,0,50,22,22,1
1307.350,44,1,43,19,19,1
1307.3500,36,0,36,15,15,1
1307.3501,42,0,42,17,17,0
1307.3502,36,0,36,15,15,1
1307.3503,38,0,38,15,15,1
1307.3504,36,0,36,15,15,1
1307.3505,38,0,38,15,15,1
1307.3506,37,0,37,16,16,1
1307.3507,38,0,38,15,15,1
1307.3508,38,0,38,15,15,1
1307.3509,46,0,46,18,18,1
1307.351,41,0,41,16,16,1
1307.352,39,2,37,15,15,2
1307.353,45,0,45,22,22,2
1307.354,44,0,44,16,16,0
1307.3544,44,2,42,21,20,3
1307.3545,51,2,49,20,19,1
1307.3546,47,0,47,17,17,1
1307.3547,44,2,42,19,18,1
1307.3548,38,2,36,14,14,2
1307.3549,43,5,38,16,15,2
1307.355,44,0,44,16,16,1
1307.3550,42,2,40,16,15,1
1307.3551,42,2,40,16,15,1
1307.3552,41,5,36,16,15,2
1307.3553,44,2,42,16,15,1
1307.3554,42,2,40,16,15,2
1307.3555,45,0,45,17,17,1
1307.3556,41,2,39,15,14,3
1307.3557,47,0,47,17,17,1
1307.3558,44,2,42,16,15,1
1307.3559,38,0,38,15,15,1
1307.356,39,3,36,16,15,2
1307.3560,38,0,38,15,15,1
1307.3561,41,5,36,16,15,2
1307.3562,41,5,36,16,15,2
1307.3563,44,8,36,16,14,2
1307.3564,43,2,41,16,15,1
1307.3565,45,0,45,17,17,1
1307.3566,39,0,39,16,16,1
1307.3567,45,0,45,17,17,1
1307.3568,48,3,45,17,16,2
1307.3569,43,2,41,16,15,2
1307.357,47,2,45,16,16,2
1307.3570,41,2,39,15,14,3
1307.3571,43,5,38,16,15,2
1307.3572,47,0,47,17,17,1
1307.3573,41,2,39,15,14,3
1307.3574,47,0,47,17,17,1
1307.3575,47,2,45,17,16,3
1307.3576,47,0,47,17,17,1
1307.3577,47,0,47,17,17,1
1307.3578,51,0,51,17,17,1
1307.3579,50,4,46,22,20,2
1307.358,46,0,46,17,17,1
1307.3580,47,0,47,17,17,1
1307.3581,39,1,38,15,15,1
1307.3582,45,0,45,17,17,1
1307.3583,41,0,41,16,16,1
1307.3584,43,2,41,16,15,2
1307.3585,40,0,40,15,15,1
1307.3586,43,2,41,16,15,2
1307.3587,42,0,42,17,17,1
1307.3588,47,0,47,17,17,1
1307.3589,41,2,39,15,14,3
1307.359,45,0,45,16,16,0
1307.3590,43,5,38,16,15,2
1307.3591,34,0,34,15,15,0
1307.3592,45,0,45,17,17,1
1307.3593,49,0,49,18,18,0
1307.3594,42,1,41,16,16,4
1307.3595,43,0,43,16,16,1
1307.3596,39,1,38,15,15,1
1307.3597,48,3,45,17,16,2
1307.3598,40,0,40,15,15,1
1307.3599,50,4,46,22,20,2
1307.360,44,3,41,21,20,0
1307.3600,44,2,42,17,16,1
1307.3601,45,0,45,17,17,1
1307.361,57,3,54,22,20,1
1307.362,44,0,44,16,16,1
1307.363,40,0,40,16,16,0
1307.364,38,0,38,15,15,1
1307.365,41,0,41,16,16,0
1307.366,45,0,45,16,16,0
1307.3663,43,5,38,17,16,2
1307.3664,43,5,38,17,16,2
1307.3665,41,5,36,16,15,2
1307.3666,44,8,36,16,14,2
1307.3667,41,5,36,17,16,2
1307.3668,46,8,38,17,15,2
1307.3669,42,8,34,16,14,2
1307.367,47,0,47,17,17,1
1307.3670,42,5,37,17,16,2
1307.3671,38,0,38,16,16,1
1307.368,47,0,47,17,17,1
1307.369,42,0,42,17,17,1
1307.370,44,0,44,16,16,1
1307.371,46,0,46,16,16,1
1307.372,47,0,47,17,17,2
1307.373,42,0,42,17,17,0
1307.374,42,1,41,17,17,0
1307.3747,38,0,38,17,17,0
1307.375,43,2,41,17,16,0
1307.376,51,0,51,26,26,1
1307.377,44,0,44,16,16,0
1307.378,46,2,44,17,16,2
1307.379,46,1,45,17,16,2
1307.380,47,0,47,17,17,1
1307.381,42,2,40,16,15,1
1307.382,46,2,44,16,16,1
1307.383,39,0,39,15,15,1
1307.384,46,0,46,21,21,3
1307.385,46,0,46,17,17,1
1307.386,52,2,50,24,23,0
1307.387,47,0,47,17,17,0
1307.388,56,6,50,22,22,3
1307.389,53,1,52,21,21,1
1307.390,46,0,46,19,19,1
1307.3903,43,2,41,18,18,2
1307.3904,50,0,50,19,19,0
1307.3905,64,2,62,25,25,3
1307.3906,70,4,66,26,25,1
1307.3907,45,4,41,20,19,1
1307.3908,64,2,62,25,25,3
1307.3909,47,5,42,18,17,3
1307.391,44,3,41,18,17,1
1307.3910,51,9,42,22,20,4
1307.3911,45,4,41,17,16,2
1307.3912,55,12,43,19,17,3
1307.3913,61,3,58,23,23,2
1307.3914,62,2,60,26,26,1
1307.3915,66,4,62,29,27,4
1307.3916,62,2,60,26,26,2
1307.3917,62,2,60,26,26,2
1307.3918,72,4,68,27,26,2
1307.3919,57,3,54,25,25,2
1307.392,44,0,44,17,17,1
1307.3920,62,2,60,26,26,2
1307.3921,62,2,60,26,26,1
1307.3922,55,5,50,25,22,2
1307.3923,65,4,61,27,26,2
1307.3924,64,2,62,26,26,2
1307.3925,64,2,62,26,26,3
1307.3926,49,6,43,19,19,2
1307.3927,48,5,43,19,17,3
1307.3928,47,5,42,20,18,1
1307.3929,64,2,62,26,26,3
1307.393,43,0,43,17,17,0
1307.3930,64,2,62,26,26,3
1307.3931,50,1,49,20,20,2
1307.3932,53,7,46,21,21,2
1307.3933,44,2,42,16,16,2
1307.3934,62,2,60,26,26,2
1307.3935,58,2,56,26,26,1
1307.3936,56,4,52,25,24,1
1307.3937,53,4,49,23,22,4
1307.3938,49,3,46,19,18,1
1307.3939,41,5,36,17,16,4
1307.394,46,1,45,17,16,3
1307.3940,71,7,64,27,26,3
1307.3941,62,2,60,26,26,1
1307.3942,65,4,61,27,26,2
1307.3943,43,4,39,21,20,3
1307.3944,42,3,39,21,20,3
1307.3945,40,1,39,16,16,2
1307.3946,29,1,28,12,12,2
1307.3948,39,1,38,15,15,2
1307.3949,39,1,38,15,15,2
1307.395,40,0,40,14,14,1
1307.3950,39,1,38,16,16,2
1307.3951,39,1,38,15,15,2
1307.3952,65,14,51,20,19,3
1307.3953,44,6,38,16,15,2
1307.3954,44,2,42,16,16,2
1307.396,43,0,43,17,17,0
1307.397,46,0,46,16,16,1
1307.398,37,3,34,18,17,2
1307.399,55,3,52,20,18,1
1307.400,46,0,46,17,17,1
1307.401,47,0,47,18,18,1
1307.402,42,2,40,16,15,1
1307.403,43,2,41,16,15,1
1307.404,49,0,49,20,20,1
1307.405,47,0,47,18,18,1
1307.406,38,0,38,15,15,1
1307.407,42,0,42,15,15,1
1307.408,49,0,49,19,19,1
1307.409,47,1,46,19,19,1
1307.410,47,0,47,17,17,0
1307.411,44,3,41,18,17,1
1307.412,40,0,40,15,15,1
1307.413,39,0,39,15,15,1
1307.4133,56,2,54,24,24,4
1307.4134,54,1,53,24,24,2
1307.4135,46,1,45,18,18,2
1307.4136,53,1,52,24,24,2
1307.4137,55,1,54,24,24,2
1307.4138,43,3,40,18,18,3
1307.4139,53,1,52,24,24,2
1307.414,42,2,40,16,15,1
1307.4140,65,1,64,19,18,4
1307.4141,55,2,53,24,23,4
1307.4142,40,3,37,18,18,3
1307.4143,55,2,53,24,23,4
1307.4144,55,2,53,24,23,4
1307.4145,65,1,64,19,18,4
1307.4146,37,1,36,16,15,1
1307.4147,57,7,50,24,22,5
1307.4148,49,2,47,21,21,4
1307.4149,57,2,55,25,25,4
1307.415,36,0,36,14,14,1
1307.4150,40,4,36,18,15,2
1307.4151,56,2,54,25,25,4
1307.4152,44,2,42,18,17,2
1307.4153,56,2,54,23,23,3
1307.4154,51,0,51,22,22,2
1307.4155,46,0,46,18,18,2
1307.4156,46,4,42,20,19,5
1307.4157,46,0,46,18,18,2
1307.4158,44,1,43,19,18,1
1307.4159,46,1,45,19,19,3
1307.416,51,2,49,20,19,1
1307.4160,45,1,44,19,18,1
1307.4161,45,1,44,19,18,1
1307.4162,46,4,42,20,19,4
1307.4163,45,2,43,17,16,3
1307.4164,46,4,42,20,19,4
1307.4165,43,1,42,18,17,2
1307.4166,45,4,41,19,17,1
1307.4167,45,4,41,19,17,1
1307.4168,39,1,38,17,16,2
1307.4169,44,2,42,18,17,0
1307.417,42,2,40,16,15,1
1307.4170,45,2,43,19,18,1
1307.4171,45,1,44,19,18,1
1307.4172,44,2,42,18,17,0
1307.4173,37,1,36,17,16,0
1307.4174,43,1,42,18,17,2
1307.4175,45,3,42,19,17,2
1307.4176,39,1,38,18,17,2
1307.4177,39,1,38,18,17,2
1307.4178,42,4,38,18,15,1
1307.4179,55,1,54,24,23,1
1307.418,46,0,46,17,17,1
1307.4180,39,1,38,18,17,2
1307.4181,46,2,44,18,17,1
1307.4182,46,2,44,19,18,3
1307.4183,46,2,44,19,18,2
1307.4184,40,2,38,18,17,2
1307.4185,40,2,38,18,17,2
1307.4186,47,2,45,18,17,1
1307.4187,51,3,48,26,24,2
1307.4188,49,1,48,19,19,3
1307.4189,42,0,42,20,20,3
1307.419,40,0,40,16,16,1
1307.4190,41,0,41,20,20,2
1307.4191,44,1,43,21,20,2
1307.4192,38,0,38,15,15,1
1307.4193,46,3,43,18,15,4
1307.4194,66,3,63,24,23,2
1307.4195,42,1,41,17,16,3
1307.4196,41,2,39,15,15,2
1307.4198,46,0,46,17,17,2
1307.4199,28,0,28,12,12,0
1307.420,43,0,43,17,17,0
1307.421,44,0,44,16,16,0
1307.422,45,1,44,17,16,3
1307.423,46,0,46,17,17,1
1307.424,46,0,46,17,17,1
1307.425,36,0,36,14,14,0
1307.426,43,0,43,20,20,1
1307.427,51,11,40,18,16,2
1307.428,41,0,41,15,15,1
1307.429,43,0,43,17,17,0
1307.430,32,0,32,17,17,0
1307.431,44,0,44,16,16,1
1307.432,43,4,39,22,22,4
1307.433,42,0,42,15,15,1
1307.434,47,9,38,18,17,2
1307.435,50,4,46,23,21,2
1307.436,45,0,45,16,16,1
1307.437,47,0,47,17,17,1
1307.438,52,2,50,20,20,1
1307.439,37,0,37,15,15,1
1307.440,45,0,45,16,16,0
1307.441,62,1,61,27,26,1
1307.442,46,2,44,16,16,1
1307.443,48,1,47,18,17,2
1307.444,39,0,39,14,14,2
1307.445,43,0,43,17,17,0
1307.446,44,0,44,16,16,1
1307.447,34,3,31,18,16,3
1307.448,45,0,45,16,16,0
1307.449,40,2,38,16,15,1
1307.450,47,0,47,17,17,1
1307.451,62,1,61,27,26,2
1307.452,46,0,46,19,19,1
1307.453,41,0,41,15,15,1
1307.454,47,0,47,17,17,1
1307.455,45,0,45,16,16,0
1307.456,43,2,41,15,15,2
1307.457,45,0,45,16,16,0
1307.458,45,2,43,18,17,1
1307.459,44,0,44,22,22,1
1307.460,47,0,47,17,17,1
1307.461,45,0,45,16,16,0
1307.462,41,1,40,17,16,2
1307.463,45,0,45,16,16,0
1307.464,44,0,44,16,16,1
1307.465,49,2,47,19,18,1
1307.466,50,3,47,19,18,5
1307.467,39,0,39,16,16,1
1307.468,39,1,38,16,16,2
1307.469,45,0,45,17,17,1
1307.470,36,3,33,15,13,1
1307.471,38,0,38,17,17,0
1307.472,53,1,52,26,26,3
1307.473,68,5,63,27,26,4
1307.474,42,2,40,17,16,1
1307.476,47,0,47,17,17,1
1307.477,36,0,36,14,14,1
1307.478,43,0,43,17,17,0
1307.479,44,0,44,19,19,1
1307.480,47,2,45,16,16,1
1307.481,43,0,43,17,17,0
1307.482,47,0,47,17,17,1
1307.483,38,0,38,15,15,1
1307.4836,55,9,46,23,21,3
1307.484,45,0,45,22,22,2
1307.485,46,0,46,16,16,1
1307.487,47,0,47,17,17,1
1307.4877,45,1,44,16,16,3
1307.4878,45,0,45,16,16,1
1307.4879,53,7,46,19,17,4
1307.488,46,0,46,17,17,1
1307.4880,44,0,44,16,16,1
1307.4881,44,0,44,16,16,1
1307.4882,49,2,47,18,18,2
1307.4883,36,0,36,14,14,1
1307.4884,46,2,44,18,18,2
1307.4885,47,0,47,17,17,1
1307.4886,52,4,48,25,24,3
1307.4887,47,0,47,17,17,1
1307.4888,41,0,41,15,15,1
1307.4889,45,5,40,17,16,2
1307.489,37,1,36,15,14,1
1307.4890,48,2,46,16,16,2
1307.4891,46,0,46,16,16,1
1307.4892,46,2,44,16,16,1
1307.4893,45,0,45,16,16,1
1307.4894,43,2,41,17,17,2
1307.4895,45,1,44,17,16,1
1307.4896,47,0,47,17,17,1
1307.4897,46,1,45,17,16,2
1307.4898,48,2,46,16,16,2
1307.4899,46,0,46,16,16,1
1307.490,53,0,53,19,19,1
1307.4900,45,0,45,16,16,1
1307.4901,42,0,42,15,15,1
1307.4902,45,0,45,16,16,1
1307.4903,46,1,45,17,16,2
1307.4904,44,0,44,16,16,1
1307.4905,42,0,42,15,15,1
1307.4906,45,0,45,16,16,1
1307.4907,39,0,39,15,15,1
1307.4908,50,4,46,18,17,2
1307.4909,43,0,43,17,17,1
1307.491,47,0,47,17,17,1
1307.4910,44,2,42,17,17,2
1307.4911,44,0,44,16,16,1
1307.4912,43,0,43,17,17,1
1307.4913,44,0,44,16,16,1
1307.4914,47,0,47,17,17,1
1307.4915,44,0,44,17,17,2
1307.4916,44,0,44,17,17,2
1307.4917,47,0,47,17,17,1
1307.4918,45,0,45,16,16,1
1307.4919,47,0,47,17,17,1
1307.492,46,2,44,16,16,2
1307.4920,36,0,36,14,14,1
1307.4921,47,0,47,17,17,1
1307.4922,43,0,43,16,16,1
1307.4923,47,0,47,17,17,1
1307.4924,41,0,41,16,16,2
1307.4925,47,0,47,17,17,1
1307.4926,42,0,42,16,16,1
1307.4927,42,0,42,16,16,2
1307.4928,39,0,39,15,15,1
1307.4929,40,0,40,16,16,1
1307.493,46,0,46,16,16,1
1307.4930,42,2,40,16,15,2
1307.4931,44,0,44,17,17,1
1307.4932,42,0,42,17,17,1
1307.4933,46,0,46,16,16,1
1307.4934,45,5,40,17,16,2
1307.4935,45,0,45,16,16,0
1307.4936,43,0,43,17,17,1
1307.4937,43,0,43,17,17,1
1307.4938,41,0,41,15,15,1
1307.4939,42,0,42,16,16,1
1307.4940,47,0,47,17,17,1
1307.4941,49,0,49,18,18,1
1307.4942,43,0,43,16,16,1
1307.4943,45,0,45,16,16,1
1307.4944,46,0,46,17,17,1
1307.4945,47,0,47,17,17,1
1307.4946,43,0,43,17,17,1
1307.4947,43,2,41,16,16,2
1307.4948,42,0,42,17,17,1
1307.4949,47,8,39,17,15,2
1307.495,43,2,41,16,15,1
1307.4950,45,5,40,17,16,2
1307.4951,47,0,47,17,17,1
1307.4952,41,0,41,15,15,1
1307.4953,44,2,42,17,17,2
1307.4954,49,0,49,17,17,1
1307.4955,41,0,41,16,16,1
1307.4956,44,2,42,17,17,2
1307.4957,42,0,42,17,17,1
1307.4958,39,0,39,15,15,1
1307.4959,45,0,45,17,17,1
1307.496,46,0,46,16,16,1
1307.4960,43,0,43,16,16,1
1307.4961,47,0,47,17,17,1
1307.4962,46,0,46,18,18,1
1307.4963,42,0,42,17,17,1
1307.4964,45,0,45,16,16,1
1307.4965,47,0,47,17,17,1
1307.4966,45,5,40,17,16,2
1307.4967,46,0,46,17,17,1
1307.4968,42,0,42,16,16,1
1307.4969,51,2,49,18,18,2
1307.497,43,0,43,17,17,0
1307.4970,44,0,44,17,17,1
1307.4971,50,2,48,18,17,2
1307.4972,43,0,43,17,17,1
1307.4973,47,0,47,17,17,1
1307.4974,44,2,42,17,17,2
1307.4975,45,0,45,16,16,1
1307.4976,47,2,45,16,16,2
1307.4977,51,0,51,18,18,1
1307.4979,44,1,43,17,17,2
1307.498,40,0,40,14,14,1
1307.4980,44,1,43,17,17,2
1307.4981,44,1,43,17,17,2
1307.4982,49,0,49,18,18,2
1307.4983,48,5,43,18,17,1
1307.4984,57,3,54,17,17,3
1307.4985,45,5,40,17,16,2
1307.4986,39,5,34,14,13,4
1307.4987,45,2,43,18,17,3
1307.4988,51,4,47,19,19,5
1307.4989,44,2,42,20,20,1
1307.499,47,0,47,17,17,1
1307.4990,45,5,40,17,16,2
1307.4991,46,1,45,17,17,1
1307.4992,49,0,49,22,22,2
1307.4993,47,11,36,17,15,2
1307.4994,48,2,46,18,18,3
1307.4995,46,4,42,17,17,3
1307.4996,57,3,54,18,17,3
1307.4997,61,1,60,31,30,1
1307.4998,51,1,50,17,17,3
1307.4999,45,5,40,17,16,2
1307.500,51,2,49,20,20,1
1307.5000,49,2,47,18,18,2
1307.5001,46,4,42,17,15,3
1307.5002,49,0,49,18,18,1
1307.5003,41,0,41,16,16,1
1307.5004,38,0,38,20,20,0
1307.5005,49,0,49,18,18,2
1307.5006,45,4,41,20,17,2
1307.5007,45,2,43,18,17,2
1307.5008,41,0,41,15,15,0
1307.5009,41,0,41,15,15,0
1307.501,43,0,43,18,18,1
1307.5010,45,0,45,16,16,1
1307.5011,46,0,46,17,17,1
1307.5012,46,0,46,19,19,0
1307.5021,39,0,39,20,20,0
1307.5022,46,0,46,22,22,2
1307.5023,48,0,48,22,22,3
1307.5024,54,7,47,24,23,5
1307.5025,46,1,45,18,17,0
1307.5026,47,2,45,23,22,5
1307.5027,48,1,47,23,22,4
1307.5028,48,1,47,22,21,4
1307.5029,48,1,47,22,21,3
1307.503,36,0,36,14,14,1
1307.5030,45,0,45,22,22,3
1307.5031,54,7,47,23,22,5
1307.5032,49,1,48,22,21,3
1307.5033,46,1,45,18,17,2
1307.5034,42,0,42,21,21,3
1307.5035,56,5,51,25,24,2
1307.5036,52,3,49,23,23,4
1307.5037,52,3,49,23,23,4
1307.5038,54,7,47,23,22,5
1307.5039,43,3,40,18,17,1
1307.504,42,2,40,16,15,1
1307.5040,48,0,48,23,23,1
1307.5041,43,3,40,18,17,1
1307.5042,43,3,40,18,17,1
1307.5043,43,3,40,18,17,1
1307.5044,48,3,45,18,17,1
1307.5045,43,3,40,18,17,1
1307.5046,47,2,45,25,24,4
1307.5047,44,1,43,18,17,1
1307.5048,47,0,47,21,21,2
1307.5049,44,1,43,18,17,1
1307.505,43,0,43,17,17,0
1307.5050,44,5,39,16,15,2
1307.5051,49,2,47,18,17,3
1307.5052,48,4,44,18,17,5
1307.5053,45,8,37,16,14,2
1307.5054,51,0,51,20,20,0
1307.5055,41,0,41,16,16,2
1307.5056,48,4,44,18,17,3
1307.5057,41,0,41,16,16,2
1307.5058,45,8,37,16,14,2
1307.5059,44,8,36,16,14,2
1307.506,45,0,45,16,16,1
1307.5060,41,0,41,16,16,1
1307.5061,45,8,37,16,14,2
1307.5062,41,0,41,16,16,2
1307.5063,46,0,46,17,17,1
1307.5064,51,2,49,18,17,3
1307.5065,46,0,46,17,17,1
1307.5066,53,2,51,23,23,3
1307.5067,42,0,42,17,17,1
1307.5068,51,0,51,20,20,0
1307.5069,45,8,37,16,14,2
1307.507,45,0,45,16,16,0
1307.5070,47,0,47,17,17,1
1307.5071,41,0,41,16,16,1
1307.5072,42,0,42,17,17,1
1307.5073,42,0,42,17,17,1
1307.5074,45,8,37,16,14,2
1307.5075,44,2,42,16,15,1
1307.5076,45,8,37,16,14,2
1307.5077,45,1,44,16,16,3
1307.5078,38,2,36,14,14,2
1307.5079,42,2,40,16,15,1
1307.5080,41,2,39,15,14,3
1307.5081,45,3,42,19,18,1
1307.5082,45,8,37,16,14,2
1307.5083,45,8,37,16,14,2
1307.5084,45,8,37,16,14,2
1307.5085,45,8,37,16,14,2
1307.5086,45,8,37,16,14,2
1307.5087,41,0,41,16,16,2
1307.5088,40,2,38,19,19,3
1307.5089,45,8,37,16,14,2
1307.5090,45,8,37,16,14,2
1307.5091,41,0,41,16,16,2
1307.5092,45,5,40,17,16,2
1307.5093,41,0,41,16,16,1
1307.5094,45,8,37,16,14,2
1307.5095,46,3,43,17,16,2
1307.5096,45,8,37,17,15,2
1307.512,47,0,47,17,17,1
1307.5123,43,0,43,17,17,1
1307.5124,39,0,39,17,17,0
1307.5125,44,2,42,17,17,2
1307.5126,43,0,43,17,17,1
1307.5127,44,4,40,17,16,2
1307.5128,49,2,47,19,18,3
1307.5129,42,2,40,16,15,2
1307.513,36,2,34,13,13,1
1307.5130,49,2,47,17,17,1
1307.5131,48,12,36,18,15,3
1307.515,46,0,46,17,17,1
1307.516,42,1,41,21,20,2
1307.517,38,0,38,15,15,1
1307.519,46,0,46,17,17,1
1307.5293,44,2,42,17,16,2
1307.5294,46,0,46,17,17,1
1307.5295,51,2,49,22,21,1
1307.5296,51,7,44,24,21,2
1307.5297,48,2,46,19,18,2
1307.5298,38,0,38,19,19,0
1307.5299,57,3,54,25,24,3
1307.5300,46,2,44,17,16,2
1307.5301,43,5,38,16,15,2
1307.5302,45,4,41,20,17,2
1307.5303,46,8,38,17,15,2
1307.5304,46,0,46,17,17,1
1307.5305,45,8,37,16,14,2
1307.5306,45,3,42,19,18,2
1307.5307,54,6,48,21,20,5
1307.5308,54,6,48,21,20,6
1307.5309,45,8,37,16,14,2
1307.5310,43,3,40,19,17,2
1307.5311,51,1,50,17,17,2
1307.5312,42,0,42,16,16,1
1307.5313,45,0,45,19,19,1
1307.5314,40,2,38,19,19,0
1307.5315,45,5,40,17,16,2
1307.5316,50,2,48,19,19,3
1307.5317,43,2,41,16,15,1
1307.5318,53,0,53,26,26,3
1307.5319,43,2,41,16,15,1
1307.5320,46,0,46,18,18,0
1307.5321,48,0,48,18,18,1
1307.5322,56,2,54,24,24,2
1307.5323,46,8,38,17,15,2
1307.5324,48,2,46,18,18,3
1307.5325,54,1,53,23,23,2
1307.5326,47,2,45,17,16,1
1307.5327,48,2,46,18,18,2
1307.5328,45,3,42,17,16,1
1307.5329,41,0,41,16,16,1
1307.5330,41,0,41,16,16,1
1307.5331,44,1,43,17,17,2
1307.5539,46,1,45,19,18,2
1307.5540,38,1,37,17,16,2
1307.5541,47,1,46,19,18,2
1307.5542,38,1,37,17,16,2
1307.5543,46,1,45,19,18,2
1307.5544,47,0,47,19,19,1
1307.5545,38,1,37,17,16,2
1307.5546,43,1,42,18,18,2
1307.5547,40,2,38,17,17,2
1307.5548,43,1,42,18,18,2
1307.5549,41,8,33,18,16,2
1307.5550,55,3,52,24,24,1
1307.5551,51,3,48,25,25,3
1307.5552,50,3,47,25,25,3
1307.5553,45,1,44,18,18,3
1307.5554,57,6,51,24,23,3
1307.5555,48,5,43,21,20,2
1307.5556,38,2,36,17,17,2
1307.5557,48,5,43,21,20,2
1307.5558,50,4,46,22,21,3
1307.5559,56,3,53,26,24,3
1307.5560,46,0,46,19,19,0
1307.5561,46,3,43,23,22,3
1307.5562,47,2,45,16,16,2
1307.5563,46,3,43,23,22,3
1307.5564,48,3,45,22,22,3
1307.5565,39,1,38,15,15,1
1307.5566,37,0,37,17,17,2
1307.5567,52,3,49,25,25,3
1307.5568,55,2,53,21,21,1
1307.5569,45,3,42,20,20,3
1307.5570,39,0,39,17,17,3
1307.5571,43,2,41,18,18,1
1307.5572,48,3,45,20,20,2
1307.5573,49,1,48,22,22,3
1307.5574,53,0,53,19,19,3
1307.5575,53,0,53,19,19,3
1307.5576,52,0,52,18,18,3
1307.5577,53,0,53,19,19,3
1307.5578,54,0,54,19,19,3
1307.5579,53,0,53,19,19,3
1307.5580,53,0,53,19,19,3
1307.5581,53,0,53,19,19,3
1307.5582,53,0,53,19,19,3
1307.5583,51,2,49,20,20,4
1307.5584,47,0,47,18,18,1
1307.5585,34,0,34,14,14,0
1307.5586,46,0,46,18,18,2
1307.5587,36,0,36,14,14,0
1307.5588,44,0,44,17,17,1
1307.5589,46,0,46,17,17,1
1307.5590,47,0,47,17,17,1
1307.5591,46,0,46,17,17,1
1307.5592,46,0,46,17,17,1
1307.5593,46,0,46,17,17,0
1307.5594,35,0,35,16,16,0
1307.5595,50,0,50,19,19,1
1307.5596,51,0,51,20,20,2
1307.5597,45,0,45,17,17,1
1307.5605,43,4,39,18,16,2
1307.5606,45,4,41,19,17,1
1307.5607,42,0,42,19,19,2
1307.5608,59,1,58,25,25,3
1307.5609,53,0,53,21,21,0
1307.5610,44,0,44,16,16,1
1307.5611,60,3,57,24,23,2
1307.5612,55,1,54,19,18,2
1307.5613,40,0,40,15,15,1
1307.5614,49,0,49,20,20,0
1307.5615,53,1,52,21,21,1
1307.5616,57,3,54,27,26,2
1307.5617,61,1,60,25,25,3
1307.5618,42,6,36,19,16,2
1307.5619,36,2,34,15,15,1
1307.5620,56,1,55,23,23,2
1307.5621,56,1,55,23,23,2
1307.5622,56,1,55,23,23,2
1307.5623,56,1,55,23,23,2
1307.5624,52,0,52,26,26,0
1307.5625,36,2,34,15,15,1
1307.5626,36,2,34,15,15,1
1307.5627,43,0,43,16,16,1
1307.5628,51,4,47,21,19,4
1307.5629,52,15,37,21,15,4
1307.5630,52,1,51,22,21,1
1307.5631,46,3,43,18,15,4
1307.5632,42,1,41,16,15,3
1307.5633,47,4,43,23,21,4
1307.5634,44,3,41,20,19,1
1307.5635,48,3,45,19,18,2
1307.5636,53,1,52,21,20,1
1307.5637,38,0,38,15,15,1
1307.5638,48,1,47,19,18,1
1307.5639,53,3,50,22,21,0
1307.5640,50,2,48,16,16,1
1307.565,46,3,43,20,17,3
1307.566,42,2,40,17,15,2
1307.567,36,0,36,14,14,1
1307.568,47,2,45,18,17,1
1307.569,36,0,36,18,18,1
1307.570,41,0,41,15,15,1
1307.571,50,3,47,22,20,1
1307.572,36,0,36,14,14,1
1307.573,42,0,42,16,16,0
1307.574,40,0,40,15,15,1
1307.5742,11,0,11,6,6,0
1307.5743,34,0,34,15,15,0
1307.5744,69,8,61,27,25,6
1307.5745,16,2,14,11,9,1
1307.5746,11,0,11,6,6,0
1307.5747,32,0,32,15,15,0
1307.575,47,0,47,17,17,1
1307.5757,50,2,48,20,20,2
1307.5758,46,2,44,19,19,1
1307.5759,51,2,49,20,20,2
1307.576,48,0,48,17,17,1
1307.5760,49,2,47,19,19,1
1307.5761,50,2,48,19,19,2
1307.5762,52,2,50,20,20,2
1307.5763,43,0,43,17,17,1
1307.5764,51,2,49,20,20,2
1307.5765,42,0,42,15,15,1
1307.5766,46,1,45,18,17,2
1307.577,44,0,44,16,16,1
1307.578,47,0,47,21,21,0
1307.579,31,5,26,15,15,2
1307.580,54,3,51,20,18,1
1307.581,36,2,34,19,17,1
1307.582,55,3,52,20,18,1
1307.583,44,0,44,16,16,1
1307.584,42,0,42,17,17,1
1307.585,46,0,46,17,17,1
1307.5850,38,0,38,15,15,1
1307.5851,45,8,37,16,14,2
1307.5852,45,8,37,16,14,2
1307.586,38,2,36,17,17,4
1307.587,44,0,44,16,16,0
1307.588,47,0,47,17,17,1
1307.5888,48,2,46,19,18,2
1307.5889,61,0,61,22,22,0
1307.589,38,0,38,17,17,2
1307.5893,53,2,51,23,22,0
1307.590,49,3,46,17,17,2
1307.591,43,2,41,17,16,1
1307.5914,45,4,41,21,20,4
1307.5915,45,0,45,19,19,0
1307.5916,40,0,40,16,16,1
1307.5917,41,0,41,16,16,2
1307.5918,32,1,31,17,17,1
1307.5919,43,0,43,20,20,0
1307.592,44,0,44,16,16,0
1307.5920,46,0,46,19,19,0
1307.593,47,0,47,17,17,1
1307.594,37,0,37,15,15,1
1307.595,56,6,50,19,18,2
1307.596,47,0,47,18,18,0
1307.5967,43,2,41,16,15,1
1307.5968,46,0,46,18,18,1
1307.5969,49,0,49,17,17,1
1307.597,51,2,49,20,19,2
1307.5970,60,13,47,21,18,5
1307.5971,49,6,43,21,18,2
1307.5972,49,2,47,19,19,1
1307.5973,49,1,48,21,21,2
1307.5974,63,6,57,25,23,3
1307.5975,60,0,60,24,24,1
1307.5976,61,0,61,24,24,1
1307.5977,52,1,51,21,21,2
1307.5978,59,3,56,27,24,3
1307.5979,47,0,47,21,21,0
1307.598,47,0,47,18,18,1
1307.5980,32,0,32,15,15,1
1307.5981,63,5,58,27,23,1
1307.5982,39,0,39,20,20,1
1307.5983,40,4,36,17,16,2
1307.5984,56,3,53,24,21,4
1307.5985,61,1,60,24,24,4
1307.5986,50,0,50,21,21,1
1307.5987,49,0,49,21,21,0
1307.5988,48,5,43,21,21,3
1307.5989,61,1,60,26,26,4
1307.599,52,2,50,20,20,1
1307.5990,53,4,49,21,21,2
1307.5991,46,0,46,19,19,0
1307.5992,53,4,49,21,21,2
1307.5997,43,2,41,17,16,1
1307.5998,44,0,44,16,16,1
1307.5999,44,0,44,16,16,1
1307.600,43,0,43,17,17,0
1307.6000,44,0,44,16,16,1
1307.6001,44,0,44,16,16,1
1307.6002,44,0,44,16,16,1
1307.6003,43,0,43,16,16,1
1307.6004,44,0,44,16,16,1
1307.6005,44,0,44,16,16,1
1307.601,38,0,38,14,14,1
1307.602,42,0,42,16,16,1
1307.603,37,0,37,15,15,1
1307.604,54,3,51,22,20,2
1307.605,38,1,37,13,13,1
1307.606,45,0,45,16,16,1
1307.607,51,0,51,21,21,1
1307.608,46,0,46,23,23,2
1307.609,39,1,38,13,13,1
1307.610,61,1,60,27,26,1
1307.611,55,6,49,22,20,2
1307.612,37,0,37,18,18,1
1307.613,43,2,41,18,17,2
1307.614,48,1,47,19,18,2
1307.615,52,2,50,21,21,1
1307.616,40,2,38,17,16,2
1307.617,42,3,39,20,19,0
1307.618,43,0,43,20,20,0
1307.619,34,3,31,16,14,2
1307.620,43,3,40,18,16,3
1307.621,43,2,41,16,15,1
1307.622,47,1,46,19,19,1
1307.623,50,2,48,20,19,1
1307.624,45,0,45,16,16,0
1307.625,42,0,42,17,17,1
1307.626,45,0,45,16,16,0
1307.627,46,0,46,16,16,1
1307.628,46,2,44,16,16,1
1307.629,48,1,47,18,17,2
1307.630,40,0,40,14,14,2
1307.631,47,0,47,18,18,1
1307.632,47,0,47,18,18,1
1307.633,38,0,38,15,15,1
1307.634,47,0,47,17,17,1
1307.635,63,5,58,26,24,4
1307.636,40,0,40,15,15,1
1307.637,43,0,43,17,17,0
1307.638,47,0,47,17,17,1
1307.639,42,0,42,15,15,1
1307.640,47,0,47,17,17,1
1307.641,46,0,46,17,17,1
1307.642,43,2,41,16,15,1
1307.643,54,3,51,22,20,2
1307.644,48,4,44,18,17,0
1307.645,42,0,42,17,17,1
1307.646,44,0,44,21,21,2
1307.647,42,0,42,16,16,1
1307.648,46,0,46,17,17,2
1307.649,40,0,40,14,14,2
1307.650,46,2,44,16,16,2
1307.651,46,0,46,17,17,1
1307.652,45,0,45,16,16,0
1307.6521,44,4,40,19,18,5
1307.6522,34,0,34,14,14,1
1307.6523,37,0,37,15,15,1
1307.6524,46,4,42,20,19,3
1307.6525,38,0,38,16,16,1
1307.6526,37,0,37,15,15,0
1307.6527,41,1,40,17,16,2
1307.6528,35,4,31,17,16,3
1307.6529,54,2,52,23,21,2
1307.653,45,0,45,16,16,0
1307.6530,56,1,55,22,22,3
1307.6531,51,3,48,19,18,4
1307.6535,60,6,54,24,21,8
1307.6536,59,3,56,24,23,3
1307.6537,42,6,36,17,16,1
1307.6538,46,6,40,17,16,1
1307.6539,51,2,49,19,19,2
1307.654,47,0,47,18,18,1
1307.6540,50,0,50,20,20,3
1307.6541,43,6,37,17,15,2
1307.6542,42,0,42,17,17,2
1307.6543,50,2,48,22,21,3
1307.655,43,0,43,20,20,0
1307.656,41,1,40,17,16,2
1307.657,43,0,43,17,17,0
1307.658,43,0,43,17,17,1
1307.659,43,0,43,17,17,0
1307.660,47,0,47,17,17,1
1307.661,45,0,45,16,16,0
1307.662,44,0,44,19,19,1
1307.663,42,2,40,16,15,1
1307.664,63,3,60,29,27,2
1307.665,47,0,47,21,21,0
1307.666,38,0,38,15,15,1
1307.667,43,4,39,22,22,4
1307.668,44,0,44,16,16,1
1307.669,43,2,41,16,15,1
1307.670,47,2,45,16,16,2
1307.671,43,0,43,17,17,1
1307.672,47,0,47,17,17,1
1307.673,47,0,47,17,17,1
1307.674,47,2,45,16,16,1
1307.675,50,3,47,22,20,1
1307.676,40,0,40,20,20,2
1307.677,43,0,43,17,17,0
1307.678,47,0,47,17,17,1
1307.679,32,0,32,17,17,0
1307.680,43,2,41,16,15,1
1307.681,42,1,41,17,17,0
1307.682,44,0,44,16,16,1
1307.683,39,0,39,15,15,1
1307.684,41,0,41,17,17,0
1307.685,37,1,36,15,14,1
1307.686,47,2,45,17,16,2
1307.687,46,0,46,16,16,1
1307.688,45,2,43,15,15,1
1307.689,47,0,47,17,17,1
1307.690,43,0,43,17,17,0
1307.691,45,3,42,18,17,1
1307.692,36,0,36,18,18,1
1307.693,45,0,45,16,16,0
1307.694,44,2,42,17,16,1
1307.695,39,1,38,13,13,1
1307.696,34,0,34,17,17,0
1307.697,42,1,41,21,20,3
1307.698,52,0,52,18,18,1
1307.700,50,0,50,17,17,0
1307.701,42,0,42,16,16,1
1307.702,49,0,49,20,20,1
1307.703,36,0,36,14,14,0
1307.704,36,0,36,14,14,1
1307.705,44,2,42,17,16,1
1307.706,47,0,47,17,17,1
1307.707,40,0,40,17,17,0
1307.708,40,0,40,14,14,1
1307.709,39,3,36,15,15,2
1307.710,47,0,47,17,17,1
1307.711,47,0,47,17,17,2
1307.712,42,0,42,15,15,1
1307.713,50,2,48,24,24,2
1307.714,47,2,45,17,16,2
1307.715,47,0,47,17,17,0
1307.716,45,0,45,16,16,0
1307.717,47,0,47,17,17,1
1307.718,43,0,43,17,17,0
1307.719,47,2,45,16,16,1
1307.720,42,0,42,17,17,1
1307.721,41,0,41,17,17,1
1307.722,46,0,46,16,16,1
1307.723,39,0,39,15,15,1
1307.724,33,3,30,16,14,2
1307.725,45,0,45,16,16,1
1307.726,47,0,47,17,17,1
1307.727,47,0,47,17,17,1
1307.728,46,0,46,17,17,1
1307.729,47,0,47,17,17,1
1307.730,45,0,45,16,16,1
1307.731,38,0,38,15,15,1
1307.732,42,0,42,17,17,1
1307.733,40,0,40,14,14,1
1307.734,39,0,39,15,15,1
1307.735,41,0,41,16,16,1
1307.736,43,0,43,17,17,0
1307.737,36,0,36,14,14,1
1307.738,47,0,47,17,17,1
1307.739,42,0,42,15,15,1
1307.740,46,0,46,19,19,1
1307.741,48,1,47,15,15,0
1307.742,43,0,43,17,17,0
1307.743,44,0,44,16,16,1
1307.744,47,3,44,16,16,2
1307.745,48,0,48,17,17,1
1307.746,42,0,42,16,16,1
1307.747,32,1,31,18,17,1
1307.748,51,2,49,20,19,2
1307.749,52,2,50,20,19,3
1307.750,47,2,45,17,16,2
1307.751,47,0,47,17,17,1
1307.752,47,0,47,17,17,1
1307.753,46,2,44,21,20,1
1307.754,39,3,36,16,15,2
1307.755,47,0,47,17,17,1
1307.756,47,0,47,17,17,1
1307.757,47,0,47,17,17,1
1307.758,47,0,47,17,17,1
1307.759,51,0,51,26,26,1
1307.760,61,1,60,24,24,3
1307.761,45,0,45,16,16,1
1307.762,46,1,45,17,16,2
1307.763,47,0,47,17,17,1
1307.764,38,0,38,15,15,1
1307.765,56,6,50,19,18,3
1307.766,46,2,44,18,17,1
1307.767,48,0,48,20,20,0
1307.768,42,1,41,21,20,3
1307.769,41,0,41,20,20,1
1307.770,53,3,50,26,26,2
1307.771,37,3,34,18,17,2
1307.772,44,0,44,18,18,1
1307.773,43,0,43,17,17,0
1307.774,41,0,41,15,15,1
1307.775,46,6,40,22,20,4
1307.776,45,0,45,16,16,1
1307.777,47,0,47,17,17,1
1307.778,45,0,45,16,16,2
1307.779,46,0,46,16,16,1
1307.780,43,0,43,17,17,0
1307.781,38,0,38,15,15,1
1307.782,44,2,42,19,18,2
1307.783,52,3,49,24,22,1
1307.784,45,0,45,22,22,2
1307.785,43,2,41,18,17,2
1307.786,45,0,45,16,16,0
1307.787,47,0,47,17,17,1
1307.788,47,0,47,17,17,1
1307.789,51,11,40,18,16,2
1307.790,40,2,38,17,16,2
1307.791,42,0,42,15,15,1
1307.792,42,0,42,15,15,1
1307.793,45,0,45,21,21,1
1307.794,39,3,36,17,16,2
1307.795,40,0,40,15,15,1
1307.796,47,0,47,17,17,1
1307.797,47,0,47,17,17,1
1307.798,38,0,38,15,15,1
1307.799,43,0,43,20,20,2
1307.800,47,0,47,17,17,1
1307.801,42,0,42,16,16,1
1307.802,47,0,47,16,16,1
1307.803,47,0,47,17,17,1
1307.804,42,0,42,15,15,1
1307.805,42,0,42,17,17,1
1307.806,56,2,54,21,21,3
1307.807,53,3,50,26,26,2
1307.808,55,3,52,20,18,1
1307.809,55,3,52,20,18,1
1307.810,38,0,38,15,15,0
1307.811,45,0,45,16,16,1
1307.812,47,2,45,16,16,1
1307.813,45,2,43,17,17,2
1307.814,44,0,44,17,17,0
1307.815,60,4,56,23,22,3
1307.816,48,1,47,19,18,1
1307.817,43,0,43,17,17,0
1307.818,43,0,43,17,17,0
1307.819,46,0,46,16,16,1
1307.820,48,3,45,18,16,1
1307.821,42,1,41,16,15,2
1307.822,43,0,43,17,17,0
1307.823,42,0,42,15,15,1
1307.824,52,2,50,21,21,2
1307.825,40,1,39,13,13,1
1307.826,42,2,40,16,15,1
1307.827,43,0,43,17,17,0
1307.828,46,0,46,16,16,1
1307.829,46,1,45,17,16,2
1307.830,47,3,44,20,18,1
1307.831,36,2,34,17,16,1
1307.832,43,2,41,16,15,1
1307.833,63,1,62,27,26,2
1307.834,47,9,38,18,17,2
1307.835,43,2,41,16,15,1
1307.836,47,0,47,17,17,1
1307.837,47,0,47,17,17,1
1307.838,47,2,45,16,16,1
1307.839,47,0,47,17,17,1
1307.840,41,0,41,16,16,1
1307.841,37,4,33,17,15,1
1307.842,55,3,52,20,18,1
1307.843,42,2,40,16,15,1
1307.844,38,0,38,17,17,2
1307.845,43,0,43,17,17,0
1307.846,45,3,42,18,17,1
1307.847,43,0,43,17,17,0
1307.848,54,2,52,20,20,1
1307.849,53,2,51,20,20,1
1307.850,38,0,38,15,15,1
1307.851,40,2,38,15,15,2
1307.852,45,0,45,16,16,1
1307.853,45,0,45,16,16,1
1307.854,47,0,47,17,17,1
1307.855,47,0,47,17,17,1
1307.856,47,3,44,20,20,0
1307.857,46,3,43,17,16,2
1307.858,36,2,34,13,13,1
1307.859,43,0,43,18,18,1
1307.860,42,1,41,21,20,3
1307.861,42,0,42,15,15,1
1307.862,43,0,43,16,16,1
1307.863,38,0,38,15,15,1
1307.864,40,0,40,15,15,1
1307.865,46,1,45,16,16,1
1307.866,45,0,45,16,16,0
1307.867,49,2,47,17,17,2
1307.868,37,0,37,13,13,0
1307.869,45,0,45,16,16,1
1307.870,42,2,40,16,15,1
1307.871,42,0,42,17,17,1
1307.872,44,0,44,16,16,1
1307.873,45,0,45,16,16,0
1307.874,43,0,43,17,17,0
1307.875,42,0,42,15,15,1
1307.876,47,0,47,17,17,2
1307.877,45,0,45,16,16,0
1307.878,45,0,45,16,16,1
1307.879,46,0,46,16,16,1
1307.880,49,3,46,17,17,2
1307.881,47,0,47,17,17,1
1307.882,43,0,43,17,17,0
1307.883,45,0,45,16,16,0
1307.884,47,2,45,16,16,1
1307.885,47,0,47,17,17,1
1307.886,38,2,36,17,17,5
1307.887,45,0,45,22,22,2
1307.888,40,0,40,15,15,1
1307.889,56,6,50,22,20,1
1307.890,46,1,45,16,16,2
1307.891,55,3,52,20,18,1
1307.892,48,0,48,18,18,1
1307.893,38,0,38,15,15,1
1307.894,47,0,47,17,17,1
1307.895,37,0,37,15,15,1
1307.896,42,0,42,15,15,1
1307.897,47,0,47,17,17,1
1307.898,45,0,45,16,16,1
1307.899,40,0,40,14,14,1
1307.90,46,0,46,17,17,1
1307.900,46,1,45,17,16,2
1307.901,45,0,45,16,16,1
1307.902,47,0,47,17,17,1
1307.903,45,0,45,16,16,0
1307.904,42,2,40,16,15,2
1307.905,34,3,31,18,16,3
1307.906,43,0,43,17,17,0
1307.907,38,0,38,18,18,1
1307.908,48,0,48,17,17,1
1307.909,45,0,45,16,16,0
1307.91,46,0,46,16,16,1
1307.910,47,0,47,17,17,1
1307.911,46,0,46,16,16,1
1307.912,46,0,46,16,16,1
1307.913,42,0,42,15,15,1
1307.914,43,2,41,16,15,1
1307.915,36,2,34,19,17,1
1307.916,47,9,38,18,17,3
1307.917,41,0,41,16,16,0
1307.918,51,2,49,20,20,1
1307.919,40,2,38,16,15,1
1307.92,45,1,44,16,16,1
1307.920,47,0,47,17,17,1
1307.921,47,2,45,16,16,1
1307.922,43,0,43,21,21,0
1307.923,39,4,35,18,16,2
1307.924,46,0,46,19,19,1
1307.925,30,0,30,15,15,0
1307.926,46,0,46,19,19,2
1307.927,41,0,41,16,16,0
1307.928,44,0,44,22,22,1
1307.929,41,0,41,16,16,1
1307.93,45,0,45,21,21,1
1307.930,55,2,53,22,22,1
1307.931,40,0,40,14,14,1
1307.932,43,0,43,17,17,0
1307.933,42,1,41,17,17,0
1307.934,48,0,48,18,18,1
1307.935,48,0,48,17,17,0
1307.936,43,2,41,16,15,1
1307.937,50,4,46,23,21,3
1307.938,37,3,34,17,16,2
1307.939,62,1,61,28,27,3
1307.94,37,0,37,15,15,1
1307.940,45,0,45,22,22,2
1307.941,42,2,40,17,15,3
1307.942,38,0,38,14,14,1
1307.943,36,0,36,14,14,1
1307.944,49,0,49,18,18,1
1307.945,47,0,47,17,17,1
1307.946,45,0,45,16,16,0
1307.947,54,0,54,19,19,1
1307.948,45,0,45,16,16,0
1307.949,40,2,38,20,18,1
1307.95,50,0,50,21,21,1
1307.950,56,6,50,22,22,5
1307.951,41,0,41,16,16,1
1307.952,31,5,26,15,15,3
1307.953,47,0,47,23,23,3
1307.954,46,1,45,17,16,3
1307.955,43,0,43,17,17,0
1307.956,43,0,43,17,17,0
1307.957,45,0,45,16,16,0
1307.958,46,0,46,16,16,0
1307.959,46,1,45,17,16,3
1307.96,46,1,45,17,16,2
1307.960,53,0,53,21,21,2
1307.961,53,0,53,21,21,2
1307.962,46,0,46,19,19,1
1307.963,40,3,37,19,16,1
1307.964,42,0,42,17,17,1
1307.965,47,1,46,18,17,2
1307.966,43,0,43,17,17,0
1307.967,43,2,41,15,15,2
1307.968,36,0,36,14,14,1
1307.969,49,2,47,16,16,2
1307.97,45,0,45,16,16,0
1307.970,45,0,45,16,16,0
1307.971,46,3,43,20,17,3
1307.972,45,0,45,16,16,1
1307.973,47,0,47,17,17,1
1307.974,45,0,45,16,16,1
1307.975,45,0,45,16,16,1
1307.976,47,0,47,23,23,2
1307.977,46,0,46,21,21,3
1307.978,45,0,45,17,17,1
1307.979,46,0,46,17,17,1
1307.98,46,0,46,17,17,2
1307.980,48,0,48,18,18,0
1307.981,44,0,44,16,16,1
1307.982,48,3,45,19,18,3
1307.983,59,3,56,22,20,1
1307.984,44,0,44,16,16,1
1307.985,56,1,55,21,21,3
1307.986,43,2,41,16,15,1
1307.987,43,0,43,17,17,0
1307.988,36,0,36,14,14,1
1307.989,43,0,43,17,17,0
1307.99,47,0,47,17,17,1
1307.990,40,0,40,15,15,1
1307.991,43,2,41,16,16,3
1307.992,47,1,46,17,16,2
1307.993,50,0,50,19,19,1
1321372.3,40,1,39,20,19,1
1323687.3,48,3,45,21,21,2
1323688.3,46,1,45,21,21,0
1323689.3,61,4,57,22,21,1
1323690.3,50,2,48,21,21,1
1323691.3,64,2,62,27,27,1
1323692.3,48,0,48,24,24,1
1323693.3,53,1,52,25,24,0
1323695.3,55,4,51,25,23,5
1323696.3,58,4,54,26,24,5
1323697.3,50,1,49,21,21,0
1323698.3,54,1,53,25,25,2
1323699.3,57,4,53,25,23,4
1323700.3,55,4,51,25,23,5
1323702.3,59,4,55,25,24,2
1323704.3,63,2,61,27,27,3
1323708.3,50,3,47,21,21,3
1323709.3,40,1,39,20,19,1
1340847.3,45,0,45,22,22,3
1380773.3,38,1,37,16,15,2
1380773.4,29,0,29,14,14,0
1380773.5,18,0,18,9,9,0
1380773.6,29,0,29,14,14,0
1416913.4,46,2,44,16,16,2
218494.6,38,0,38,15,15,1
286604.5,46,2,44,19,18,2
391296.8,43,0,43,15,15,1
423211.3,38,0,38,14,14,1
568813.3,47,0,47,17,17,1
568814.3,49,0,49,17,17,1
672190.3,18,0,18,10,10,0
945704.3,42,7,35,15,13,2
993512.3,37,0,37,15,15,1
996306.3,66,1,65,26,26,1
