term,coef,IRR,p_value,IRR_lo,IRR_hi
Intercept,-17.41558438567453,2.7321705273891134e-08,1.7575555197200676e-51,2.8472342789574703e-09,2.621756785489032e-07
"C(sero, Treatment('2'))[T.1]",-0.0786998012689289,0.9243173616989365,0.0006437161620443661,0.8834672975608711,0.96705626512363
"C(sero, Treatment('2'))[T.14]",-0.03192254327900834,0.9685816023286781,0.13446360596066018,0.9289270784397947,1.0099289192272076
"C(sero, Treatment('2'))[T.15]",0.0757646736414415,1.078708695697005,0.011848876764960305,1.0168995880809126,1.1442746794384062
"C(sero, Treatment('2'))[T.16]",-0.08314598236252331,0.920216801991558,1.5327957815169e-05,0.8861804209654294,0.9555604509350863
"C(sero, Treatment('2'))[T.1_2]",-0.07376268283635799,0.9288921097268261,0.013420975357920155,0.876133193078983,0.9848280584833057
"C(sero, Treatment('2'))[T.29]",0.14547039434916192,1.1565834926682654,6.840348274746898e-07,1.092047977842045,1.2249327892681725
"C(sero, Treatment('2'))[T.3]",-0.021423760981209978,0.9788040976886208,0.2784363072849835,0.9416086822636446,1.0174688059893917
"C(sero, Treatment('2'))[T.31]",-0.10109772431186566,0.9038447009684109,2.1260206420339457e-08,0.8724304833537452,0.936390072396671
"C(sero, Treatment('2'))[T.4]",-0.008385783543429389,0.991649279061798,0.6810280753235367,0.9527814329444666,1.0321027033711097
"C(sero, Treatment('2'))[T.5]",-0.09821242204878096,0.9064563319902289,0.0019822368592901244,0.851760577039468,0.9646643716020527
"C(sero, Treatment('2'))[T.7]",0.002993166775766729,1.0029976507721075,0.8434346143089848,0.9736432596721185,1.0332370480263433
"C(sero, Treatment('2'))[T.8]",-0.05567283819520342,0.945848530788937,0.005351204681490661,0.9095078349431026,0.9836412714922431
"C(sero, Treatment('2'))[T.9]",-0.07319433500512944,0.9294201935962806,4.107702470027911e-05,0.8974725443440602,0.9625050946777352
"C(sero, Treatment('2'))[T.other]",-0.013278770367742243,0.9868090035640058,0.20140474740547654,0.9669095222575275,1.0071180261431179
n_prophages,-0.01948372283955816,0.9807048581490722,4.562836360266471e-08,0.9738791237424372,0.987578432835937
log_size,3.8546524877501414,47.21220726978982,2.699514630194607e-112,33.75606151519706,66.03236323295883
log_contigs,0.0026870704627031815,1.0026906838723095,0.678640338307893,0.9900257848872022,1.0155175985026168
gc,-0.07680939427879327,0.9260663503299084,1.3036433906339048e-13,0.9074314946115125,0.9450838882118696
alpha,1.9068454282791593e-08,1.0000000190684544,0.990163396148305,0.9999969876435846,1.000003050502514
