pro_comm,n_prophages,n_baccomm_connections
PRO_com_0,14,1
PRO_com_1,1,1
PRO_com_10,44,1
PRO_com_100,6,1
PRO_com_101,6,1
PRO_com_102,8,1
PRO_com_103,6,1
PRO_com_104,18,1
PRO_com_105,2,1
PRO_com_106,1,1
PRO_com_107,32,1
PRO_com_108,16,2
PRO_com_109,41,1
PRO_com_11,2,1
PRO_com_110,6,2
PRO_com_111,38,3
PRO_com_112,1,1
PRO_com_113,7,2
PRO_com_114,5,1
PRO_com_115,5,1
PRO_com_116,1,1
PRO_com_117,5,1
PRO_com_118,2,1
PRO_com_119,6,2
PRO_com_12,3,1
PRO_com_120,2,1
PRO_com_121,2,1
PRO_com_122,2,1
PRO_com_123,5,1
PRO_com_124,1,1
PRO_com_125,1,1
PRO_com_126,6,1
PRO_com_127,1,1
PRO_com_128,1,1
PRO_com_129,1,1
PRO_com_13,3,1
PRO_com_130,1,1
PRO_com_131,11,2
PRO_com_132,1,1
PRO_com_133,1,1
PRO_com_134,1,1
PRO_com_135,2,1
PRO_com_136,2,1
PRO_com_137,1,1
PRO_com_138,1,1
PRO_com_139,1,1
PRO_com_14,2,1
PRO_com_140,14,8
PRO_com_141,22,1
PRO_com_142,3,1
PRO_com_143,1,1
PRO_com_144,1,1
PRO_com_145,1,1
PRO_com_146,1,1
PRO_com_147,7,1
PRO_com_148,4,1
PRO_com_149,4,1
PRO_com_15,1,1
PRO_com_150,3,3
PRO_com_151,6,2
PRO_com_152,1,1
PRO_com_153,4,3
PRO_com_154,10,1
PRO_com_155,1,1
PRO_com_156,2,1
PRO_com_157,2,1
PRO_com_158,3,1
PRO_com_159,1,1
PRO_com_16,1,1
PRO_com_160,1,1
PRO_com_161,1,1
PRO_com_162,1,1
PRO_com_163,1,1
PRO_com_164,1,1
PRO_com_165,2,1
PRO_com_166,2,1
PRO_com_167,28,1
PRO_com_168,2,1
PRO_com_169,20,1
PRO_com_17,1,1
PRO_com_170,3,3
PRO_com_171,3,1
PRO_com_172,1,1
PRO_com_173,2,1
PRO_com_174,2,1
PRO_com_175,2,1
PRO_com_176,2,1
PRO_com_177,1,1
PRO_com_178,1,1
PRO_com_179,9,1
PRO_com_18,16,4
PRO_com_180,9,1
PRO_com_181,2,1
PRO_com_182,1,1
PRO_com_183,28,4
PRO_com_184,12,1
PRO_com_185,3,1
PRO_com_186,10,1
PRO_com_187,7,1
PRO_com_188,3,1
PRO_com_189,33,2
PRO_com_19,6,2
PRO_com_190,4,2
PRO_com_191,3,1
PRO_com_192,2,1
PRO_com_193,4,1
PRO_com_194,4,1
PRO_com_195,2,1
PRO_com_196,2,1
PRO_com_197,2,1
PRO_com_198,2,1
PRO_com_199,2,1
PRO_com_2,1,1
PRO_com_20,1,1
PRO_com_200,1,1
PRO_com_201,1,1
PRO_com_202,1,1
PRO_com_203,1,1
PRO_com_204,1,1
PRO_com_205,3,1
PRO_com_206,1,1
PRO_com_207,1,1
PRO_com_208,2,1
PRO_com_209,1,1
PRO_com_21,1,1
PRO_com_210,1,1
PRO_com_211,1,1
PRO_com_212,17,6
PRO_com_213,1,1
PRO_com_214,1,1
PRO_com_215,2,2
PRO_com_216,2,1
PRO_com_217,2,1
PRO_com_218,2,1
PRO_com_219,1,1
PRO_com_22,1,1
PRO_com_220,1,1
PRO_com_221,1,1
PRO_com_222,1,1
PRO_com_223,2,1
PRO_com_224,2,1
PRO_com_225,3,2
PRO_com_226,1,1
PRO_com_227,2,2
PRO_com_228,1,1
PRO_com_229,1,1
PRO_com_23,1,1
PRO_com_230,6,1
PRO_com_231,1,1
PRO_com_232,3,1
PRO_com_233,3,1
PRO_com_234,1,1
PRO_com_235,1,1
PRO_com_236,1,1
PRO_com_237,1,1
PRO_com_238,4,2
PRO_com_239,1,1
PRO_com_24,2,1
PRO_com_240,1,1
PRO_com_241,1,1
PRO_com_242,1,1
PRO_com_243,1,1
PRO_com_244,1,1
PRO_com_245,1,1
PRO_com_246,1,1
PRO_com_247,1,1
PRO_com_248,13,1
PRO_com_249,3,1
PRO_com_25,2,1
PRO_com_250,1,1
PRO_com_251,1,1
PRO_com_252,2,1
PRO_com_253,4,1
PRO_com_254,16,2
PRO_com_255,2,1
PRO_com_256,3,1
PRO_com_257,2,1
PRO_com_258,7,1
PRO_com_259,1,1
PRO_com_26,1,1
PRO_com_260,1,1
PRO_com_261,1,1
PRO_com_262,1,1
PRO_com_263,11,1
PRO_com_264,2,1
PRO_com_265,2,1
PRO_com_266,1,1
PRO_com_267,4,1
PRO_com_268,1,1
PRO_com_269,5,2
PRO_com_27,1,1
PRO_com_270,6,1
PRO_com_271,21,1
PRO_com_272,4,1
PRO_com_273,1,1
PRO_com_274,2,1
PRO_com_275,4,1
PRO_com_276,3,1
PRO_com_277,6,1
PRO_com_278,11,3
PRO_com_279,3,1
PRO_com_28,6,1
PRO_com_280,1,1
PRO_com_281,1,1
PRO_com_282,2,1
PRO_com_283,1,1
PRO_com_284,1,1
PRO_com_285,1,1
PRO_com_286,1,1
PRO_com_287,2,1
PRO_com_288,3,2
PRO_com_289,3,2
PRO_com_29,4,1
PRO_com_290,2,1
PRO_com_291,3,1
PRO_com_292,7,2
PRO_com_293,2,1
PRO_com_294,2,1
PRO_com_295,7,4
PRO_com_296,4,1
PRO_com_297,1,1
PRO_com_298,1,1
PRO_com_299,1,1
PRO_com_3,2,2
PRO_com_30,17,5
PRO_com_300,1,1
PRO_com_301,3,2
PRO_com_302,3,1
PRO_com_303,2,1
PRO_com_304,1,1
PRO_com_305,1,1
PRO_com_306,1,1
PRO_com_307,7,1
PRO_com_308,4,1
PRO_com_309,4,1
PRO_com_31,2,1
PRO_com_310,1,1
PRO_com_311,1,1
PRO_com_312,1,1
PRO_com_313,5,3
PRO_com_314,6,3
PRO_com_315,7,4
PRO_com_316,3,1
PRO_com_317,2,1
PRO_com_318,1,1
PRO_com_319,2,1
PRO_com_32,1,1
PRO_com_320,4,1
PRO_com_321,1,1
PRO_com_322,2,1
PRO_com_323,1,1
PRO_com_324,1,1
PRO_com_325,1,1
PRO_com_326,2,1
PRO_com_327,2,1
PRO_com_328,2,1
PRO_com_329,2,1
PRO_com_33,1,1
PRO_com_330,1,1
PRO_com_331,4,1
PRO_com_332,2,1
PRO_com_333,1,1
PRO_com_334,1,1
PRO_com_335,1,1
PRO_com_336,1,1
PRO_com_337,2,2
PRO_com_338,1,1
PRO_com_339,2,1
PRO_com_34,1,1
PRO_com_340,2,1
PRO_com_341,1,1
PRO_com_342,1,1
PRO_com_343,6,2
PRO_com_344,1,1
PRO_com_345,1,1
PRO_com_346,1,1
PRO_com_347,1,1
PRO_com_348,2,1
PRO_com_349,2,1
PRO_com_35,1,1
PRO_com_350,2,1
PRO_com_351,3,1
PRO_com_352,1,1
PRO_com_353,1,1
PRO_com_354,1,1
PRO_com_355,4,2
PRO_com_356,1,1
PRO_com_357,1,1
PRO_com_358,1,1
PRO_com_359,1,1
PRO_com_36,1,1
PRO_com_360,1,1
PRO_com_361,2,1
PRO_com_362,1,1
PRO_com_363,2,1
PRO_com_364,4,1
PRO_com_365,1,1
PRO_com_366,3,1
PRO_com_367,1,1
PRO_com_368,2,1
PRO_com_369,2,1
PRO_com_37,1,1
PRO_com_370,5,2
PRO_com_371,1,1
PRO_com_372,2,1
PRO_com_373,2,1
PRO_com_374,2,1
PRO_com_375,5,1
PRO_com_376,2,1
PRO_com_377,3,1
PRO_com_378,1,1
PRO_com_379,1,1
PRO_com_38,72,2
PRO_com_380,2,1
PRO_com_381,1,1
PRO_com_382,1,1
PRO_com_383,1,1
PRO_com_384,2,1
PRO_com_385,8,1
PRO_com_386,5,1
PRO_com_387,5,2
PRO_com_388,2,1
PRO_com_389,1,1
PRO_com_39,2,2
PRO_com_390,1,1
PRO_com_391,1,1
PRO_com_392,3,2
PRO_com_393,1,1
PRO_com_394,1,1
PRO_com_395,1,1
PRO_com_396,1,1
PRO_com_397,1,1
PRO_com_398,1,1
PRO_com_399,1,1
PRO_com_4,713,4
PRO_com_40,1,1
PRO_com_400,1,1
PRO_com_401,1,1
PRO_com_402,1,1
PRO_com_403,1,1
PRO_com_404,1,1
PRO_com_405,1,1
PRO_com_406,2,2
PRO_com_407,1,1
PRO_com_408,1,1
PRO_com_409,1,1
PRO_com_41,1,1
PRO_com_410,1,1
PRO_com_411,2,1
PRO_com_412,2,1
PRO_com_413,1,1
PRO_com_414,1,1
PRO_com_415,2,1
PRO_com_416,2,1
PRO_com_417,10,1
PRO_com_418,2,1
PRO_com_419,1,1
PRO_com_42,2,1
PRO_com_420,1,1
PRO_com_421,4,1
PRO_com_422,1,1
PRO_com_423,1,1
PRO_com_424,1,1
PRO_com_425,2,1
PRO_com_426,2,1
PRO_com_427,4,1
PRO_com_428,2,1
PRO_com_429,2,1
PRO_com_43,1,1
PRO_com_430,2,1
PRO_com_431,2,1
PRO_com_432,2,1
PRO_com_433,2,1
PRO_com_434,2,1
PRO_com_435,2,1
PRO_com_436,2,1
PRO_com_437,2,1
PRO_com_438,5,2
PRO_com_439,1,1
PRO_com_44,1,1
PRO_com_440,2,1
PRO_com_441,2,1
PRO_com_442,2,1
PRO_com_443,1,1
PRO_com_444,1,1
PRO_com_445,1,1
PRO_com_446,2,1
PRO_com_447,1,1
PRO_com_448,1,1
PRO_com_449,1,1
PRO_com_45,1,1
PRO_com_450,1,1
PRO_com_451,1,1
PRO_com_452,1,1
PRO_com_453,1,1
PRO_com_454,5,1
PRO_com_455,2,1
PRO_com_456,1,1
PRO_com_457,1,1
PRO_com_458,2,1
PRO_com_459,2,2
PRO_com_46,6,3
PRO_com_460,3,1
PRO_com_461,1,1
PRO_com_462,1,1
PRO_com_463,2,1
PRO_com_464,1,1
PRO_com_465,2,1
PRO_com_466,3,1
PRO_com_467,2,1
PRO_com_468,3,1
PRO_com_469,3,1
PRO_com_47,1,1
PRO_com_470,3,1
PRO_com_471,3,1
PRO_com_472,1,1
PRO_com_473,1,1
PRO_com_474,1,1
PRO_com_475,1,1
PRO_com_476,1,1
PRO_com_477,2,1
PRO_com_478,1,1
PRO_com_479,2,2
PRO_com_48,17,3
PRO_com_480,1,1
PRO_com_481,1,1
PRO_com_482,1,1
PRO_com_483,1,1
PRO_com_484,1,1
PRO_com_485,1,1
PRO_com_486,1,1
PRO_com_487,2,1
PRO_com_488,2,1
PRO_com_489,2,1
PRO_com_49,1,1
PRO_com_490,1,1
PRO_com_491,1,1
PRO_com_492,3,2
PRO_com_493,2,1
PRO_com_494,2,1
PRO_com_495,1,1
PRO_com_496,1,1
PRO_com_497,2,1
PRO_com_498,1,1
PRO_com_499,1,1
PRO_com_5,203,2
PRO_com_50,3,2
PRO_com_500,1,1
PRO_com_501,1,1
PRO_com_502,2,1
PRO_com_503,1,1
PRO_com_504,1,1
PRO_com_505,1,1
PRO_com_506,1,1
PRO_com_507,1,1
PRO_com_508,1,1
PRO_com_509,1,1
PRO_com_51,3,1
PRO_com_510,1,1
PRO_com_511,1,1
PRO_com_512,1,1
PRO_com_513,1,1
PRO_com_514,1,1
PRO_com_515,1,1
PRO_com_516,1,1
PRO_com_517,1,1
PRO_com_518,1,1
PRO_com_519,1,1
PRO_com_52,1,1
PRO_com_520,3,1
PRO_com_521,4,1
PRO_com_522,4,1
PRO_com_523,2,1
PRO_com_524,1,1
PRO_com_525,1,1
PRO_com_526,1,1
PRO_com_527,1,1
PRO_com_528,1,1
PRO_com_529,1,1
PRO_com_53,2,1
PRO_com_530,1,1
PRO_com_531,1,1
PRO_com_532,1,1
PRO_com_533,1,1
PRO_com_534,2,1
PRO_com_535,1,1
PRO_com_536,1,1
PRO_com_537,1,1
PRO_com_538,1,1
PRO_com_539,2,1
PRO_com_54,4,1
PRO_com_540,2,1
PRO_com_541,3,1
PRO_com_542,1,1
PRO_com_543,1,1
PRO_com_544,1,1
PRO_com_545,3,1
PRO_com_546,2,1
PRO_com_547,1,1
PRO_com_548,1,1
PRO_com_549,1,1
PRO_com_55,4,1
PRO_com_550,1,1
PRO_com_551,1,1
PRO_com_552,1,1
PRO_com_553,1,1
PRO_com_554,1,1
PRO_com_555,1,1
PRO_com_556,1,1
PRO_com_557,1,1
PRO_com_558,1,1
PRO_com_559,1,1
PRO_com_56,1,1
PRO_com_560,1,1
PRO_com_561,1,1
PRO_com_562,1,1
PRO_com_563,1,1
PRO_com_564,1,1
PRO_com_565,2,1
PRO_com_566,1,1
PRO_com_567,1,1
PRO_com_568,1,1
PRO_com_569,2,1
PRO_com_57,67,4
PRO_com_570,2,1
PRO_com_571,4,1
PRO_com_572,2,2
PRO_com_573,2,1
PRO_com_574,1,1
PRO_com_575,2,1
PRO_com_576,2,1
PRO_com_577,1,1
PRO_com_578,1,1
PRO_com_579,1,1
PRO_com_58,1,1
PRO_com_580,1,1
PRO_com_581,1,1
PRO_com_582,3,1
PRO_com_583,1,1
PRO_com_584,2,1
PRO_com_585,1,1
PRO_com_586,1,1
PRO_com_587,1,1
PRO_com_588,3,1
PRO_com_589,2,1
PRO_com_59,3,2
PRO_com_590,1,1
PRO_com_591,1,1
PRO_com_592,1,1
PRO_com_593,1,1
PRO_com_594,2,1
PRO_com_595,2,2
PRO_com_596,1,1
PRO_com_597,2,2
PRO_com_598,1,1
PRO_com_599,1,1
PRO_com_6,42,1
PRO_com_60,3,1
PRO_com_600,1,1
PRO_com_601,2,1
PRO_com_602,1,1
PRO_com_603,2,1
PRO_com_604,1,1
PRO_com_605,1,1
PRO_com_606,4,1
PRO_com_607,4,1
PRO_com_608,4,1
PRO_com_609,1,1
PRO_com_61,1,1
PRO_com_610,1,1
PRO_com_611,1,1
PRO_com_612,1,1
PRO_com_613,1,1
PRO_com_614,1,1
PRO_com_615,1,1
PRO_com_62,53,3
PRO_com_63,6,1
PRO_com_64,3,1
PRO_com_65,82,4
PRO_com_66,2,1
PRO_com_67,17,1
PRO_com_68,1,1
PRO_com_69,13,4
PRO_com_7,125,1
PRO_com_70,4,2
PRO_com_71,2,1
PRO_com_72,1,1
PRO_com_73,15,3
PRO_com_74,57,23
PRO_com_75,1,1
PRO_com_76,1,1
PRO_com_77,1,1
PRO_com_78,2,2
PRO_com_79,1,1
PRO_com_8,3,2
PRO_com_80,11,6
PRO_com_81,5,4
PRO_com_82,18,2
PRO_com_83,4,1
PRO_com_84,2,1
PRO_com_85,1,1
PRO_com_86,2,1
PRO_com_87,2,2
PRO_com_88,1,1
PRO_com_89,1,1
PRO_com_9,1,1
PRO_com_90,7,4
PRO_com_91,4,1
PRO_com_92,6,1
PRO_com_93,1,1
PRO_com_94,2,2
PRO_com_95,1,1
PRO_com_96,1,1
PRO_com_97,1,1
PRO_com_98,1,1
PRO_com_99,65,1
