pro_comm,n_prophages,mean_length,sd_length,median_length
PRO_com_0,14,35281.0,13293.849150293876,29438.0
PRO_com_1,1,55798.0,,55798.0
PRO_com_10,44,13028.863636363636,1180.8768045330314,12584.0
PRO_com_100,6,33690.333333333336,301.81495434565056,33584.0
PRO_com_101,6,39789.333333333336,484.26053593769797,40080.0
PRO_com_102,8,35793.5,204.91740496390983,35877.0
PRO_com_103,6,10430.833333333334,1179.879386491122,10199.5
PRO_com_104,18,18149.333333333332,916.8884081180088,18736.0
PRO_com_105,2,27892.5,2.1213203435596424,27892.5
PRO_com_106,1,50084.0,,50084.0
PRO_com_107,32,32910.96875,936.1629126342996,33136.0
PRO_com_108,16,11498.1875,4701.34171230228,13000.5
PRO_com_109,41,33993.39024390244,3125.0265669114624,34534.0
PRO_com_11,2,6213.5,112.42997820866105,6213.5
PRO_com_110,6,38159.333333333336,4129.210029372042,37036.0
PRO_com_111,38,33183.78947368421,6518.324428861009,35998.5
PRO_com_112,1,46940.0,,46940.0
PRO_com_113,7,48125.0,3945.381984041596,48432.0
PRO_com_114,5,40392.4,994.3791027570917,40697.0
PRO_com_115,5,6582.4,21.466252583998006,6592.0
PRO_com_116,1,34055.0,,34055.0
PRO_com_117,5,36784.2,1734.580986866857,37076.0
PRO_com_118,2,37726.0,0.0,37726.0
PRO_com_119,6,26227.333333333332,12475.812288851843,19939.5
PRO_com_12,3,34100.0,0.0,34100.0
PRO_com_120,2,36877.0,0.0,36877.0
PRO_com_121,2,11908.0,0.0,11908.0
PRO_com_122,2,51597.0,1056.417531092702,51597.0
PRO_com_123,5,9226.2,0.4472135955001359,9226.0
PRO_com_124,1,59607.0,,59607.0
PRO_com_125,1,36358.0,,36358.0
PRO_com_126,6,8830.833333333334,862.6286377501427,9183.0
PRO_com_127,1,16370.0,,16370.0
PRO_com_128,1,17262.0,,17262.0
PRO_com_129,1,27512.0,,27512.0
PRO_com_13,3,26382.0,10394.036896220832,20381.0
PRO_com_130,1,10055.0,,10055.0
PRO_com_131,11,33701.90909090909,11311.107332657979,40703.0
PRO_com_132,1,37578.0,,37578.0
PRO_com_133,1,23222.0,,23222.0
PRO_com_134,1,31846.0,,31846.0
PRO_com_135,2,4521.0,0.0,4521.0
PRO_com_136,2,39015.5,1051.4677836243961,39015.5
PRO_com_137,1,3123.0,,3123.0
PRO_com_138,1,34228.0,,34228.0
PRO_com_139,1,212055.0,,212055.0
PRO_com_14,2,17276.0,311.1269837220809,17276.0
PRO_com_140,14,31868.85714285714,9593.227962852376,28421.5
PRO_com_141,22,12115.772727272728,1198.0341807596305,12936.5
PRO_com_142,3,12748.666666666666,280.01488055696836,12587.0
PRO_com_143,1,10534.0,,10534.0
PRO_com_144,1,34900.0,,34900.0
PRO_com_145,1,37686.0,,37686.0
PRO_com_146,1,10036.0,,10036.0
PRO_com_147,7,13870.142857142857,1503.2911038309057,14750.0
PRO_com_148,4,45240.75,1502.6803552319436,45735.0
PRO_com_149,4,37459.0,4428.0,35245.0
PRO_com_15,1,14154.0,,14154.0
PRO_com_150,3,43829.666666666664,2387.0547403302944,43811.0
PRO_com_151,6,10659.333333333334,510.20100614039035,10330.0
PRO_com_152,1,38834.0,,38834.0
PRO_com_153,4,40630.75,199.2759811584595,40647.0
PRO_com_154,10,13514.8,1259.6532856306135,13908.0
PRO_com_155,1,9187.0,,9187.0
PRO_com_156,2,12191.0,14.142135623730951,12191.0
PRO_com_157,2,36585.0,0.0,36585.0
PRO_com_158,3,10758.666666666666,4434.627417645515,13319.0
PRO_com_159,1,40183.0,,40183.0
PRO_com_16,1,40295.0,,40295.0
PRO_com_160,1,51277.0,,51277.0
PRO_com_161,1,10681.0,,10681.0
PRO_com_162,1,36486.0,,36486.0
PRO_com_163,1,41945.0,,41945.0
PRO_com_164,1,38398.0,,38398.0
PRO_com_165,2,56939.5,28045.976262202035,56939.5
PRO_com_166,2,4841.0,0.0,4841.0
PRO_com_167,28,8973.357142857143,1430.282054915658,9197.0
PRO_com_168,2,5883.0,0.0,5883.0
PRO_com_169,20,31134.7,5596.995792857377,29526.0
PRO_com_17,1,11641.0,,11641.0
PRO_com_170,3,54230.0,3973.812778679942,55886.0
PRO_com_171,3,48845.0,0.0,48845.0
PRO_com_172,1,41871.0,,41871.0
PRO_com_173,2,34976.0,74.95331880577403,34976.0
PRO_com_174,2,37198.0,4111.1188258185875,37198.0
PRO_com_175,2,41218.0,0.0,41218.0
PRO_com_176,2,9645.0,0.0,9645.0
PRO_com_177,1,5780.0,,5780.0
PRO_com_178,1,52784.0,,52784.0
PRO_com_179,9,8421.0,0.0,8421.0
PRO_com_18,16,9744.375,670.9715219987605,9770.0
PRO_com_180,9,13014.0,0.0,13014.0
PRO_com_181,2,34226.0,0.0,34226.0
PRO_com_182,1,36724.0,,36724.0
PRO_com_183,28,10074.785714285714,1164.3008506822755,10785.0
PRO_com_184,12,42500.5,46.13123572039776,42526.0
PRO_com_185,3,40693.333333333336,563.4938627290737,40368.0
PRO_com_186,10,40389.2,108.16222384301584,40327.0
PRO_com_187,7,7558.0,1245.074562693603,8387.0
PRO_com_188,3,5515.0,0.0,5515.0
PRO_com_189,33,40513.030303030304,4369.269815175415,42217.0
PRO_com_19,6,10498.666666666666,207.3901315556426,10414.0
PRO_com_190,4,27495.5,1118.163226009512,27388.0
PRO_com_191,3,17021.0,352.7435328960688,17145.0
PRO_com_192,2,5108.0,0.0,5108.0
PRO_com_193,4,52665.75,4670.5,55001.0
PRO_com_194,4,5640.5,1219.4111967120307,5189.0
PRO_com_195,2,37171.0,0.0,37171.0
PRO_com_196,2,56571.0,2.8284271247461903,56571.0
PRO_com_197,2,49095.0,0.0,49095.0
PRO_com_198,2,13344.0,0.0,13344.0
PRO_com_199,2,12785.0,0.0,12785.0
PRO_com_2,1,33001.0,,33001.0
PRO_com_20,1,11240.0,,11240.0
PRO_com_200,1,2988.0,,2988.0
PRO_com_201,1,27670.0,,27670.0
PRO_com_202,1,22665.0,,22665.0
PRO_com_203,1,14127.0,,14127.0
PRO_com_204,1,13370.0,,13370.0
PRO_com_205,3,18364.0,0.0,18364.0
PRO_com_206,1,47567.0,,47567.0
PRO_com_207,1,2654.0,,2654.0
PRO_com_208,2,45128.5,2649.5291091059935,45128.5
PRO_com_209,1,40142.0,,40142.0
PRO_com_21,1,39724.0,,39724.0
PRO_com_210,1,31359.0,,31359.0
PRO_com_211,1,35298.0,,35298.0
PRO_com_212,17,13028.882352941177,812.4089089209433,13461.0
PRO_com_213,1,28555.0,,28555.0
PRO_com_214,1,6477.0,,6477.0
PRO_com_215,2,7015.5,27.577164466275352,7015.5
PRO_com_216,2,11606.0,0.0,11606.0
PRO_com_217,2,34436.0,0.0,34436.0
PRO_com_218,2,44439.0,80.61017305526642,44439.0
PRO_com_219,1,6727.0,,6727.0
PRO_com_22,1,34496.0,,34496.0
PRO_com_220,1,46318.0,,46318.0
PRO_com_221,1,43535.0,,43535.0
PRO_com_222,1,13094.0,,13094.0
PRO_com_223,2,4107.0,0.0,4107.0
PRO_com_224,2,34137.0,0.0,34137.0
PRO_com_225,3,11903.0,651.2511036458978,11527.0
PRO_com_226,1,14290.0,,14290.0
PRO_com_227,2,10618.0,1233.1942263893388,10618.0
PRO_com_228,1,38876.0,,38876.0
PRO_com_229,1,47760.0,,47760.0
PRO_com_23,1,49757.0,,49757.0
PRO_com_230,6,5614.5,322.1079011759879,5746.0
PRO_com_231,1,42142.0,,42142.0
PRO_com_232,3,41945.666666666664,45.62163229580085,41937.0
PRO_com_233,3,4763.0,5.196152422706632,4766.0
PRO_com_234,1,32185.0,,32185.0
PRO_com_235,1,35804.0,,35804.0
PRO_com_236,1,44937.0,,44937.0
PRO_com_237,1,38715.0,,38715.0
PRO_com_238,4,8487.0,1373.721708838196,8965.5
PRO_com_239,1,37608.0,,37608.0
PRO_com_24,2,39677.5,1857.5695141770605,39677.5
PRO_com_240,1,35369.0,,35369.0
PRO_com_241,1,40964.0,,40964.0
PRO_com_242,1,18727.0,,18727.0
PRO_com_243,1,63422.0,,63422.0
PRO_com_244,1,30664.0,,30664.0
PRO_com_245,1,42695.0,,42695.0
PRO_com_246,1,9941.0,,9941.0
PRO_com_247,1,11806.0,,11806.0
PRO_com_248,13,12884.538461538461,1959.894453594573,12179.0
PRO_com_249,3,57099.0,1016.7138240429309,56512.0
PRO_com_25,2,13105.5,1598.768432262784,13105.5
PRO_com_250,1,32443.0,,32443.0
PRO_com_251,1,39829.0,,39829.0
PRO_com_252,2,46256.0,0.0,46256.0
PRO_com_253,4,35225.0,205.5366958315068,35225.0
PRO_com_254,16,13373.0625,501.2610056979631,13034.0
PRO_com_255,2,43768.0,0.0,43768.0
PRO_com_256,3,37811.0,0.0,37811.0
PRO_com_257,2,34771.5,3469.772975282389,34771.5
PRO_com_258,7,32716.714285714286,9021.45336987128,38847.0
PRO_com_259,1,31035.0,,31035.0
PRO_com_26,1,51560.0,,51560.0
PRO_com_260,1,44933.0,,44933.0
PRO_com_261,1,39470.0,,39470.0
PRO_com_262,1,39655.0,,39655.0
PRO_com_263,11,34826.545454545456,778.5903112210386,34964.0
PRO_com_264,2,23101.0,0.0,23101.0
PRO_com_265,2,11411.5,1182.989644925094,11411.5
PRO_com_266,1,33978.0,,33978.0
PRO_com_267,4,17550.0,0.0,17550.0
PRO_com_268,1,37128.0,,37128.0
PRO_com_269,5,37245.6,4307.385320586029,37692.0
PRO_com_27,1,34450.0,,34450.0
PRO_com_270,6,3153.3333333333335,240.2945414832944,3011.0
PRO_com_271,21,9037.0,1379.585082551997,8740.0
PRO_com_272,4,23420.0,0.0,23420.0
PRO_com_273,1,13118.0,,13118.0
PRO_com_274,2,13823.0,0.0,13823.0
PRO_com_275,4,21027.25,6568.226365110549,21025.0
PRO_com_276,3,40552.0,0.0,40552.0
PRO_com_277,6,13237.0,1207.7638842091612,13784.0
PRO_com_278,11,37715.818181818184,4054.319173873261,38483.0
PRO_com_279,3,40621.0,0.0,40621.0
PRO_com_28,6,22968.5,5973.59455437009,21989.0
PRO_com_280,1,23069.0,,23069.0
PRO_com_281,1,25823.0,,25823.0
PRO_com_282,2,46143.0,0.0,46143.0
PRO_com_283,1,2654.0,,2654.0
PRO_com_284,1,31538.0,,31538.0
PRO_com_285,1,73209.0,,73209.0
PRO_com_286,1,3079.0,,3079.0
PRO_com_287,2,38997.0,0.0,38997.0
PRO_com_288,3,79505.66666666667,40226.609219934675,62669.0
PRO_com_289,3,10581.333333333334,1289.1797133578132,10074.0
PRO_com_29,4,3206.0,739.8860272591538,2923.0
PRO_com_290,2,13970.5,2522.249888492415,13970.5
PRO_com_291,3,34687.666666666664,21.939310229205255,34675.0
PRO_com_292,7,34483.28571428572,10296.769828677434,41941.0
PRO_com_293,2,39521.0,0.0,39521.0
PRO_com_294,2,10949.0,0.0,10949.0
PRO_com_295,7,14310.142857142857,391.5739302572921,14017.0
PRO_com_296,4,10911.0,0.0,10911.0
PRO_com_297,1,39690.0,,39690.0
PRO_com_298,1,8048.0,,8048.0
PRO_com_299,1,16505.0,,16505.0
PRO_com_3,2,13385.5,7.7781745930520225,13385.5
PRO_com_30,17,10308.29411764706,1746.2236671137618,10593.0
PRO_com_300,1,7440.0,,7440.0
PRO_com_301,3,10355.0,661.6434084913111,9973.0
PRO_com_302,3,40656.333333333336,1991.5602760984486,39886.0
PRO_com_303,2,3560.5,118.08683245815344,3560.5
PRO_com_304,1,49995.0,,49995.0
PRO_com_305,1,36346.0,,36346.0
PRO_com_306,1,12027.0,,12027.0
PRO_com_307,7,10556.857142857143,3089.6090598742653,11682.0
PRO_com_308,4,53410.0,0.0,53410.0
PRO_com_309,4,9704.0,208.00000000000017,9600.0
PRO_com_31,2,5554.0,0.0,5554.0
PRO_com_310,1,32275.0,,32275.0
PRO_com_311,1,34904.0,,34904.0
PRO_com_312,1,40069.0,,40069.0
PRO_com_313,5,50526.8,2454.154986955795,50900.0
PRO_com_314,6,31222.5,2871.668835363855,30438.0
PRO_com_315,7,33341.142857142855,7399.877305932656,28863.0
PRO_com_316,3,34475.0,568.2948178542542,34410.0
PRO_com_317,2,42909.5,662.559053971795,42909.5
PRO_com_318,1,46978.0,,46978.0
PRO_com_319,2,42209.0,1217.637877203235,42209.0
PRO_com_32,1,40656.0,,40656.0
PRO_com_320,4,28125.5,5580.944274941293,28484.5
PRO_com_321,1,5313.0,,5313.0
PRO_com_322,2,37874.0,0.0,37874.0
PRO_com_323,1,33039.0,,33039.0
PRO_com_324,1,23150.0,,23150.0
PRO_com_325,1,10821.0,,10821.0
PRO_com_326,2,33620.0,0.0,33620.0
PRO_com_327,2,5884.0,4.242640687119285,5884.0
PRO_com_328,2,39432.0,97.58073580374356,39432.0
PRO_com_329,2,15920.0,2633.265653138703,15920.0
PRO_com_33,1,34868.0,,34868.0
PRO_com_330,1,9098.0,,9098.0
PRO_com_331,4,33808.25,688.3353712641351,33740.0
PRO_com_332,2,33086.5,191.6259377015544,33086.5
PRO_com_333,1,12788.0,,12788.0
PRO_com_334,1,20590.0,,20590.0
PRO_com_335,1,14787.0,,14787.0
PRO_com_336,1,39984.0,,39984.0
PRO_com_337,2,10346.5,14.849242404917497,10346.5
PRO_com_338,1,34337.0,,34337.0
PRO_com_339,2,8817.5,0.7071067811865476,8817.5
PRO_com_34,1,15175.0,,15175.0
PRO_com_340,2,34869.5,0.7071067811865476,34869.5
PRO_com_341,1,44889.0,,44889.0
PRO_com_342,1,62888.0,,62888.0
PRO_com_343,6,41151.0,2452.7834800487385,42261.0
PRO_com_344,1,27642.0,,27642.0
PRO_com_345,1,39391.0,,39391.0
PRO_com_346,1,109095.0,,109095.0
PRO_com_347,1,34874.0,,34874.0
PRO_com_348,2,36549.0,0.0,36549.0
PRO_com_349,2,44639.0,0.0,44639.0
PRO_com_35,1,12355.0,,12355.0
PRO_com_350,2,11970.0,0.0,11970.0
PRO_com_351,3,16452.0,859.0972005541631,15956.0
PRO_com_352,1,50733.0,,50733.0
PRO_com_353,1,33536.0,,33536.0
PRO_com_354,1,44577.0,,44577.0
PRO_com_355,4,39060.5,4895.352932458837,39060.5
PRO_com_356,1,8564.0,,8564.0
PRO_com_357,1,11402.0,,11402.0
PRO_com_358,1,9059.0,,9059.0
PRO_com_359,1,43620.0,,43620.0
PRO_com_36,1,17103.0,,17103.0
PRO_com_360,1,5032.0,,5032.0
PRO_com_361,2,37036.5,1361.180553784104,37036.5
PRO_com_362,1,52396.0,,52396.0
PRO_com_363,2,12393.0,0.0,12393.0
PRO_com_364,4,45099.25,0.5,45099.0
PRO_com_365,1,36876.0,,36876.0
PRO_com_366,3,10406.0,0.0,10406.0
PRO_com_367,1,41257.0,,41257.0
PRO_com_368,2,11813.5,0.7071067811865476,11813.5
PRO_com_369,2,33697.5,27.577164466275352,33697.5
PRO_com_37,1,43768.0,,43768.0
PRO_com_370,5,12512.2,5210.924601258398,9712.0
PRO_com_371,1,11271.0,,11271.0
PRO_com_372,2,33019.0,328.09754647055803,33019.0
PRO_com_373,2,4344.5,2.1213203435596424,4344.5
PRO_com_374,2,10051.5,546.5935418572012,10051.5
PRO_com_375,5,42784.2,528.3372029300996,42717.0
PRO_com_376,2,29700.0,0.0,29700.0
PRO_com_377,3,18399.0,0.0,18399.0
PRO_com_378,1,27302.0,,27302.0
PRO_com_379,1,58631.0,,58631.0
PRO_com_38,72,13818.319444444445,3668.937428502218,15921.0
PRO_com_380,2,9765.0,0.0,9765.0
PRO_com_381,1,42919.0,,42919.0
PRO_com_382,1,45142.0,,45142.0
PRO_com_383,1,52808.0,,52808.0
PRO_com_384,2,44877.5,912.8748545118328,44877.5
PRO_com_385,8,24212.0,0.0,24212.0
PRO_com_386,5,11993.0,38.0131556174963,12010.0
PRO_com_387,5,11433.6,3641.8072848518495,8774.0
PRO_com_388,2,71901.0,0.0,71901.0
PRO_com_389,1,25353.0,,25353.0
PRO_com_39,2,35872.0,328.09754647055803,35872.0
PRO_com_390,1,31537.0,,31537.0
PRO_com_391,1,13929.0,,13929.0
PRO_com_392,3,51891.333333333336,190.88565512718137,51950.0
PRO_com_393,1,12127.0,,12127.0
PRO_com_394,1,32262.0,,32262.0
PRO_com_395,1,23534.0,,23534.0
PRO_com_396,1,89354.0,,89354.0
PRO_com_397,1,45385.0,,45385.0
PRO_com_398,1,8477.0,,8477.0
PRO_com_399,1,46063.0,,46063.0
PRO_com_4,713,12791.451612903225,1077.7202599379302,13079.0
PRO_com_40,1,9546.0,,9546.0
PRO_com_400,1,11674.0,,11674.0
PRO_com_401,1,37321.0,,37321.0
PRO_com_402,1,10080.0,,10080.0
PRO_com_403,1,39860.0,,39860.0
PRO_com_404,1,64564.0,,64564.0
PRO_com_405,1,38108.0,,38108.0
PRO_com_406,2,44083.0,2696.9052634454924,44083.0
PRO_com_407,1,39179.0,,39179.0
PRO_com_408,1,47808.0,,47808.0
PRO_com_409,1,39608.0,,39608.0
PRO_com_41,1,7370.0,,7370.0
PRO_com_410,1,40920.0,,40920.0
PRO_com_411,2,43548.0,0.0,43548.0
PRO_com_412,2,42217.5,1140.5632380539012,42217.5
PRO_com_413,1,10609.0,,10609.0
PRO_com_414,1,15082.0,,15082.0
PRO_com_415,2,37652.0,0.0,37652.0
PRO_com_416,2,35657.0,0.0,35657.0
PRO_com_417,10,18051.8,160.58767075961958,18099.5
PRO_com_418,2,8015.5,4708.62405592122,8015.5
PRO_com_419,1,6132.0,,6132.0
PRO_com_42,2,34310.0,3982.4253916426355,34310.0
PRO_com_420,1,19151.0,,19151.0
PRO_com_421,4,3389.75,304.5,3542.0
PRO_com_422,1,9585.0,,9585.0
PRO_com_423,1,14498.0,,14498.0
PRO_com_424,1,3290.0,,3290.0
PRO_com_425,2,11985.0,1661.7009357883867,11985.0
PRO_com_426,2,107529.0,33225.533434393496,107529.0
PRO_com_427,4,10547.0,0.0,10547.0
PRO_com_428,2,38317.0,1097.4297244015218,38317.0
PRO_com_429,2,13380.0,0.0,13380.0
PRO_com_43,1,35475.0,,35475.0
PRO_com_430,2,40619.0,0.0,40619.0
PRO_com_431,2,12279.0,35.35533905932738,12279.0
PRO_com_432,2,66575.0,0.0,66575.0
PRO_com_433,2,8895.5,1820.79996155536,8895.5
PRO_com_434,2,25347.0,0.0,25347.0
PRO_com_435,2,47077.0,0.0,47077.0
PRO_com_436,2,36721.0,1856.8624073958738,36721.0
PRO_com_437,2,2918.5,27.577164466275352,2918.5
PRO_com_438,5,34971.8,697.7425743066001,34963.0
PRO_com_439,1,16736.0,,16736.0
PRO_com_44,1,8639.0,,8639.0
PRO_com_440,2,30450.5,18248.304702081234,30450.5
PRO_com_441,2,11135.5,2257.7919523286464,11135.5
PRO_com_442,2,32086.5,191.6259377015544,32086.5
PRO_com_443,1,46549.0,,46549.0
PRO_com_444,1,23137.0,,23137.0
PRO_com_445,1,69727.0,,69727.0
PRO_com_446,2,37575.0,343.6538956566621,37575.0
PRO_com_447,1,12837.0,,12837.0
PRO_com_448,1,19887.0,,19887.0
PRO_com_449,1,36599.0,,36599.0
PRO_com_45,1,76301.0,,76301.0
PRO_com_450,1,89223.0,,89223.0
PRO_com_451,1,63593.0,,63593.0
PRO_com_452,1,34771.0,,34771.0
PRO_com_453,1,34215.0,,34215.0
PRO_com_454,5,49947.0,0.0,49947.0
PRO_com_455,2,39602.0,0.0,39602.0
PRO_com_456,1,38937.0,,38937.0
PRO_com_457,1,33306.0,,33306.0
PRO_com_458,2,49630.0,586.8986283848344,49630.0
PRO_com_459,2,36089.0,0.0,36089.0
PRO_com_46,6,45715.0,1178.3989137808974,45212.0
PRO_com_460,3,33555.666666666664,2329.5721352500186,32797.0
PRO_com_461,1,39921.0,,39921.0
PRO_com_462,1,15376.0,,15376.0
PRO_com_463,2,6085.0,16.97056274847714,6085.0
PRO_com_464,1,45186.0,,45186.0
PRO_com_465,2,11066.5,0.7071067811865476,11066.5
PRO_com_466,3,19491.666666666668,1.1547005383795141,19491.0
PRO_com_467,2,21147.0,0.0,21147.0
PRO_com_468,3,5509.0,282.324281633727,5672.0
PRO_com_469,3,4501.0,150.68842025849233,4414.0
PRO_com_47,1,35152.0,,35152.0
PRO_com_470,3,14232.0,0.0,14232.0
PRO_com_471,3,10763.0,0.0,10763.0
PRO_com_472,1,38813.0,,38813.0
PRO_com_473,1,2777.0,,2777.0
PRO_com_474,1,3512.0,,3512.0
PRO_com_475,1,35270.0,,35270.0
PRO_com_476,1,121345.0,,121345.0
PRO_com_477,2,34373.0,0.0,34373.0
PRO_com_478,1,57906.0,,57906.0
PRO_com_479,2,8866.0,298.3990616607231,8866.0
PRO_com_48,17,10412.470588235294,786.1533817938342,9775.0
PRO_com_480,1,24258.0,,24258.0
PRO_com_481,1,36792.0,,36792.0
PRO_com_482,1,39404.0,,39404.0
PRO_com_483,1,7242.0,,7242.0
PRO_com_484,1,39412.0,,39412.0
PRO_com_485,1,10989.0,,10989.0
PRO_com_486,1,56948.0,,56948.0
PRO_com_487,2,43636.0,0.0,43636.0
PRO_com_488,2,38772.0,0.0,38772.0
PRO_com_489,2,38339.0,6677.916441525755,38339.0
PRO_com_49,1,119190.0,,119190.0
PRO_com_490,1,34849.0,,34849.0
PRO_com_491,1,41552.0,,41552.0
PRO_com_492,3,38882.0,826.1882352103545,38405.0
PRO_com_493,2,50868.0,0.0,50868.0
PRO_com_494,2,36736.0,0.0,36736.0
PRO_com_495,1,39449.0,,39449.0
PRO_com_496,1,43842.0,,43842.0
PRO_com_497,2,10093.0,0.0,10093.0
PRO_com_498,1,36599.0,,36599.0
PRO_com_499,1,37310.0,,37310.0
PRO_com_5,203,35720.28571428572,8527.009377728173,38377.0
PRO_com_50,3,31636.333333333332,7824.823086392008,27504.0
PRO_com_500,1,6912.0,,6912.0
PRO_com_501,1,13479.0,,13479.0
PRO_com_502,2,26811.0,1.4142135623730951,26811.0
PRO_com_503,1,37189.0,,37189.0
PRO_com_504,1,9425.0,,9425.0
PRO_com_505,1,18845.0,,18845.0
PRO_com_506,1,45638.0,,45638.0
PRO_com_507,1,9066.0,,9066.0
PRO_com_508,1,36105.0,,36105.0
PRO_com_509,1,11486.0,,11486.0
PRO_com_51,3,33980.666666666664,9652.485189490495,39521.0
PRO_com_510,1,43214.0,,43214.0
PRO_com_511,1,10945.0,,10945.0
PRO_com_512,1,4618.0,,4618.0
PRO_com_513,1,9589.0,,9589.0
PRO_com_514,1,40251.0,,40251.0
PRO_com_515,1,16943.0,,16943.0
PRO_com_516,1,39639.0,,39639.0
PRO_com_517,1,40092.0,,40092.0
PRO_com_518,1,52081.0,,52081.0
PRO_com_519,1,66263.0,,66263.0
PRO_com_52,1,40325.0,,40325.0
PRO_com_520,3,47031.0,164.54482671904336,47126.0
PRO_com_521,4,46713.0,0.0,46713.0
PRO_com_522,4,10618.0,0.0,10618.0
PRO_com_523,2,45427.5,3014.396208198252,45427.5
PRO_com_524,1,42299.0,,42299.0
PRO_com_525,1,51458.0,,51458.0
PRO_com_526,1,72820.0,,72820.0
PRO_com_527,1,39666.0,,39666.0
PRO_com_528,1,30264.0,,30264.0
PRO_com_529,1,34657.0,,34657.0
PRO_com_53,2,24220.5,8897.524627670327,24220.5
PRO_com_530,1,49047.0,,49047.0
PRO_com_531,1,39046.0,,39046.0
PRO_com_532,1,36768.0,,36768.0
PRO_com_533,1,34357.0,,34357.0
PRO_com_534,2,33592.0,0.0,33592.0
PRO_com_535,1,19704.0,,19704.0
PRO_com_536,1,40564.0,,40564.0
PRO_com_537,1,43909.0,,43909.0
PRO_com_538,1,38552.0,,38552.0
PRO_com_539,2,52286.0,0.0,52286.0
PRO_com_54,4,9953.0,0.0,9953.0
PRO_com_540,2,21122.0,876.812408671319,21122.0
PRO_com_541,3,38153.666666666664,0.5773502691885756,38154.0
PRO_com_542,1,24438.0,,24438.0
PRO_com_543,1,15159.0,,15159.0
PRO_com_544,1,8765.0,,8765.0
PRO_com_545,3,48800.0,3476.225970790737,46793.0
PRO_com_546,2,60560.5,11010.359689855732,60560.5
PRO_com_547,1,49943.0,,49943.0
PRO_com_548,1,11940.0,,11940.0
PRO_com_549,1,43215.0,,43215.0
PRO_com_55,4,9729.5,700.9999999999999,9379.0
PRO_com_550,1,8550.0,,8550.0
PRO_com_551,1,37633.0,,37633.0
PRO_com_552,1,49481.0,,49481.0
PRO_com_553,1,13444.0,,13444.0
PRO_com_554,1,39234.0,,39234.0
PRO_com_555,1,45380.0,,45380.0
PRO_com_556,1,14133.0,,14133.0
PRO_com_557,1,119219.0,,119219.0
PRO_com_558,1,37090.0,,37090.0
PRO_com_559,1,38082.0,,38082.0
PRO_com_56,1,41571.0,,41571.0
PRO_com_560,1,8098.0,,8098.0
PRO_com_561,1,36890.0,,36890.0
PRO_com_562,1,37372.0,,37372.0
PRO_com_563,1,19485.0,,19485.0
PRO_com_564,1,36763.0,,36763.0
PRO_com_565,2,17190.5,0.7071067811865476,17190.5
PRO_com_566,1,23842.0,,23842.0
PRO_com_567,1,26261.0,,26261.0
PRO_com_568,1,10082.0,,10082.0
PRO_com_569,2,8635.0,0.0,8635.0
PRO_com_57,67,36886.46268656717,8664.512265432428,40628.0
PRO_com_570,2,46911.0,0.0,46911.0
PRO_com_571,4,47172.0,9.237604307034012,47172.0
PRO_com_572,2,5356.5,1998.99087041437,5356.5
PRO_com_573,2,31964.0,0.0,31964.0
PRO_com_574,1,5558.0,,5558.0
PRO_com_575,2,13480.0,0.0,13480.0
PRO_com_576,2,47272.0,0.0,47272.0
PRO_com_577,1,31418.0,,31418.0
PRO_com_578,1,4737.0,,4737.0
PRO_com_579,1,69685.0,,69685.0
PRO_com_58,1,31665.0,,31665.0
PRO_com_580,1,45847.0,,45847.0
PRO_com_581,1,34735.0,,34735.0
PRO_com_582,3,11765.333333333334,374.9617758296617,11610.0
PRO_com_583,1,38355.0,,38355.0
PRO_com_584,2,11671.0,684.479364188578,11671.0
PRO_com_585,1,32297.0,,32297.0
PRO_com_586,1,25218.0,,25218.0
PRO_com_587,1,29818.0,,29818.0
PRO_com_588,3,45197.0,0.0,45197.0
PRO_com_589,2,9804.0,0.0,9804.0
PRO_com_59,3,40289.666666666664,93.40949273672983,40271.0
PRO_com_590,1,9360.0,,9360.0
PRO_com_591,1,43471.0,,43471.0
PRO_com_592,1,7074.0,,7074.0
PRO_com_593,1,44565.0,,44565.0
PRO_com_594,2,38399.5,1099.5510447450813,38399.5
PRO_com_595,2,31699.0,6974.901289624105,31699.0
PRO_com_596,1,41122.0,,41122.0
PRO_com_597,2,45062.5,818.1225458328355,45062.5
PRO_com_598,1,3182.0,,3182.0
PRO_com_599,1,11037.0,,11037.0
PRO_com_6,42,10812.0,1817.6897156662976,10715.0
PRO_com_60,3,12550.0,1.7320508075688772,12549.0
PRO_com_600,1,33678.0,,33678.0
PRO_com_601,2,34999.0,1814.436000524681,34999.0
PRO_com_602,1,5222.0,,5222.0
PRO_com_603,2,9187.0,557.2001435749994,9187.0
PRO_com_604,1,20576.0,,20576.0
PRO_com_605,1,23743.0,,23743.0
PRO_com_606,4,16734.0,0.0,16734.0
PRO_com_607,4,16649.0,0.0,16649.0
PRO_com_608,4,17570.0,0.0,17570.0
PRO_com_609,1,22953.0,,22953.0
PRO_com_61,1,37756.0,,37756.0
PRO_com_610,1,8196.0,,8196.0
PRO_com_611,1,21520.0,,21520.0
PRO_com_612,1,11988.0,,11988.0
PRO_com_613,1,43128.0,,43128.0
PRO_com_614,1,49650.0,,49650.0
PRO_com_615,1,12207.0,,12207.0
PRO_com_62,53,29130.66037735849,9255.955995057358,32345.0
PRO_com_63,6,48818.0,18458.459632374528,43689.5
PRO_com_64,3,15305.666666666666,9.237604307034143,15311.0
PRO_com_65,82,10243.646341463415,497.7057083728741,10532.0
PRO_com_66,2,43024.5,3773.8288911926043,43024.5
PRO_com_67,17,10731.588235294117,0.5072996561953217,10732.0
PRO_com_68,1,37439.0,,37439.0
PRO_com_69,13,10748.923076923076,852.5204261031386,11313.0
PRO_com_7,125,19579.48,5173.003207721487,17864.0
PRO_com_70,4,6200.75,1737.4015799463289,6097.5
PRO_com_71,2,5689.5,53.033008588991066,5689.5
PRO_com_72,1,46027.0,,46027.0
PRO_com_73,15,23432.2,7257.346132417434,18917.0
PRO_com_74,57,47207.14035087719,5179.307149742949,47312.0
PRO_com_75,1,13741.0,,13741.0
PRO_com_76,1,39775.0,,39775.0
PRO_com_77,1,34088.0,,34088.0
PRO_com_78,2,12645.5,778.5245660863889,12645.5
PRO_com_79,1,8490.0,,8490.0
PRO_com_8,3,22903.333333333332,6741.751800039314,19032.0
PRO_com_80,11,10699.636363636364,1688.1946731776684,9963.0
PRO_com_81,5,40731.4,1646.9554638787292,41221.0
PRO_com_82,18,11474.944444444445,3.1895458319922265,11474.0
PRO_com_83,4,14213.5,750.0419988240659,14207.5
PRO_com_84,2,33085.5,10781.25709275129,33085.5
PRO_com_85,1,15205.0,,15205.0
PRO_com_86,2,37645.0,0.0,37645.0
PRO_com_87,2,41217.0,213.54624791833734,41217.0
PRO_com_88,1,52302.0,,52302.0
PRO_com_89,1,2816.0,,2816.0
PRO_com_9,1,20251.0,,20251.0
PRO_com_90,7,3861.4285714285716,1188.8686298526086,4117.0
PRO_com_91,4,9612.5,1060.0671362387068,10006.0
PRO_com_92,6,11800.166666666666,2925.5819535037244,12284.5
PRO_com_93,1,23978.0,,23978.0
PRO_com_94,2,10634.0,1766.3527394039957,10634.0
PRO_com_95,1,32300.0,,32300.0
PRO_com_96,1,48042.0,,48042.0
PRO_com_97,1,44866.0,,44866.0
PRO_com_98,1,48198.0,,48198.0
PRO_com_99,65,94202.58461538462,29543.395029014257,103526.0
