bac_comm,n_genomes,n_procomm_connections,procomm_per_member
BAC_com_0,13,5,0.38461538461538464
BAC_com_1,19,5,0.2631578947368421
BAC_com_10,1,2,2.0
BAC_com_100,1,0,0.0
BAC_com_101,3,0,0.0
BAC_com_102,1,3,3.0
BAC_com_103,1,1,1.0
BAC_com_104,1,0,0.0
BAC_com_105,2,3,1.5
BAC_com_106,1,1,1.0
BAC_com_107,2,2,1.0
BAC_com_108,4,3,0.75
BAC_com_109,3,0,0.0
BAC_com_11,1,2,2.0
BAC_com_110,5,2,0.4
BAC_com_111,3,1,0.3333333333333333
BAC_com_112,2,1,0.5
BAC_com_113,4,5,1.25
BAC_com_114,2,3,1.5
BAC_com_115,1,4,4.0
BAC_com_116,1,1,1.0
BAC_com_117,4,6,1.5
BAC_com_118,4,3,0.75
BAC_com_119,1,2,2.0
BAC_com_12,1,0,0.0
BAC_com_120,4,5,1.25
BAC_com_121,1,3,3.0
BAC_com_122,2,3,1.5
BAC_com_123,14,12,0.8571428571428571
BAC_com_124,2,0,0.0
BAC_com_125,1,5,5.0
BAC_com_126,9,5,0.5555555555555556
BAC_com_127,1,1,1.0
BAC_com_128,1,3,3.0
BAC_com_129,9,7,0.7777777777777778
BAC_com_13,1,2,2.0
BAC_com_130,2,0,0.0
BAC_com_131,3,3,1.0
BAC_com_132,1,1,1.0
BAC_com_133,6,8,1.3333333333333333
BAC_com_134,3,4,1.3333333333333333
BAC_com_135,2,4,2.0
BAC_com_136,2,8,4.0
BAC_com_137,2,6,3.0
BAC_com_138,1,1,1.0
BAC_com_139,1,1,1.0
BAC_com_14,1,2,2.0
BAC_com_140,4,1,0.25
BAC_com_141,2,1,0.5
BAC_com_142,2,1,0.5
BAC_com_143,8,6,0.75
BAC_com_144,1,1,1.0
BAC_com_145,2,3,1.5
BAC_com_146,8,2,0.25
BAC_com_147,2,2,1.0
BAC_com_148,1,2,2.0
BAC_com_149,1,2,2.0
BAC_com_15,1,3,3.0
BAC_com_150,1,3,3.0
BAC_com_151,2,3,1.5
BAC_com_152,1,2,2.0
BAC_com_153,1,4,4.0
BAC_com_154,2,4,2.0
BAC_com_155,2,3,1.5
BAC_com_156,1,2,2.0
BAC_com_157,4,3,0.75
BAC_com_158,2,0,0.0
BAC_com_159,2,4,2.0
BAC_com_16,10,7,0.7
BAC_com_160,2,3,1.5
BAC_com_161,1,1,1.0
BAC_com_162,2,6,3.0
BAC_com_163,1,1,1.0
BAC_com_164,1,2,2.0
BAC_com_165,1,2,2.0
BAC_com_166,1,2,2.0
BAC_com_167,2,3,1.5
BAC_com_168,2,2,1.0
BAC_com_169,6,8,1.3333333333333333
BAC_com_17,1,1,1.0
BAC_com_170,1,3,3.0
BAC_com_171,2,3,1.5
BAC_com_172,3,0,0.0
BAC_com_173,1,0,0.0
BAC_com_174,1,2,2.0
BAC_com_175,1,1,1.0
BAC_com_176,1,2,2.0
BAC_com_177,1,2,2.0
BAC_com_178,3,1,0.3333333333333333
BAC_com_179,4,2,0.5
BAC_com_18,1,1,1.0
BAC_com_180,2,3,1.5
BAC_com_181,1,0,0.0
BAC_com_182,2,0,0.0
BAC_com_183,2,0,0.0
BAC_com_184,1,1,1.0
BAC_com_185,3,0,0.0
BAC_com_186,1,0,0.0
BAC_com_187,1,0,0.0
BAC_com_188,2,4,2.0
BAC_com_189,1,0,0.0
BAC_com_19,11,6,0.5454545454545454
BAC_com_190,2,2,1.0
BAC_com_191,1,2,2.0
BAC_com_192,1,1,1.0
BAC_com_193,1,2,2.0
BAC_com_194,1,3,3.0
BAC_com_195,1,0,0.0
BAC_com_196,1,1,1.0
BAC_com_197,1,1,1.0
BAC_com_198,1,4,4.0
BAC_com_199,2,5,2.5
BAC_com_2,963,83,0.08618899273104881
BAC_com_20,3,8,2.6666666666666665
BAC_com_200,1,1,1.0
BAC_com_201,2,2,1.0
BAC_com_202,2,3,1.5
BAC_com_203,2,2,1.0
BAC_com_204,3,2,0.6666666666666666
BAC_com_205,2,3,1.5
BAC_com_206,2,1,0.5
BAC_com_207,1,1,1.0
BAC_com_208,1,1,1.0
BAC_com_209,1,1,1.0
BAC_com_21,4,7,1.75
BAC_com_210,1,0,0.0
BAC_com_211,4,5,1.25
BAC_com_212,1,2,2.0
BAC_com_213,1,3,3.0
BAC_com_22,1,1,1.0
BAC_com_23,4,8,2.0
BAC_com_24,9,1,0.1111111111111111
BAC_com_25,3,2,0.6666666666666666
BAC_com_26,10,8,0.8
BAC_com_27,1,1,1.0
BAC_com_28,1,1,1.0
BAC_com_29,6,7,1.1666666666666667
BAC_com_3,429,49,0.11421911421911422
BAC_com_30,4,5,1.25
BAC_com_31,1,1,1.0
BAC_com_32,4,5,1.25
BAC_com_33,1,3,3.0
BAC_com_34,42,24,0.5714285714285714
BAC_com_35,2,2,1.0
BAC_com_36,1,0,0.0
BAC_com_37,19,13,0.6842105263157895
BAC_com_38,2,0,0.0
BAC_com_39,1,4,4.0
BAC_com_4,1,2,2.0
BAC_com_40,1,1,1.0
BAC_com_41,30,19,0.6333333333333333
BAC_com_42,2,1,0.5
BAC_com_43,1,1,1.0
BAC_com_44,2,2,1.0
BAC_com_45,14,12,0.8571428571428571
BAC_com_46,3,3,1.0
BAC_com_47,12,5,0.4166666666666667
BAC_com_48,5,4,0.8
BAC_com_49,1,1,1.0
BAC_com_5,72,39,0.5416666666666666
BAC_com_50,1,2,2.0
BAC_com_51,14,5,0.35714285714285715
BAC_com_52,4,2,0.5
BAC_com_53,8,6,0.75
BAC_com_54,1,0,0.0
BAC_com_55,7,7,1.0
BAC_com_56,3,5,1.6666666666666667
BAC_com_57,1,3,3.0
BAC_com_58,1,1,1.0
BAC_com_59,2,0,0.0
BAC_com_6,1,2,2.0
BAC_com_60,1,3,3.0
BAC_com_61,2,0,0.0
BAC_com_62,1,1,1.0
BAC_com_63,2,2,1.0
BAC_com_64,15,3,0.2
BAC_com_65,2,4,2.0
BAC_com_66,5,2,0.4
BAC_com_67,2,2,1.0
BAC_com_68,3,0,0.0
BAC_com_69,2,0,0.0
BAC_com_7,6,2,0.3333333333333333
BAC_com_70,4,3,0.75
BAC_com_71,4,1,0.25
BAC_com_72,3,6,2.0
BAC_com_73,4,8,2.0
BAC_com_74,3,1,0.3333333333333333
BAC_com_75,1,1,1.0
BAC_com_76,2,3,1.5
BAC_com_77,1,3,3.0
BAC_com_78,1,2,2.0
BAC_com_79,1,1,1.0
BAC_com_8,1,1,1.0
BAC_com_80,1,2,2.0
BAC_com_81,6,7,1.1666666666666667
BAC_com_82,1,1,1.0
BAC_com_83,1,2,2.0
BAC_com_84,1,3,3.0
BAC_com_85,1,3,3.0
BAC_com_86,1,4,4.0
BAC_com_87,1,2,2.0
BAC_com_88,2,0,0.0
BAC_com_89,1,1,1.0
BAC_com_9,1,4,4.0
BAC_com_90,1,1,1.0
BAC_com_91,5,7,1.4
BAC_com_92,5,2,0.4
BAC_com_93,2,1,0.5
BAC_com_94,2,0,0.0
BAC_com_95,3,2,0.6666666666666666
BAC_com_96,1,0,0.0
BAC_com_97,4,0,0.0
BAC_com_98,2,1,0.5
BAC_com_99,1,0,0.0
