bac_comm,n_genomes,mean_pair_dist,sd_pair_dist
BAC_com_124,2,1e-08,
BAC_com_160,2,1e-08,
BAC_com_182,2,1e-08,
BAC_com_206,2,1e-08,
BAC_com_112,2,1.1e-08,
BAC_com_158,2,1.1e-08,
BAC_com_145,2,1.3317e-05,
BAC_com_93,2,1.3346e-05,
BAC_com_107,2,1.3624e-05,
BAC_com_74,3,2.70273333333333e-05,2.33976970091788e-05
BAC_com_190,2,2.7303e-05,
BAC_com_162,2,4.112e-05,
BAC_com_130,2,5.4494e-05,
BAC_com_141,2,5.5758e-05,
BAC_com_178,3,5.5794e-05,2.80508434276048e-05
BAC_com_168,2,5.5867e-05,
BAC_com_202,2,5.6065e-05,
BAC_com_67,2,5.7534e-05,
BAC_com_98,2,5.7925e-05,
BAC_com_105,2,5.9831e-05,
BAC_com_142,2,6.8088e-05,
BAC_com_171,2,6.8382e-05,
BAC_com_201,2,6.9892e-05,
BAC_com_88,2,7.0106e-05,
BAC_com_95,3,7.14886666666667e-05,3.92970957366233e-05
BAC_com_203,2,7.1603e-05,
BAC_com_109,3,7.4424e-05,2.50215997290341e-05
BAC_com_70,4,7.44801666666667e-05,4.2177743246488e-05
BAC_com_183,2,7.4702e-05,
BAC_com_42,2,7.4967e-05,
BAC_com_94,2,7.5192e-05,
BAC_com_151,2,8.0856e-05,
BAC_com_65,2,8.1622e-05,
BAC_com_155,2,8.402e-05,
BAC_com_114,2,8.4166e-05,
BAC_com_135,2,8.4444e-05,
BAC_com_122,2,8.4679e-05,
BAC_com_172,3,8.53046666666667e-05,3.74683136707983e-05
BAC_com_69,2,9.6236e-05,
BAC_com_63,2,9.6835e-05,
BAC_com_46,3,9.90973333333333e-05,2.39894259275484e-05
BAC_com_159,2,0.000114573,
BAC_com_179,4,0.000116673333333333,4.8706013438452e-05
BAC_com_167,2,0.000122584,
BAC_com_44,2,0.000127504,
BAC_com_146,8,0.000158793928571429,8.72833779686851e-05
BAC_com_23,4,0.000190060166666667,9.54269940832607e-05
BAC_com_147,2,0.000194719,
BAC_com_0,13,0.00041529041025641,0.000216018474198746
BAC_com_118,4,0.000416841333333333,0.000283609987266081
BAC_com_111,3,0.000691809333333333,0.000587467535460755
BAC_com_140,4,0.0010394215,0.000746217067680645
BAC_com_52,4,0.00116713833333333,0.000837628418101885
BAC_com_92,5,0.0019630976,0.00166918976699044
BAC_com_97,4,0.00211180783333333,0.00159920774895214
BAC_com_113,4,0.00219687416666667,0.0016104786208602
BAC_com_25,3,0.00244490733333333,0.00201497965930039
BAC_com_5,72,0.0024659716314554,0.00220206640602998
BAC_com_117,4,0.00250946316666667,0.0018777601216372
BAC_com_211,4,0.00254941883333333,0.00108079510658911
BAC_com_120,4,0.00268854083333333,0.00256094333899705
BAC_com_1,19,0.0028093910877193,0.0056195781899098
BAC_com_204,3,0.003297804,0.00280733370795333
BAC_com_129,9,0.00345772672222222,0.00173440757887033
BAC_com_68,3,0.00354259666666667,0.00302078085623524
BAC_com_108,4,0.0039504925,0.00298019905762986
BAC_com_55,7,0.00402600514285714,0.00293343054246189
BAC_com_16,10,0.00415964128888889,0.00415141929871861
BAC_com_38,2,0.004191518,
BAC_com_61,2,0.004283628,
BAC_com_71,4,0.0044167805,0.00333853404329701
BAC_com_72,3,0.00536596,0.00455271872285429
BAC_com_205,2,0.005405154,
BAC_com_157,4,0.00564202133333333,0.00434393310137339
BAC_com_48,5,0.0058009914,0.00357075618274001
BAC_com_81,6,0.0065233624,0.00565791207382841
BAC_com_2,963,0.00662595303738533,0.0122150805782862
BAC_com_32,4,0.00673743483333333,0.00362433677795921
BAC_com_66,5,0.0076087438,0.00648669580048509
BAC_com_131,3,0.00837211,0.00716551973758436
BAC_com_73,4,0.0088994725,0.00609185812402498
BAC_com_91,5,0.0089878252,0.0075837138142686
BAC_com_47,12,0.00956509457575758,0.00374408383677224
BAC_com_101,3,0.009673914,0.00821034578889903
BAC_com_188,2,0.010266916,
BAC_com_126,9,0.0109693323333333,0.00583091316019883
BAC_com_59,2,0.010982003,
BAC_com_199,2,0.011038035,
BAC_com_19,11,0.0112375842181818,0.00938134722819774
BAC_com_7,6,0.0113771436666667,0.00513800922090709
BAC_com_24,9,0.0120440722222222,0.00941814334292712
BAC_com_20,3,0.0124680493333333,0.00927030815076944
BAC_com_26,10,0.0125733843555556,0.00783070735230781
BAC_com_56,3,0.0129676893333333,0.010036874515215
BAC_com_64,15,0.0129725202285714,0.00708738986189277
BAC_com_185,3,0.0130256866666667,0.0112340285550157
BAC_com_134,3,0.0134107073333333,0.0115039465200726
BAC_com_137,2,0.013708903,
BAC_com_110,5,0.013816508,0.00955876887018838
BAC_com_143,8,0.0152645896428571,0.00771429068304153
BAC_com_21,4,0.0164120878333333,0.0082431684588128
BAC_com_154,2,0.016719749,
BAC_com_136,2,0.016738048,
BAC_com_133,6,0.0169901434,0.00916155344507411
BAC_com_41,30,0.0178527402206897,0.00948450292208251
BAC_com_3,429,0.0190907279067163,0.0156520822140889
BAC_com_180,2,0.020016144,
BAC_com_30,4,0.0204242783333333,0.0110990623554505
BAC_com_169,6,0.0208024222666667,0.00537295023089648
BAC_com_51,14,0.0212881125824176,0.00941283774369955
BAC_com_29,6,0.0229146718,0.0105586330920964
BAC_com_123,14,0.0242796037252747,0.0117538266766475
BAC_com_76,2,0.024398474,
BAC_com_35,2,0.025771691,
BAC_com_34,42,0.0258966951800232,0.0105873358846661
BAC_com_45,14,0.0259760793516484,0.0122588324547115
BAC_com_37,19,0.0271302613918129,0.0104727371266421
BAC_com_53,8,0.029597399,0.0113623322712612
BAC_com_4,1,,
BAC_com_6,1,,
BAC_com_8,1,,
BAC_com_9,1,,
BAC_com_10,1,,
BAC_com_11,1,,
BAC_com_12,1,,
BAC_com_13,1,,
BAC_com_14,1,,
BAC_com_15,1,,
BAC_com_17,1,,
BAC_com_18,1,,
BAC_com_22,1,,
BAC_com_27,1,,
BAC_com_28,1,,
BAC_com_31,1,,
BAC_com_33,1,,
BAC_com_36,1,,
BAC_com_39,1,,
BAC_com_40,1,,
BAC_com_43,1,,
BAC_com_49,1,,
BAC_com_50,1,,
BAC_com_54,1,,
BAC_com_57,1,,
BAC_com_58,1,,
BAC_com_60,1,,
BAC_com_62,1,,
BAC_com_75,1,,
BAC_com_77,1,,
BAC_com_78,1,,
BAC_com_79,1,,
BAC_com_80,1,,
BAC_com_82,1,,
BAC_com_83,1,,
BAC_com_84,1,,
BAC_com_85,1,,
BAC_com_86,1,,
BAC_com_87,1,,
BAC_com_89,1,,
BAC_com_90,1,,
BAC_com_96,1,,
BAC_com_99,1,,
BAC_com_100,1,,
BAC_com_102,1,,
BAC_com_103,1,,
BAC_com_104,1,,
BAC_com_106,1,,
BAC_com_115,1,,
BAC_com_116,1,,
BAC_com_119,1,,
BAC_com_121,1,,
BAC_com_125,1,,
BAC_com_127,1,,
BAC_com_128,1,,
BAC_com_132,1,,
BAC_com_138,1,,
BAC_com_139,1,,
BAC_com_144,1,,
BAC_com_148,1,,
BAC_com_149,1,,
BAC_com_150,1,,
BAC_com_152,1,,
BAC_com_153,1,,
BAC_com_156,1,,
BAC_com_161,1,,
BAC_com_163,1,,
BAC_com_164,1,,
BAC_com_165,1,,
BAC_com_166,1,,
BAC_com_170,1,,
BAC_com_173,1,,
BAC_com_174,1,,
BAC_com_175,1,,
BAC_com_176,1,,
BAC_com_177,1,,
BAC_com_181,1,,
BAC_com_184,1,,
BAC_com_186,1,,
BAC_com_187,1,,
BAC_com_189,1,,
BAC_com_191,1,,
BAC_com_192,1,,
BAC_com_193,1,,
BAC_com_194,1,,
BAC_com_195,1,,
BAC_com_196,1,,
BAC_com_197,1,,
BAC_com_198,1,,
BAC_com_200,1,,
BAC_com_207,1,,
BAC_com_208,1,,
BAC_com_209,1,,
BAC_com_210,1,,
BAC_com_212,1,,
BAC_com_213,1,,
