"genome"	"PRO_com_74"	"PRO_com_99"	"PRO_com_5"	"PRO_com_62"	"PRO_com_109"	"PRO_com_189"	"PRO_com_57"	"PRO_com_7"	"PRO_com_107"	"PRO_com_111"	"PRO_com_4"	"PRO_com_65"	"PRO_com_38"	"PRO_com_10"	"PRO_com_6"
"PRO_com_74"	100	50.122	1.154	0.618	1.603	0.328	0.084	0	0.49	1.599	0	0	0	0	0
"PRO_com_99"	50.122	100	0.806	0.38	1.116	0.441	0.075	0	0.504	1.013	0	0.04	0	0	0
"PRO_com_5"	1.154	0.806	100	38.898	0.485	1.67	0.703	2.024	7.806	7.063	1.018	0.273	1.378	1.624	2.091
"PRO_com_62"	0.618	0.38	38.898	100	4.327	5.869	11.738	0	7.6	6.495	0	0.177	0.131	0.146	0.165
"PRO_com_109"	1.603	1.116	0.485	4.327	100	7.924	3.797	0.107	0.151	1.026	0.983	0.271	0	0	2.648
"PRO_com_189"	0.328	0.441	1.67	5.869	7.924	100	24.366	1.249	0.969	0.923	0.926	0.142	0	0.077	0.31
"PRO_com_57"	0.084	0.075	0.703	11.738	3.797	24.366	100	1.85	0.707	1.323	0	0.255	0	0	0.163
"PRO_com_7"	0	0.022	2.024	0	0.107	1.249	1.85	100	43.367	22.679	0.2	0.145	0.321	0.197	0
"PRO_com_107"	0.49	0.504	7.806	7.6	0.151	0.969	0.707	43.367	100	55.825	0.366	0.147	0.118	0	0
"PRO_com_111"	1.599	1.013	7.063	6.495	1.026	0.923	1.323	22.679	55.825	100	0.354	0	0.22	0	0.172
"PRO_com_4"	0	0.044	1.018	0	0.983	0.926	0	0.2	0.366	0.354	100	0.647	2.166	2.782	2.265
"PRO_com_65"	0	0.04	0.273	0.177	0.271	0.142	0.255	0.145	0.147	0.055	0.647	100	3.02	6.514	6.635
"PRO_com_38"	0	0	1.378	0.131	0.052	0.047	0	0.321	0.118	0.22	2.166	3.02	100	28.414	30.058
"PRO_com_10"	0	0.022	1.624	0.146	0	0.077	0	0.197	0	0	2.782	6.514	28.414	100	37.904
"PRO_com_6"	0.055	0.038	2.091	0.165	2.648	0.31	0.163	0	0	0.172	2.265	6.635	30.058	37.904	100
