Strain,Serotype_pipeline,Serotype_BVBRC,Serotype_Consensus
1307.700.gff,2,2,2
1307.686.gff,-,2,2
1307.3924.gff,-,-,-
1307.3560.gff,2,-,2
1307.973.gff,2,2,2
1307.1455.gff,14,1,1
1307.2047.gff,2,-,2
1307.476.gff,2,s,s
1307.5046.gff,8,-,8
1307.4173.gff,7,7,7
1307.2221.gff,-,-,-
1307.468.gff,2,2,2
1307.3665.gff,-,-,-
1307.4183.gff,7,7,7
1307.3669.gff,2,-,2
1307.5561.gff,31,-,31
1307.691.gff,3,3,3
1307.631.gff,2,2,2
1307.903.gff,2,2,2
1307.4949.gff,14,-,14
1307.989.gff,2,2,2
1307.3559.gff,-,-,-
1005041.3.gff,2,-,2
1307.2029.gff,2,2,2
1307.1990.gff,16,-,16
1307.4995.gff,4,-,4
1307.1940.gff,-,-,-
1307.754.gff,31,-,31
1307.370.gff,14,14,14
1307.379.gff,-,2,2
1307.5005.gff,3,-,3
1307.2218.gff,-,-,-
1307.491.gff,2,2,2
1214170.3.gff,24,-,24
1307.693.gff,2,2,2
1307.854.gff,2,2,2
1307.4181.gff,7,7,7
1307.1904.gff,15,-,15
1307.1891.gff,29,-,29
1307.4991.gff,5,-,5
1307.2564.gff,2,-,2
1307.656.gff,14,14,14
1307.5028.gff,8,-,8
1307.608.gff,4,4,4
1307.762.gff,2,2,2
1307.1480.gff,4,4,4
1307.3119.gff,3,2,2
1307.4945.gff,2,-,2
1307.1878.gff,-,-,-
1214157.3.gff,12,-,12
1307.1517.gff,-,9,9
1307.5569.gff,31,-,31
1307.1926.gff,-,-,-
1307.117.gff,2,2,2
1307.432.gff,15,1_2,1_2
1214167.3.gff,21,-,21
1307.671.gff,14,2,2
1307.3433.gff,2,2,2
1307.2570.gff,2,-,2
1307.1387.gff,2,2,2
1307.705.gff,2,9,9
1307.513.gff,2,2,2
1307.336.gff,-,2,2
1307.4998.gff,4,-,4
1307.4881.gff,-,-,-
1307.5852.gff,2,-,2
1307.1822.gff,15,-,15
1307.805.gff,14,14,14
1307.2405.gff,19,10,10
1307.113.gff,14,14,14
1307.5586.gff,-,2,2
1307.1921.gff,-,-,-
1307.684.gff,8,9,9
1307.5560.gff,31,-,31
1307.3127.gff,-,-,-
1307.676.gff,8,8,8
1307.474.gff,2,2,2
1307.1959.gff,29,-,29
1307.5974.gff,-,-,-
1307.6538.gff,5,-,5
1307.3667.gff,2,-,2
1307.4885.gff,14,-,14
1307.1513.gff,7,7,7
1307.253.gff,6,-,6
1307.2594.gff,2,-,2
1307.4148.gff,7,7,7
1307.3099.gff,2,2,2
1307.2451.gff,-,2,2
1307.4963.gff,14,-,14
1307.284.gff,15,-,15
1307.6003.gff,2,-,2
1307.3443.gff,31,-,31
1214173.3.gff,27,-,27
1307.5565.gff,31,-,31
1307.2560.gff,2,-,2
1307.1858.gff,2,-,2
1307.695.gff,16,-,16
1307.4187.gff,7,7,7
1307.4947.gff,2,-,2
1307.5024.gff,8,-,8
1307.856.gff,25,14,14
1307.5011.gff,2,-,2
1307.3585.gff,2,-,2
1307.3447.gff,-,-,-
1307.890.gff,2,2,2
1307.1929.gff,28,-,28
1307.3907.gff,-,-,-
1214156.3.gff,11,-,11
1307.760.gff,-,-,-
1307.581.gff,6,6,6
1307.5985.gff,-,-,-
1307.1402.gff,9,9,9
1307.4150.gff,7,7,7
1307.4943.gff,2,-,2
945704.3.gff,14,-,14
1307.5982.gff,-,-,-
1307.4967.gff,2,-,2
1307.3549.gff,2,-,2
1307.1506.gff,2,2,2
1307.5765.gff,14,-,14
1307.1646.gff,2,2,2
1307.355.gff,2,2,2
1307.1484.gff,-,9,9
1307.1489.gff,-,9,9
1307.5988.gff,-,-,-
1307.4926.gff,2,-,2
1307.1917.gff,28,-,28
1307.3123.gff,2,-,2
1307.5042.gff,8,-,8
1307.809.gff,7,7,7
1307.381.gff,2,2,2
1307.894.gff,2,2,2
1307.3175.gff,2,-,2
1307.1900.gff,4,-,4
1307.4154.gff,7,7,7
1214151.3.gff,2,-,2
1307.566.gff,24,-,24
1307.5546.gff,31,-,31
1307.1466.gff,14,1,1
1307.897.gff,2,2,2
1307.2588.gff,-,-,-
1307.356.gff,31,-,31
1307.4977.gff,2,-,2
1307.251.gff,8,9,9
1307.696.gff,-,9,9
1307.2766.gff,7,-,7
1307.5308.gff,3,-,3
1307.1503.gff,-,9,9
1323691.3.gff,-,-,-
1307.286.gff,2,2,2
1307.5294.gff,2,-,2
1307.470.gff,-,2,2
1307.3954.gff,2,2,2
1323708.3.gff,-,-,-
1307.5915.gff,-,-,-
1307.842.gff,7,7,7
1307.414.gff,2,1_2,1_2
1307.922.gff,16,-,16
1307.5582.gff,2,2,2
1307.801.gff,2,2,2
1307.3493.gff,9,-,9
1307.2134.gff,14,-,14
1307.3565.gff,2,-,2
1307.479.gff,2,2,2
1307.658.gff,14,14,14
1307.775.gff,-,1_2,1_2
1307.2693.gff,-,-,-
1307.412.gff,2,-,2
1307.4969.gff,2,-,2
1307.3546.gff,-,-,-
1307.663.gff,2,1_2,1_2
1307.282.gff,-,2,2
1307.814.gff,-,2,2
1307.1499.gff,9,9,9
1307.2035.gff,-,-,-
1307.2696.gff,2,-,2
1214158.3.gff,13,-,13
1307.5092.gff,2,-,2
1307.769.gff,12,1,1
1307.449.gff,2,1,1
1307.779.gff,2,2,2
1214176.3.gff,3,-,3
1307.654.gff,2,2,2
1307.780.gff,2,2,2
1307.1462.gff,2,2,2
1307.1508.gff,14,1,1
1307.1972.gff,28,-,28
1307.3172.gff,2,-,2
1307.625.gff,2,2,2
1307.419.gff,14,2,2
1307.3152.gff,2,2,2
1307.5757.gff,4,-,4
1307.685.gff,14,1,1
1307.385.gff,2,2,2
1307.5096.gff,2,-,2
1307.4957.gff,2,-,2
1307.818.gff,2,2,2
1307.273.gff,2,2,2
1307.2674.gff,29,-,29
1307.786.gff,2,2,2
1307.326.gff,-,2,2
1307.1976.gff,16,-,16
1307.3033.gff,7,7,7
1307.2031.gff,2,2,2
1307.499.gff,2,2,2
1307.759.gff,-,-,-
1307.3930.gff,21,-,21
1307.3034.gff,2,2,2
1307.445.gff,2,2,2
1307.3038.gff,-,-,-
1307.952.gff,9,-,9
1307.244.gff,14,14,14
1307.638.gff,2,2,2
1307.1857.gff,4,-,4
1307.5306.gff,2,-,2
1307.2581.gff,2,-,2
1307.1889.gff,29,-,29
1307.4890.gff,-,-,-
1307.4170.gff,7,7,7
1307.5126.gff,2,-,2
1307.565.gff,7,7,7
1307.416.gff,3,1,1
1307.4908.gff,2,-,2
1307.709.gff,2,2,2
1307.5066.gff,8,-,8
1307.950.gff,3,3,3
1307.358.gff,2,2,2
1307.351.gff,2,2,2
1307.906.gff,2,2,2
1307.3491.gff,9,-,9
1307.262.gff,2,2,2
1307.2222.gff,-,-,-
1307.4894.gff,2,-,2
1323697.3.gff,-,-,-
1307.3570.gff,2,-,2
1307.5761.gff,4,-,4
1307.2585.gff,2,-,2
1307.2119.gff,8,-,8
1307.634.gff,2,2,2
1307.4177.gff,7,7,7
1323698.3.gff,-,-,-
1307.3941.gff,-,-,-
1307.601.gff,2,2,2
1307.451.gff,-,-,-
1307.3495.gff,31,-,31
1307.751.gff,2,2,2
1307.375.gff,2,9,9
1307.2008.gff,25,-,25
423211.3.gff,2,-,2
1307.6523.gff,14,14,14
1307.2020.gff,16,-,16
1307.3499.gff,-,-,-
1307.1379.gff,2,2,2
1307.303.gff,-,9,9
1307.1849.gff,31,-,31
1307.5588.gff,-,2,2
1307.2127.gff,6,-,6
1307.309.gff,3,3,3
1307.782.gff,4,4,4
1004951.3.gff,14,-,14
1307.5544.gff,9,9,9
1307.4905.gff,2,-,2
1307.3950.gff,2,-,2
1307.2130.gff,-,-,-
1307.397.gff,2,2,2
1307.277.gff,2,2,2
1307.436.gff,2,2,2
1307.598.gff,2,2,2
1307.3437.gff,24,24,24
1307.969.gff,2,2,2
1307.675.gff,7,7,7
1307.3578.gff,-,-,-
1307.913.gff,2,2,2
1307.701.gff,2,2,2
1307.306.gff,2,2,2
1307.517.gff,2,2,2
1307.5759.gff,4,-,4
1307.3430.gff,2,2,2
1307.5059.gff,2,-,2
1307.2025.gff,16,-,16
1307.5047.gff,7,-,7
1307.724.gff,14,1,1
1307.219.gff,2,2,2
1307.2591.gff,2,-,2
1307.877.gff,2,2,2
1307.1821.gff,16,-,16
1307.898.gff,2,2,2
1307.932.gff,2,2,2
1307.496.gff,2,2,2
1307.5608.gff,19,-,19
1307.441.gff,-,-,-
1307.1955.gff,31,-,31
1307.3939.gff,16,-,16
1307.1930.gff,29,-,29
1307.3505.gff,-,-,-
1307.3132.gff,2,2,2
1307.2678.gff,16,-,16
672190.3.gff,2,-,2
1307.1825.gff,-,-,-
1307.3599.gff,2,-,2
1307.2121.gff,6,-,6
1307.374.gff,2,2,2
1307.603.gff,2,2,2
1307.3503.gff,14,14,14
1307.3663.gff,2,-,2
1307.1478.gff,8,8,8
1307.1521.gff,2,2,2
1307.5984.gff,-,-,-
1307.3105.gff,2,2,2
1323700.3.gff,-,-,-
1307.90.gff,2,2,2
1307.630.gff,2,2,2
1307.5762.gff,4,-,4
1307.970.gff,2,2,2
1307.855.gff,2,2,2
1307.1951.gff,15,-,15
1307.492.gff,2,2,2
1307.5129.gff,2,-,2
1307.702.gff,9,-,9
1307.755.gff,2,2,2
1307.371.gff,2,2,2
1307.5045.gff,8,-,8
1307.106.gff,21,-,21
1307.1938.gff,12,-,12
1307.2414.gff,14,1,1
1307.469.gff,2,2,2
1307.4902.gff,2,-,2
1307.3508.gff,2,2,2
1214164.3.gff,19,-,19
1307.1635.gff,2,-,2
1307.5562.gff,31,-,31
1307.4922.gff,2,-,2
1307.851.gff,2,2,2
1307.4946.gff,14,-,14
1307.1859.gff,-,-,-
1307.688.gff,2,2,2
1307.3010.gff,-,-,-
1307.3109.gff,2,2,2
1307.4196.gff,4,-,4
1307.179.gff,15,1,1
1307.976.gff,4,4,4
1307.2410.gff,2,2,2
1307.3588.gff,2,-,2
1307.974.gff,2,2,2
1307.102.gff,2,2,2
1307.512.gff,2,-,2
1307.5320.gff,3,-,3
1307.4140.gff,7,7,7
1307.384.gff,3,3,3
1307.5041.gff,8,-,8
1307.2605.gff,2,-,2
1307.317.gff,-,-,-
1307.6525.gff,2,2,2
1307.5043.gff,8,-,8
1307.935.gff,2,2,2
1307.910.gff,2,2,2
1307.4193.gff,-,-,-
1307.6001.gff,2,-,2
1307.1386.gff,2,2,2
1307.706.gff,2,2,2
1307.1905.gff,31,-,31
1307.5038.gff,8,-,8
1307.3434.gff,14,14,14
1307.1481.gff,2,2,2
1307.3507.gff,-,2,2
1307.1901.gff,31,-,31
1307.5324.gff,31,-,31
1307.5998.gff,2,-,2
1307.6543.gff,5,-,5
1307.2452.gff,2,2,2
1307.352.gff,2,2,2
1307.893.gff,2,2,2
1307.4884.gff,14,-,14
1307.255.gff,-,-,-
1307.3584.gff,-,-,-
1307.98.gff,2,2,2
1307.681.gff,2,2,2
1307.798.gff,2,2,2
1307.6002.gff,2,-,2
1307.5587.gff,-,2,2
1307.234.gff,2,2,2
1307.3916.gff,-,-,-
1307.931.gff,2,2,2
1307.652.gff,2,2,2
1307.1403.gff,-,9,9
1307.5760.gff,4,-,4
1307.1485.gff,-,9,9
1307.2565.gff,2,-,2
1307.607.gff,3,3,3
1307.5010.gff,2,-,2
1307.1664.gff,-,Chz,Chz
1307.808.gff,7,7,7
1307.268.gff,2,2,2
1307.2595.gff,2,-,2
1307.1908.gff,15,-,15
1307.1890.gff,29,-,29
1307.628.gff,2,2,2
1307.1829.gff,31,-,31
1307.238.gff,8,8,8
1307.2633.gff,-,-,-
1307.2014.gff,-,-,-
1307.5977.gff,3,-,3
1307.3953.gff,2,-,2
1307.822.gff,2,2,2
1307.5550.gff,31,-,31
1307.5021.gff,9,-,9
1307.488.gff,2,2,2
1307.579.gff,9,-,9
1307.4916.gff,14,-,14
1307.386.gff,-,-,-
1307.3171.gff,-,-,-
1307.585.gff,2,2,2
1307.5764.gff,4,-,4
1307.1501.gff,9,9,9
1214171.3.gff,25,-,25
1307.471.gff,2,2,2
1307.704.gff,2,2,2
1307.3126.gff,-,-,-
1307.5627.gff,2,2,2
1307.382.gff,2,2,2
1307.3587.gff,-,-,-
1307.4149.gff,7,7,7
1307.761.gff,2,2,2
1307.666.gff,2,2,2
1307.4942.gff,2,-,2
1307.5566.gff,31,-,31
1307.1374.gff,2,2,2
1307.1645.gff,-,-,-
1307.690.gff,2,2,2
1307.726.gff,2,2,2
1307.1509.gff,7,7,7
1307.5051.gff,3,-,3
1307.241.gff,3,3,3
1307.662.gff,2,2,2
1307.1469.gff,16,7,7
1307.5585.gff,2,2,2
1307.1465.gff,14,1,1
1307.369.gff,14,1,1
1307.4975.gff,-,-,-
1307.415.gff,-,2,2
1307.2697.gff,2,-,2
1307.765.gff,-,-,-
218494.6.gff,2,2,2
1307.456.gff,2,2,2
1307.1928.gff,-,-,-
1307.992.gff,2,2,2
1307.3583.gff,-,-,-
1307.3492.gff,9,-,9
1214165.3.gff,2,-,2
1307.254.gff,2,2,2
1307.5581.gff,2,2,2
1307.1491.gff,2,2,2
1307.5300.gff,3,-,3
1307.2589.gff,-,-,-
286604.5.gff,2,2,2
1307.713.gff,15,-,15
1307.1806.gff,-,-,-
1307.3935.gff,-,-,-
1307.3589.gff,2,-,2
1307.6005.gff,2,-,2
1307.924.gff,2,2,2
1307.826.gff,8,8,8
1307.3496.gff,3,-,3
1307.359.gff,2,2,2
1307.811.gff,2,2,2
1307.1500.gff,-,9,9
1307.1656.gff,2,2,2
1307.2542.gff,-,-,-
1307.5307.gff,3,-,3
1307.4979.gff,3,-,3
1307.708.gff,2,2,2
1307.3173.gff,2,-,2
1307.4139.gff,7,7,7
1307.3931.gff,-,-,-
1307.1981.gff,-,-,-
1307.5087.gff,2,-,2
1307.411.gff,3,3,3
996306.3.gff,12,-,12
1307.1429.gff,2,2,2
1307.758.gff,2,2,2
1307.781.gff,2,2,2
1307.1539.gff,31,-,31
1307.3452.gff,31,-,31
1307.928.gff,4,4,4
1307.2135.gff,2,5,5
1307.305.gff,2,2,2
1307.465.gff,-,-,-
1307.2018.gff,31,-,31
1307.2767.gff,29,-,29
1307.1505.gff,2,2,2
1307.1643.gff,-,-,-
1307.723.gff,2,2,2
1307.575.gff,2,2,2
1307.3547.gff,2,-,2
1307.748.gff,3,1,1
1307.1804.gff,2,-,2
1307.2131.gff,-,-,-
1214177.3.gff,30,-,30
1307.302.gff,14,1,1
1214178.3.gff,31,-,31
1307.1977.gff,15,-,15
1307.3032.gff,9,9,9
1307.5558.gff,31,-,31
1307.919.gff,2,1,1
1307.789.gff,31,-,31
1307.5973.gff,-,-,-
1307.4166.gff,7,7,7
1307.785.gff,3,3,3
1307.1811.gff,-,-,-
1307.300.gff,2,2,2
1307.4909.gff,-,-,-
1307.593.gff,-,2,2
1307.5606.gff,7,-,7
1307.744.gff,2,2,2
1307.771.gff,16,-,16
1307.1493.gff,-,9,9
1307.819.gff,2,2,2
1307.904.gff,2,2,2
1214210.3.gff,-,-,-
1214191.3.gff,2,-,2
1307.3951.gff,2,-,2
1307.815.gff,19,-,19
1307.878.gff,2,2,2
1307.5130.gff,2,-,2
1307.5077.gff,2,-,2
1307.96.gff,-,2,2
1307.965.gff,7,7,7
1307.567.gff,2,2,2
1307.3115.gff,-,2,2
993512.3.gff,2,-,2
1307.3158.gff,2,2,2
1307.590.gff,-,2,2
1307.4906.gff,2,-,2
1307.6529.gff,23,-,23
1307.5605.gff,8,-,8
1307.263.gff,2,2,2
1307.4901.gff,2,-,2
1307.3498.gff,-,-,-
1307.1874.gff,-,-,-
1323709.3.gff,-,-,-
1307.1839.gff,30,-,30
1307.2027.gff,-,-,-
1307.870.gff,-,1_2,1_2
1214187.3.gff,7,-,7
1307.4956.gff,2,-,2
1307.960.gff,3,3,3
1307.669.gff,2,2,2
1307.5972.gff,-,-,-
1307.467.gff,-,2,2
1307.1860.gff,16,-,16
1307.2599.gff,2,-,2
1307.332.gff,-,2,2
1214193.3.gff,-,-,-
1307.5589.gff,2,2,2
1307.1423.gff,2,2,2
1307.5888.gff,4,-,4
1307.635.gff,-,-,-
1307.1998.gff,5,-,5
1307.756.gff,-,2,2
1307.639.gff,2,2,2
1307.3153.gff,2,2,2
1307.835.gff,2,1_2,1_2
1307.2568.gff,2,-,2
1307.3100.gff,2,2,2
1307.376.gff,-,-,-
1307.1835.gff,-,-,-
1307.516.gff,8,-,8
1307.5330.gff,2,-,2
1307.899.gff,2,2,2
1307.874.gff,2,2,2
1307.1520.gff,2,1_2,1_2
1307.3504.gff,4,4,4
1307.2118.gff,21,-,21
1214160.3.gff,15,-,15
1307.968.gff,2,2,2
1307.497.gff,2,2,2
1307.2408.gff,10,10,10
1307.3438.gff,2,2,2
1307.4888.gff,-,-,-
1307.448.gff,2,2,2
1307.5999.gff,2,-,2
1307.4145.gff,7,7,7
1307.3111.gff,2,2,2
1307.1995.gff,-,-,-
1307.5075.gff,2,-,2
1307.2026.gff,16,-,16
1307.2685.gff,4,-,4
1307.493.gff,-,2,2
1307.1956.gff,2,-,2
1307.569.gff,16,16,16
1307.5617.gff,-,-,-
1307.4903.gff,2,-,2
1307.4141.gff,7,7,7
1307.261.gff,2,2,2
1307.5071.gff,2,-,2
1307.649.gff,2,2,2
1307.3500.gff,8,7,7
1307.832.gff,2,1_2,1_2
1307.4192.gff,2,-,2
1307.5745.gff,-,-,-
1307.3579.gff,2,-,2
1307.3079.gff,2,-,2
1307.703.gff,2,1_2,1_2
1307.265.gff,25,14,14
1307.3948.gff,2,-,2
1214186.3.gff,12,-,12
1307.2791.gff,2,2,2
1307.1444.gff,2,2,2
1307.1522.gff,8,7,7
1307.231.gff,-,1,1
1307.3154.gff,2,2,2
1307.597.gff,3,3,3
1307.437.gff,-,2,2
1307.313.gff,4,4,4
1307.2601.gff,2,-,2
1307.707.gff,8,9,9
1307.2592.gff,2,-,2
1307.308.gff,2,2,2
1307.4883.gff,2,-,2
1307.2411.gff,7,7,7
1307.103.gff,2,2,2
1307.235.gff,7,7,7
1307.1997.gff,3,-,3
1307.1393.gff,8,8,8
1307.269.gff,2,2,2
1307.5079.gff,2,-,2
1307.5622.gff,-,-,-
1307.934.gff,2,2,2
1307.680.gff,2,2,2
1307.689.gff,2,2,2
1307.2045.gff,31,31,31
1307.222.gff,2,2,2
1307.1408.gff,7,7,7
1307.6524.gff,2,2,2
1307.483.gff,2,2,2
1307.1831.gff,-,-,-
1307.2562.gff,2,-,2
1307.1897.gff,29,-,29
1307.5029.gff,8,-,8
1307.1665.gff,-,Chz,Chz
1307.5563.gff,31,-,31
1307.633.gff,2,2,2
1307.293.gff,2,2,2
1214211.3.gff,12,-,12
1307.438.gff,4,4,4
1307.3108.gff,-,2,2
1307.3104.gff,2,2,2
1307.5040.gff,8,-,8
1307.1992.gff,16,-,16
1307.936.gff,2,1_2,1_2
1307.372.gff,2,2,2
1307.3129.gff,2,-,2
1307.248.gff,19,-,19
1307.5567.gff,31,-,31
1307.3912.gff,5,-,5
1307.852.gff,2,2,2
1214185.3.gff,2,-,2
1307.4965.gff,2,-,2
1307.5026.gff,8,-,8
1307.239.gff,2,2,2
1307.667.gff,15,1_2,1_2
1307.4928.gff,-,-,-
1307.892.gff,2,2,2
1307.1893.gff,31,-,31
1307.6542.gff,5,-,5
1307.1894.gff,16,-,16
1307.1898.gff,16,-,16
1307.2566.gff,2,-,2
1307.5991.gff,-,-,-
1307.387.gff,2,2,2
1307.5082.gff,2,-,2
1307.3121.gff,2,-,2
1307.383.gff,2,2,2
1307.3927.gff,-,-,-
1307.2604.gff,2,-,2
1307.316.gff,2,2,2
1307.430.gff,4,4,4
1307.682.gff,14,14,14
1307.4929.gff,2,-,2
1307.4923.gff,2,-,2
1307.259.gff,2,2,2
1307.4970.gff,14,-,14
1307.1409.gff,14,1,1
1307.1510.gff,2,2,2
1307.5584.gff,16,-,16
1307.3451.gff,31,-,31
1307.947.gff,2,2,2
1307.5623.gff,-,-,-
1307.3556.gff,-,-,-
1307.993.gff,-,2,2
1307.727.gff,2,2,2
1307.3934.gff,-,-,-
1307.571.gff,7,7,7
1307.576.gff,2,2,2
1307.1923.gff,16,-,16
1307.4198.gff,4,-,4
1307.3125.gff,2,-,2
1214198.3.gff,-,-,-
1307.99.gff,-,2,2
1307.4887.gff,2,-,2
1307.1439.gff,3,3,3
1307.3586.gff,-,-,-
1307.623.gff,2,1_2,1_2
1307.5580.gff,2,2,2
1307.1807.gff,15,-,15
1307.5626.gff,31,-,31
1307.958.gff,2,2,2
1307.3917.gff,-,-,-
1307.930.gff,30,1,1
1307.340.gff,2,2,2
1307.6004.gff,-,-,-
1307.4961.gff,2,-,2
1307.740.gff,2,2,2
1307.1497.gff,17,2,2
1307.3582.gff,2,-,2
1307.653.gff,2,2,2
1307.1518.gff,2,2,2
1307.665.gff,-,-,-
1214149.3.gff,2,-,2
1307.1896.gff,-,-,-
1307.344.gff,2,2,2
1307.810.gff,2,2,2
1307.5539.gff,9,9,9
1307.6540.gff,5,-,5
1307.5316.gff,4,-,4
1214184.3.gff,9,-,9
1307.1490.gff,9,9,9
1307.3163.gff,2,2,2
1307.2690.gff,31,-,31
1307.5022.gff,8,-,8
1307.847.gff,2,2,2
1214153.3.gff,14,-,14
1307.4899.gff,-,-,-
1307.1947.gff,16,-,16
1307.3670.gff,2,-,2
1307.1504.gff,9,9,9
1307.3552.gff,-,-,-
1307.240.gff,2,2,2
1307.2692.gff,-,-,-
1307.487.gff,-,2,2
1307.4924.gff,2,-,2
1307.962.gff,2,2,2
1307.463.gff,2,2,2
1307.594.gff,2,2,2
1307.4138.gff,7,7,7
1307.3936.gff,-,-,-
1307.574.gff,2,2,2
1307.4907.gff,2,-,2
1307.464.gff,2,2,2
1214214.3.gff,7,-,7
1307.5917.gff,2,-,2
1307.5050.gff,2,-,2
1307.720.gff,14,1,1
1307.473.gff,-,-,-
1214215.3.gff,11,-,11
1307.276.gff,2,1_2,1_2
1307.5086.gff,2,-,2
1307.4974.gff,2,-,2
1307.3574.gff,2,-,2
1307.4959.gff,-,-,-
1214201.3.gff,2,-,2
1307.4162.gff,-,7,7
1307.3009.gff,28,-,28
1307.2691.gff,2,-,2
1307.5293.gff,2,-,2
1307.777.gff,2,2,2
1307.378.gff,2,2,2
1307.657.gff,2,2,2
1307.5559.gff,31,-,31
1307.1367.gff,2,2,2
1307.812.gff,2,-,2
1307.5062.gff,2,-,2
1307.212.gff,14,-,14
1307.770.gff,15,-,15
1307.4955.gff,14,-,14
1307.407.gff,2,2,2
1307.961.gff,3,3,3
1307.4951.gff,2,-,2
1307.2543.gff,2,-,2
1307.661.gff,2,2,2
1214217.3.gff,-,-,-
1307.5076.gff,2,-,2
1307.816.gff,10,-,10
1307.5055.gff,2,-,2
1307.323.gff,-,2,2
1307.1494.gff,2,2,2
1307.242.gff,2,2,2
1307.4157.gff,7,7,7
1307.393.gff,-,2,2
1307.2694.gff,-,-,-
1307.2117.gff,-,-,-
1307.5072.gff,2,-,2
1307.659.gff,2,2,2
1307.2032.gff,2,2,2
1307.668.gff,14,1,1
1307.4889.gff,14,-,14
1307.395.gff,2,2,2
1307.4144.gff,7,7,7
1307.5331.gff,3,-,3
1307.3150.gff,2,2,2
1307.3157.gff,2,2,2
1307.350.gff,4,4,4
1307.2598.gff,2,-,2
1307.871.gff,14,1,1
1307.964.gff,14,14,14
1307.2676.gff,29,-,29
1307.324.gff,-,2,2
1307.507.gff,2,2,2
1307.1974.gff,5,-,5
1307.1999.gff,9,-,9
1307.2224.gff,2,2,2
1307.3932.gff,-,-,-
1307.1836.gff,-,-,-
1307.5889.gff,-,-,-
1307.2675.gff,29,-,29
1307.327.gff,-,-,-
1307.2569.gff,2,-,2
1307.246.gff,2,2,2
1307.1868.gff,16,-,16
1307.460.gff,-,2,2
1307.3944.gff,16,-,16
1307.4167.gff,7,7,7
1307.873.gff,2,2,2
1307.3576.gff,2,-,2
1307.1587.gff,2,2,2
1307.1523.gff,14,1,1
1307.2043.gff,5,5,5
1307.328.gff,2,2,2
1307.2784.gff,31,-,31
1307.227.gff,-,2,2
1307.230.gff,2,2,2
1307.95.gff,3,3,3
1307.1448.gff,9,9,9
1307.2220.gff,-,-,-
1307.648.gff,2,2,2
1307.3572.gff,2,-,2
1307.3101.gff,2,2,2
1307.1991.gff,16,-,16
1307.636.gff,2,2,2
1307.296.gff,7,7,7
1307.2449.gff,9,9,9
1307.1824.gff,-,-,-
1307.4913.gff,2,-,2
1307.3943.gff,16,-,16
1307.108.gff,21,-,21
1307.260.gff,-,3,3
1307.914.gff,2,1_2,1_2
1307.5744.gff,-,1_2,1_2
1307.722.gff,2,2,2
1323699.3.gff,-,-,-
1307.1414.gff,2,2,2
1307.6522.gff,2,2,2
1307.937.gff,31,-,31
1307.377.gff,2,2,2
1307.3940.gff,-,-,-
1307.264.gff,2,2,2
1307.891.gff,7,7,7
1307.5979.gff,-,-,-
1307.2790.gff,2,2,2
1307.774.gff,14,1,1
1307.391.gff,3,3,3
1307.1809.gff,-,-,-
1307.6521.gff,-,-,-
1307.596.gff,2,2,2
1307.650.gff,2,2,2
1307.270.gff,2,2,2
1307.373.gff,2,2,2
1307.864.gff,2,2,2
1307.104.gff,2,2,2
1307.885.gff,2,2,2
1307.896.gff,2,2,2
1307.2416.gff,3,-,3
1307.312.gff,2,-,2
1307.2081.gff,4,4,4
1307.2600.gff,2,-,2
1307.4146.gff,7,7,7
1307.3155.gff,-,2,2
1307.434.gff,11,1,1
1307.3432.gff,-,2,2
1307.433.gff,2,2,2
1307.2774.gff,-,-,-
1307.730.gff,2,2,2
1307.857.gff,16,14,14
1307.4195.gff,14,-,14
1307.1823.gff,-,-,-
1307.2596.gff,-,-,-
1307.4880.gff,2,-,2
1307.1432.gff,2,2,2
1307.1434.gff,-,9,9
1307.2780.gff,-,-,-
1307.4990.gff,2,-,2
1307.875.gff,2,2,2
1307.2046.gff,-,-,-
1307.5572.gff,31,-,31
1307.683.gff,2,2,2
1307.1920.gff,-,-,-
1307.3436.gff,2,2,2
1307.627.gff,2,2,2
1307.837.gff,2,2,2
1307.297.gff,2,2,2
1307.3476.gff,12,-,12
1307.610.gff,-,-,-
1307.232.gff,2,1_2,1_2
1307.3913.gff,-,-,-
1307.1993.gff,3,-,3
1307.5576.gff,2,2,2
1307.1827.gff,16,-,16
1307.2593.gff,2,-,2
1307.3103.gff,2,2,2
1307.2563.gff,-,-,-
1307.3098.gff,-,2,2
1307.223.gff,2,2,2
1307.5025.gff,8,-,8
1307.5628.gff,19,19,19
1307.717.gff,-,2,2
1307.3107.gff,-,2,2
1307.311.gff,2,1_2,1_2
1307.632.gff,16,-,16
1307.292.gff,2,2,2
1307.2603.gff,2,-,2
1307.2007.gff,16,-,16
1307.3580.gff,2,-,2
1307.2561.gff,2,-,2
1307.5621.gff,-,-,-
1307.5594.gff,2,2,2
1307.4194.gff,28,-,28
1307.1996.gff,3,-,3
1307.977.gff,3,3,3
1307.1473.gff,4,4,4
1307.2843.gff,2,2,2
1307.1892.gff,4,-,4
1307.2768.gff,-,-,-
1307.2003.gff,-,-,-
1307.4920.gff,2,-,2
1307.245.gff,8,-,8
1307.431.gff,2,2,2
1307.249.gff,2,2,2
1307.5850.gff,9,9,9
1307.4927.gff,2,-,2
1307.3120.gff,14,-,14
1214152.3.gff,8,-,8
1307.982.gff,3,3,3
1307.3140.gff,2,2,2
391296.8.gff,2,-,2
1307.4882.gff,3,-,3
1307.5990.gff,27,-,27
1307.2412.gff,12,-,12
1307.100.gff,2,2,2
1307.4142.gff,7,7,7
1307.2607.gff,2,-,2
1307.315.gff,2,2,2
1307.489.gff,14,1,1
1307.1847.gff,31,-,31
1307.2023.gff,16,-,16
1307.6527.gff,2,2,2
1307.354.gff,2,2,2
568813.3.gff,2,-,2
1307.4134.gff,7,7,7
1307.3910.gff,16,-,16
1307.4191.gff,7,7,7
1307.5078.gff,2,-,2
1307.3122.gff,2,-,2
1307.3166.gff,2,2,2
1307.1467.gff,2,2,2
1307.4981.gff,3,-,3
1307.480.gff,2,2,2
1307.570.gff,14,1,1
1307.942.gff,2,2,2
1307.3593.gff,2,-,2
1307.4971.gff,14,-,14
1307.883.gff,-,2,2
1307.1438.gff,9,9,9
1307.3671.gff,24,24,24
1307.6541.gff,5,-,5
1307.4133.gff,7,7,7
1307.4886.gff,28,-,28
1307.5027.gff,8,-,8
1307.984.gff,14,14,14
1307.846.gff,3,3,3
1307.5012.gff,-,-,-
1307.4984.gff,4,-,4
1307.236.gff,2,2,2
1307.1943.gff,16,-,16
1307.3914.gff,-,-,-
1307.946.gff,2,2,2
1307.5851.gff,2,-,2
1307.715.gff,2,2,2
1307.5088.gff,9,-,9
1307.1477.gff,14,1,1
1307.5555.gff,31,-,31
1307.920.gff,2,2,2
1307.2567.gff,2,-,2
1307.4199.gff,14,-,14
1307.687.gff,2,2,2
1307.916.gff,11,1,1
1307.2012.gff,16,-,16
1307.5312.gff,2,-,2
1307.3489.gff,9,-,9
1307.1978.gff,-,-,-
1307.5081.gff,2,-,2
1307.413.gff,2,2,2
1307.793.gff,3,3,3
1307.926.gff,31,-,31
1307.345.gff,2,2,2
1307.586.gff,31,-,31
1307.4925.gff,2,-,2
1307.4988.gff,4,-,4
1307.2016.gff,16,-,16
1307.843.gff,2,2,2
1307.5552.gff,31,-,31
1307.5023.gff,8,-,8
1307.424.gff,2,2,2
1307.1652.gff,-,-,-
1307.5980.gff,-,-,-
1307.5057.gff,2,-,2
1307.3557.gff,2,-,2
1307.728.gff,2,2,2
1307.1973.gff,5,-,5
1307.5551.gff,31,-,31
1307.2446.gff,2,-,2
1307.725.gff,2,2,2
1307.839.gff,2,2,2
1307.1498.gff,14,1,1
1307.5327.gff,3,-,3
1307.3124.gff,2,-,2
1307.664.gff,21,-,21
1307.217.gff,2,2,2
1307.912.gff,2,-,2
1307.1463.gff,2,2,2
1307.5625.gff,31,-,31
1307.402.gff,2,2,2
1307.322.gff,12,1_2,1_2
1307.721.gff,2,2,2
1307.787.gff,2,2,2
1307.4163.gff,7,7,7
1307.213.gff,-,2,2
1307.604.gff,31,-,31
1307.1540.gff,2,-,2
1307.4973.gff,2,-,2
1307.243.gff,2,2,2
1307.5053.gff,2,-,2
1307.813.gff,2,2,2
1307.660.gff,2,2,2
1307.2544.gff,2,-,2
1307.3490.gff,9,-,9
1307.1519.gff,2,2,2
1307.1866.gff,15,-,15
1307.817.gff,2,2,2
1307.3575.gff,-,-,-
1307.5049.gff,7,-,7
1307.5036.gff,8,-,8
1214199.3.gff,-,-,-
1307.797.gff,2,2,2
1307.2695.gff,2,-,2
1307.3937.gff,-,-,-
1307.5317.gff,2,-,2
1307.1650.gff,-,-,-
1307.3162.gff,2,2,2
1307.848.gff,4,4,4
1307.741.gff,-,1,1
1307.821.gff,2,2,2
1307.417.gff,2,1_2,1_2
1307.3571.gff,-,-,-
1214208.3.gff,29,-,29
1307.3945.gff,31,-,31
1307.739.gff,2,2,2
1214202.3.gff,-,-,-
1307.3494.gff,9,-,9
1307.6528.gff,14,-,14
1307.4950.gff,2,-,2
1307.966.gff,2,2,2
1307.4930.gff,-,-,-
1307.1971.gff,14,-,14
1307.392.gff,2,2,2
1307.735.gff,2,2,2
1307.3933.gff,2,-,2
1307.2771.gff,-,-,-
1323688.3.gff,-,-,-
1307.764.gff,2,2,2
1307.189.gff,15,-,15
1214175.3.gff,29,-,29
1307.778.gff,2,2,2
1307.959.gff,2,2,2
1307.4160.gff,7,7,7
1307.5631.gff,2,2,2
1307.915.gff,6,6,6
1307.4952.gff,2,-,2
1307.783.gff,-,-,-
1307.278.gff,14,1,1
1307.320.gff,15,-,15
1307.646.gff,4,4,4
1307.614.gff,10,-,10
1307.3151.gff,2,2,2
1307.5635.gff,-,-,-
1307.3426.gff,9,-,9
1307.3904.gff,-,-,-
1307.580.gff,7,7,7
1307.396.gff,2,2,2
1307.5893.gff,12,-,12
1307.506.gff,2,2,2
1307.1413.gff,2,2,2
1214179.3.gff,4,-,4
1307.2679.gff,11,-,11
1307.4164.gff,-,7,7
1307.612.gff,-,-,-
1307.2590.gff,2,-,2
1307.247.gff,2,2,2
1307.746.gff,2,2,2
1307.366.gff,2,2,2
1307.406.gff,2,2,2
1307.2795.gff,2,2,2
1307.2681.gff,7,-,7
1307.5969.gff,-,-,-
1307.967.gff,2,2,2
1307.868.gff,-,2,2
1307.2597.gff,2,-,2
1307.3502.gff,-,switch,switch
1307.644.gff,3,3,3
1307.319.gff,2,2,2
1307.1449.gff,2,2,2
1307.362.gff,2,2,2
1307.836.gff,2,2,2
1214203.3.gff,11,-,11
1307.91.gff,2,2,2
1307.1417.gff,2,2,2
1307.1953.gff,-,-,-
1307.3149.gff,2,2,2
1307.5743.gff,-,-,-
1307.107.gff,14,14,14
1307.2415.gff,31,31,31
1307.1819.gff,2,-,2
1214196.3.gff,11,-,11
1307.218.gff,2,2,2
1307.1964.gff,29,-,29
1307.3168.gff,2,-,2
1307.3923.gff,5,-,5
1307.2219.gff,-,-,-
1307.5978.gff,-,-,-
1307.226.gff,2,2,2
1307.4954.gff,2,-,2
1307.1862.gff,16,-,16
1307.295.gff,2,2,2
1307.986.gff,2,1_2,1_2
1307.3145.gff,2,2,2
1307.435.gff,31,-,31
1307.3918.gff,-,-,-
1307.861.gff,2,2,2
1307.938.gff,-,-,-
1246365.4.gff,2,-,2
1307.398.gff,16,-,16
1307.3136.gff,2,2,2
1307.454.gff,-,2,2
1307.2082.gff,4,4,4
1307.1842.gff,16,-,16
1214216.3.gff,-,-,-
1307.3102.gff,2,2,2
1307.642.gff,2,2,2
1307.3596.gff,-,-,-
1307.329.gff,2,2,2
1307.2785.gff,25,-,25
1307.5992.gff,27,-,27
1307.3106.gff,2,2,2
1307.865.gff,2,2,2
1307.6000.gff,-,-,-
1307.1931.gff,28,-,28
1307.5612.gff,4,-,4
1307.408.gff,2,2,2
1307.4147.gff,7,7,7
1307.2448.gff,9,9,9
1307.2775.gff,-,-,-
1307.4912.gff,-,-,-
1307.901.gff,2,2,2
1307.731.gff,2,2,2
1307.3506.gff,3,3,3
1307.3116.gff,2,2,2
1307.2683.gff,-,-,-
1307.458.gff,2,2,2
1307.5742.gff,-,-,-
1307.711.gff,2,2,2
1307.4135.gff,7,7,7
1307.4184.gff,7,7,7
1307.5003.gff,14,-,14
1307.619.gff,14,1,1
1307.5577.gff,2,2,2
1307.3477.gff,-,-,-
1307.834.gff,11,1,1
1307.2687.gff,16,-,16
1307.716.gff,-,2,2
1307.5615.gff,-,-,-
1307.2417.gff,15,group t,group t
1307.4143.gff,7,7,7
1307.105.gff,2,2,2
1307.5006.gff,7,-,7
1307.2602.gff,-,-,-
1307.5616.gff,-,-,-
1307.310.gff,2,2,2
1307.830.gff,7,7,7
1307.3921.gff,-,-,-
1307.349.gff,2,2,2
1307.4190.gff,-,7,7
1276647.3.gff,16,-,16
1307.224.gff,2,2,2
1307.5747.gff,-,-,-
1307.233.gff,2,2,2
1307.886.gff,31,-,31
1214197.3.gff,12,-,12
1307.3668.gff,2,-,2
1307.1514.gff,2,2,2
1307.5058.gff,2,-,2
1307.1924.gff,-,-,-
1307.1317.gff,2,-,2
1307.314.gff,2,2,2
1307.2606.gff,2,-,2
1307.5554.gff,31,-,31
1214159.3.gff,14,-,14
1307.3928.gff,-,-,-
1307.421.gff,-,2,2
1307.578.gff,10,-,10
1307.2576.gff,2,-,2
1307.5619.gff,31,-,31
1307.2002.gff,16,-,16
1307.4921.gff,2,-,2
1307.289.gff,2,2,2
1307.882.gff,2,2,2
1307.4174.gff,7,7,7
1307.5044.gff,8,-,8
1307.599.gff,4,4,4
1307.902.gff,2,2,2
1307.943.gff,2,2,2
1307.101.gff,-,2,2
1307.2413.gff,5,5,5
1307.3141.gff,2,2,2
1307.4985.gff,2,-,2
1307.237.gff,-,2,2
1307.767.gff,9,-,9
1307.2573.gff,2,-,2
1307.484.gff,8,-,8
1307.3911.gff,-,-,-
1307.3664.gff,2,-,2
1307.5620.gff,-,-,-
1307.4992.gff,8,-,8
1307.220.gff,2,2,2
1307.335.gff,-,1,1
1307.5997.gff,2,1_2,1_2
1307.692.gff,16,16,16
1307.6526.gff,2,2,2
1307.4180.gff,7,7,7
1307.2769.gff,11,-,11
1307.2842.gff,2,2,2
1307.291.gff,-,2,2
1307.298.gff,2,2,2
1307.626.gff,2,2,2
1307.3558.gff,-,-,-
1307.1948.gff,16,-,16
1307.5624.gff,28,-,28
1307.3915.gff,13,-,13
1307.4137.gff,7,7,7
1307.342.gff,-,2,2
1307.3485.gff,-,-,-
1307.1979.gff,-,-,-
1307.216.gff,2,2,2
1307.5989.gff,30,-,30
1307.5313.gff,2,-,2
1307.481.gff,2,2,2
1307.399.gff,7,7,7
1307.1942.gff,16,-,16
1323693.3.gff,-,-,-
1307.3167.gff,2,-,2
1307.3444.gff,31,-,31
1307.5033.gff,8,-,8
1307.841.gff,15,1,1
1307.4939.gff,2,-,2
1307.4980.gff,3,-,3
1307.4989.gff,-,-,-
1214213.3.gff,11,-,11
1307.921.gff,-,2,2
1307.670.gff,2,2,2
1307.729.gff,-,2,2
1307.3550.gff,2,-,2
1307.1472.gff,7,7,7
1307.718.gff,2,2,2
1307.5085.gff,2,-,2
1307.2406.gff,31,31,31
1307.4918.gff,-,-,-
1307.110.gff,2,2,2
1307.712.gff,2,-,2
1307.629.gff,2,2,2
1307.983.gff,7,7,7
1307.3592.gff,2,-,2
1307.941.gff,24,-,24
1307.5595.gff,2,2,2
1307.1516.gff,2,2,2
1307.849.gff,4,4,4
1307.829.gff,2,2,2
1307.1651.gff,-,-,-
1307.799.gff,31,-,31
1307.5549.gff,31,-,31
1307.802.gff,2,2,2
1307.5556.gff,31,-,31
1307.1861.gff,11,-,11
1307.4935.gff,2,-,2
1307.1911.gff,8,-,8
1307.4168.gff,7,7,7
1323689.3.gff,-,-,-
1307.5080.gff,2,-,2
1307.3454.gff,-,-,-
1307.929.gff,2,2,2
1307.1512.gff,4,-,4
1307.5056.gff,4,-,4
1307.5590.gff,-,2,2
1214174.3.gff,28,-,28
1307.3554.gff,-,-,-
1307.925.gff,10,3,3
1307.4972.gff,2,-,2
1307.425.gff,2,1_2,1_2
1307.1377.gff,9,9,9
1307.1914.gff,15,-,15
1307.3488.gff,12,-,12
1307.252.gff,2,2,2
1307.4976.gff,2,-,2
1307.2840.gff,2,2,2
1307.838.gff,2,2,2
1307.5310.gff,7,-,7
1307.621.gff,2,2,2
1307.285.gff,14,2,2
1307.4966.gff,2,-,2
1307.5297.gff,4,-,4
1307.2019.gff,16,-,16
1307.3450.gff,21,-,21
1307.5032.gff,8,-,8
1307.840.gff,-,2,2
1307.214.gff,15,1,1
1004952.3.gff,-,-,-
1214180.3.gff,5,-,5
1307.742.gff,2,2,2
1307.281.gff,2,1_2,1_2
1307.1492.gff,2,2,2
1307.745.gff,2,2,2
1307.403.gff,2,2,2
1307.3165.gff,2,2,2
1307.2545.gff,-,-,-
1307.5131.gff,2,-,2
1307.749.gff,3,3,3
1307.346.gff,2,2,2
1214168.3.gff,-,-,-
1307.792.gff,-,2,2
1307.879.gff,2,2,2
1307.5314.gff,9,-,9
1307.889.gff,31,-,31
1307.5983.gff,-,-,-
1307.5607.gff,7,2,2
1307.3161.gff,2,2,2
1307.2844.gff,2,2,2
1307.2779.gff,-,-,-
1307.4151.gff,7,7,7
1307.5037.gff,8,-,8
1307.503.gff,2,2,2
1307.845.gff,2,2,2
1307.3423.gff,31,-,31
1307.5592.gff,-,2,2
1307.1945.gff,11,-,11
1307.1496.gff,14,1,1
1307.803.gff,-,2,2
1214219.3.gff,29,-,29
1307.1994.gff,16,-,16
1214151.4.gff,2,-,2
1307.1398.gff,2,2,2
1307.4158.gff,7,7,7
1307.773.gff,2,2,2
1307.3159.gff,2,2,2
1307.2673.gff,31,-,31
1307.321.gff,2,2,2
1307.3427.gff,15,-,15
1307.2022.gff,16,-,16
1307.466.gff,-,2,2
1307.5095.gff,2,-,2
1307.1838.gff,29,-,29
1307.1961.gff,16,-,16
1307.4931.gff,14,-,14
1307.1366.gff,2,2,2
1307.4161.gff,7,7,7
1307.5052.gff,4,-,4
1307.1655.gff,2,2,2
1307.674.gff,2,2,2
1307.825.gff,10,-,10
1307.5295.gff,31,-,31
1307.462.gff,14,14,14
1307.4165.gff,7,7,7
1307.1441.gff,9,9,9
1307.955.gff,2,2,2
1307.495.gff,2,2,2
1307.3946.gff,9,-,9
1307.5634.gff,16,16,16
1307.6535.gff,21,-,21
1214206.3.gff,29,-,29
1307.747.gff,-,-,-
1307.401.gff,2,2,2
1307.4917.gff,2,-,2
1307.772.gff,2,2,2
1307.2586.gff,2,-,2
1307.944.gff,2,2,2
1307.1363.gff,14,1,1
1307.4836.gff,16,-,16
1307.5074.gff,2,-,2
1307.5125.gff,2,-,2
1307.210.gff,2,2,2
1307.1969.gff,8,-,8
1307.2680.gff,3,-,3
1307.5541.gff,9,9,9
1307.405.gff,16,-,16
1307.572.gff,2,2,2
1307.963.gff,7,7,7
1380773.4.gff,-,-,-
1307.501.gff,-,2,2
1307.274.gff,2,2,2
1307.5303.gff,2,-,2
1307.3905.gff,-,-,-
1307.1863.gff,16,-,16
1307.1410.gff,-,9,9
1307.2684.gff,7,-,7
1307.776.gff,2,2,2
1307.1986.gff,12,-,12
1307.3131.gff,2,2,2
1307.3925.gff,29,-,29
1307.5613.gff,2,2,2
1307.1960.gff,29,-,29
1307.2772.gff,8,-,8
1307.5918.gff,9,-,9
1307.1886.gff,31,-,31
1307.2433.gff,2,2,2
1307.736.gff,2,2,2
1307.272.gff,2,1_2,1_2
1307.363.gff,2,2,2
1307.5070.gff,2,-,2
1307.455.gff,2,2,2
1307.2030.gff,2,2,2
1307.3078.gff,-,-,-
1307.409.gff,31,2,2
1307.2794.gff,-,2,2
1307.5299.gff,7,-,7
1307.3922.gff,-,-,-
1307.94.gff,2,2,2
1307.860.gff,8,8,8
1307.869.gff,2,2,2
1380773.3.gff,3,3,3
1307.442.gff,2,2,2
1307.647.gff,2,2,2
1307.4171.gff,7,7,7
1307.2782.gff,-,-,-
1307.2124.gff,2,-,2
1214154.3.gff,2,-,2
1307.3035.gff,-,-,-
1321372.3.gff,-,s,s
1307.5547.gff,31,-,31
1307.4897.gff,2,-,2
1307.505.gff,2,2,2
1307.229.gff,8,9,9
1307.1965.gff,8,-,8
1307.951.gff,14,2,2
1307.3169.gff,2,-,2
1307.3428.gff,9,-,9
1307.318.gff,4,4,4
1307.613.gff,3,3,3
1307.5920.gff,6,-,6
1307.279.gff,2,1_2,1_2
1307.428.gff,2,2,2
1307.2223.gff,-,-,-
1307.348.gff,16,14,14
1307.2792.gff,2,2,2
1307.3562.gff,2,-,2
1307.5570.gff,31,-,31
1307.459.gff,4,4,4
1307.887.gff,8,-,8
1307.2128.gff,14,-,14
1307.1394.gff,-,2,2
1307.5304.gff,2,-,2
1307.4915.gff,14,-,14
1307.225.gff,-,2,2
1307.339.gff,2,2,2
1307.2786.gff,31,-,31
1307.2044.gff,31,31,31
1307.4997.gff,18,-,18
1307.2009.gff,16,-,16
1307.591.gff,2,1_2,1_2
1307.833.gff,-,-,-
1307.5007.gff,7,-,7
1307.651.gff,2,2,2
1307.3128.gff,-,-,-
1307.3567.gff,2,-,2
1307.5981.gff,-,-,-
1307.1848.gff,16,-,16
1307.294.gff,-,2,2
1307.831.gff,31,-,31
1307.482.gff,2,2,2
1307.4911.gff,-,-,-
1307.5746.gff,-,-,-
1307.617.gff,16,-,16
1307.3919.gff,-,-,-
1307.3144.gff,2,2,2
1307.917.gff,2,2,2
1307.3148.gff,2,2,2
1307.862.gff,2,2,2
1307.5968.gff,2,-,2
1307.439.gff,2,2,2
1307.1841.gff,15,-,15
1307.5548.gff,-,-,-
1307.290.gff,11,1,1
1307.5611.gff,7,-,7
1307.1946.gff,15,-,15
1307.485.gff,2,2,2
1307.2005.gff,16,-,16
1307.987.gff,2,2,2
1307.618.gff,4,4,4
1307.866.gff,2,2,2
1307.301.gff,2,2,2
1307.4153.gff,7,7,7
1307.115.gff,2,2,2
1307.948.gff,2,2,2
1307.5002.gff,3,-,3
1307.2572.gff,2,-,2
1307.1430.gff,2,2,2
1307.331.gff,2,2,2
1307.3600.gff,2,-,2
1307.1515.gff,2,2,2
1214163.3.gff,18,-,18
1307.5323.gff,2,-,2
1307.5083.gff,2,-,2
1307.4953.gff,2,-,2
1307.3926.gff,-,-,-
1307.5967.gff,2,-,2
1307.1982.gff,-,-,-
1307.299.gff,-,2,2
1307.5640.gff,8,8,8
1307.2688.gff,31,-,31
1307.940.gff,8,-,8
1307.1511.gff,7,7,7
1307.256.gff,2,2,2
1307.338.gff,2,2,2
1307.4996.gff,4,-,4
1307.3595.gff,-,-,-
1380773.6.gff,-,-,-
1307.5084.gff,2,-,2
1307.719.gff,2,2,2
1307.4136.gff,7,7,7
1307.5318.gff,28,-,28
1307.1922.gff,15,-,15
1307.3929.gff,21,-,21
1307.622.gff,31,2,2
1307.1479.gff,14,1,1
1307.2577.gff,2,-,2
1307.4982.gff,3,-,3
1307.5574.gff,2,2,2
1307.1475.gff,9,9,9
1307.341.gff,2,2,2
1307.4185.gff,7,7,7
1307.697.gff,8,-,8
1214181.3.gff,6,-,6
1323692.3.gff,5,-,5
1307.853.gff,2,2,2
1307.678.gff,2,2,2
1307.3146.gff,2,2,2
1307.4993.gff,5,-,5
1307.221.gff,8,-,8
1307.420.gff,2,2,2
1307.6537.gff,5,-,5
1307.5009.gff,2,-,2
1307.4175.gff,7,7,7
1307.5763.gff,14,-,14
1307.971.gff,-,7,7
1307.905.gff,-,23,23
1307.587.gff,2,2,2
1307.5987.gff,-,-,-
1214194.3.gff,-,-,-
1307.3440.gff,9,-,9
1307.114.gff,2,2,2
1307.4941.gff,2,-,2
1307.4155.gff,7,7,7
1307.850.gff,2,2,2
1307.949.gff,6,-,6
1307.5557.gff,31,-,31
1307.6531.gff,9,-,9
1214183.3.gff,8,-,8
1307.5596.gff,-,2,2
1214169.3.gff,23,-,23
1307.1486.gff,14,1,1
1307.975.gff,2,2,2
1307.5591.gff,-,2,2
1307.3551.gff,2,-,2
1307.1471.gff,-,9,9
1307.4152.gff,7,7,7
1307.2841.gff,2,2,2
1307.3484.gff,-,-,-
1307.5618.gff,28,-,28
1307.1915.gff,-,-,-
1307.2001.gff,16,-,16
1307.5039.gff,8,-,8
1307.980.gff,2,2,2
1307.3142.gff,2,2,2
1307.3909.gff,-,-,-
1307.5321.gff,3,-,3
1307.2407.gff,14,1,1
1307.4919.gff,2,-,2
1307.111.gff,-,2,2
1307.3435.gff,2,2,2
1307.637.gff,2,2,2
1307.1845.gff,16,-,16
1307.3553.gff,2,-,2
1307.5030.gff,8,-,8
1307.953.gff,4,4,4
1307.5048.gff,8,-,8
1307.4983.gff,5,-,5
1307.5328.gff,2,-,2
1340847.3.gff,2,-,2
1307.858.gff,2,2,2
1307.602.gff,2,2,2
1307.3422.gff,16,-,16
1307.807.gff,15,-,15
1307.620.gff,2,2,2
1307.589.gff,8,-,8
1307.2578.gff,2,-,2
1307.472.gff,-,-,-
1307.3164.gff,2,2,2
1307.1910.gff,8,-,8
1307.1919.gff,16,-,16
1307.795.gff,-,2,2
1307.3036.gff,-,-,-
1307.573.gff,-,2,2
1307.343.gff,31,-,31
1307.4958.gff,2,-,2
1307.881.gff,2,2,2
1307.5311.gff,4,-,4
1307.3160.gff,2,2,2
1307.5296.gff,16,-,16
1307.1988.gff,-,-,-
1307.583.gff,14,1,1
1307.844.gff,8,-,8
1307.1828.gff,-,-,-
1307.5638.gff,9,9,9
1307.422.gff,2,2,2
1307.4169.gff,7,7,7
1307.3445.gff,9,-,9
1307.4986.gff,4,-,4
1307.4934.gff,2,-,2
1307.1925.gff,-,-,-
1307.4938.gff,2,-,2
1307.1944.gff,16,-,16
1307.643.gff,31,-,31
1307.945.gff,2,2,2
1307.3544.gff,8,8,8
1307.888.gff,2,2,2
1307.5315.gff,2,-,2
1307.645.gff,14,1,1
1307.5069.gff,2,-,2
1307.673.gff,2,2,2
1307.743.gff,14,14,14
1307.823.gff,2,2,2
1307.280.gff,2,2,2
1307.5593.gff,-,2,2
1214195.3.gff,-,-,-
1307.766.gff,2,2,2
1214182.3.gff,7,-,7
1307.791.gff,2,2,2
1307.2778.gff,-,-,-
1307.347.gff,-,-,-
1307.584.gff,14,1,1
1307.97.gff,2,2,2
1214212.3.gff,2,-,2
1307.5975.gff,30,-,30
1307.3170.gff,2,-,2
1323696.3.gff,-,-,-
1307.426.gff,31,-,31
1307.4156.gff,-,7,7
1307.2845.gff,2,2,2
1307.1644.gff,-,-,-
1307.3555.gff,2,-,2
1307.215.gff,7,7,7
1214190.3.gff,31,-,31
1307.5540.gff,7,7,7
1214189.3.gff,31,-,31
1307.752.gff,2,2,2
1307.1464.gff,2,2,2
1307.828.gff,2,2,2
1307.3747.gff,5,5,5
1307.2033.gff,2,2,2
1307.5091.gff,2,-,2
1380773.5.gff,-,-,-
1307.588.gff,2,2,2
1307.447.gff,-,23,23
1307.394.gff,-,2,2
1307.5633.gff,8,8,8
1307.450.gff,2,2,2
1214148.3.gff,2,-,2
1307.3420.gff,24,24,24
1307.1855.gff,12,-,12
1307.5060.gff,2,-,2
1307.4159.gff,-,7,7
1307.500.gff,4,4,4
1307.325.gff,2,2,2
1307.2677.gff,-,-,-
1307.4892.gff,2,-,2
1307.368.gff,2,2,2
1307.389.gff,-,1,1
1307.400.gff,-,2,2
1307.5124.gff,2,-,2
1307.5301.gff,-,-,-
1307.3577.gff,2,-,2
1307.2559.gff,2,-,2
1307.5064.gff,4,-,4
1307.404.gff,9,-,9
1307.1468.gff,2,2,2
1307.353.gff,8,3,3
1307.4936.gff,14,-,14
1307.827.gff,2,2,2
1214205.3.gff,-,-,-
1307.5971.gff,-,-,-
1307.5034.gff,8,-,8
1307.410.gff,2,2,2
1307.1962.gff,29,-,29
1307.93.gff,3,3,3
1307.2582.gff,2,-,2
1307.1369.gff,-,1_2,1_2
1307.3497.gff,15,-,15
1307.364.gff,2,2,2
1307.753.gff,16,-,16
1307.3573.gff,-,-,-
1307.990.gff,2,2,2
1307.109.gff,2,2,2
1307.3942.gff,5,-,5
1307.5128.gff,2,-,2
1307.275.gff,24,-,24
1307.2125.gff,-,-,-
1307.979.gff,2,2,2
1307.3138.gff,2,2,2
1307.732.gff,14,14,14
1307.2776.gff,-,-,-
1307.5543.gff,9,9,9
1307.228.gff,2,2,2
1307.3564.gff,2,-,2
1307.2132.gff,6,-,6
1307.4932.gff,14,-,14
1307.4179.gff,-,7,7
1307.1318.gff,2,2,2
1307.738.gff,2,2,2
1307.5094.gff,2,-,2
1214209.3.gff,-,-,-
1307.1817.gff,5,-,5
1307.4188.gff,7,7,7
1307.784.gff,8,3,3
1307.390.gff,2,2,2
1307.863.gff,2,2,2
1307.956.gff,2,2,2
1307.4879.gff,-,-,-
1214179.4.gff,4,-,4
1307.3598.gff,14,-,14
1307.568.gff,7,7,7
1307.4893.gff,2,-,2
1307.5578.gff,2,2,2
1307.606.gff,2,2,2
1307.1937.gff,21,-,21
1307.452.gff,2,2,2
1307.737.gff,2,2,2
1307.908.gff,2,2,2
1307.3134.gff,2,2,2
1307.2773.gff,-,-,-
1307.1987.gff,16,-,16
1214162.3.gff,17,-,17
1307.2783.gff,11,-,11
1307.271.gff,2,2,2
1307.4914.gff,2,-,2
1214218.3.gff,-,-,-
1307.2120.gff,6,-,6
1307.2129.gff,9,-,9
1307.3566.gff,2,-,2
1307.5637.gff,2,2,2
1307.443.gff,2,2,2
1307.1530.gff,9,9,9
1307.1932.gff,28,-,28
1307.3424.gff,3,-,3
1307.954.gff,2,2,2
1307.5573.gff,-,-,-
1307.3429.gff,9,-,9
1307.3130.gff,2,2,2
1307.788.gff,2,2,2
1307.4910.gff,2,-,2
1307.205.gff,31,-,31
1307.4896.gff,2,-,2
1307.504.gff,8,8,8
1307.1872.gff,16,-,16
1307.2587.gff,2,-,2
1307.3112.gff,2,-,2
1307.1887.gff,31,-,31
1307.5054.gff,9,-,9
1307.2781.gff,3,-,3
1307.5976.gff,30,-,30
1307.5610.gff,2,2,2
1307.1950.gff,-,-,-
1307.3114.gff,2,2,2
1307.92.gff,2,2,2
1307.429.gff,2,2,2
1307.490.gff,2,2,2
1307.1875.gff,-,-,-
1307.3563.gff,2,-,2
1307.2217.gff,-,-,-
1307.5000.gff,3,-,3
1307.360.gff,16,-,16
1307.757.gff,2,2,2
1307.333.gff,-,2,2
1307.5919.gff,9,-,9
1307.972.gff,2,2,2
1307.1876.gff,-,-,-
1307.4900.gff,2,-,2
1307.5629.gff,30,30,30
1307.5298.gff,9,-,9
1307.5305.gff,2,-,2
1184252.3.gff,2,2,2
1307.3449.gff,-,-,-
1307.698.gff,2,2,2
1307.1966.gff,8,-,8
1307.4994.gff,3,-,3
1214207.3.gff,11,-,11
1307.5008.gff,2,-,2
1307.2028.gff,2,2,2
1307.5325.gff,-,-,-
1307.3601.gff,2,-,2
1307.4172.gff,7,7,7
1307.616.gff,7,7,7
1307.1879.gff,-,-,-
1307.330.gff,14,14,14
1307.1985.gff,-,-,-
1307.1907.gff,15,-,15
1307.5322.gff,7,-,7
1307.3147.gff,2,2,2
1307.2575.gff,2,-,2
1307.5571.gff,31,-,31
1307.3439.gff,-,-,-
1307.4182.gff,7,7,7
1307.3591.gff,2,-,2
1307.2409.gff,14,14,14
1214172.3.gff,-,-,-
1214155.3.gff,10,-,10
1307.1840.gff,16,-,16
1307.1453.gff,-,9,9
1307.1885.gff,29,-,29
1307.2787.gff,18,-,18
1307.3110.gff,2,2,2
1307.3568.gff,2,-,2
1307.867.gff,2,2,2
1307.1483.gff,2,2,2
1307.3501.gff,7,7,7
1307.1844.gff,31,-,31
1307.116.gff,2,2,2
1307.5001.gff,3,-,3
1307.2632.gff,-,-,-
1214204.3.gff,-,-,-
1307.933.gff,2,2,2
1307.624.gff,2,2,2
1307.3441.gff,3,-,3
1307.1487.gff,-,9,9
1307.3594.gff,2,-,2
1307.5089.gff,2,-,2
1307.605.gff,10,-,10
1307.714.gff,2,2,2
1307.1474.gff,-,9,9
1307.679.gff,4,4,4
1307.5970.gff,8,8,8
1307.4186.gff,7,7,7
1307.694.gff,2,1_2,1_2
1307.1666.gff,-,Chz,Chz
1307.5575.gff,2,2,2
1307.3486.gff,9,-,9
1307.2004.gff,16,-,16
1307.6536.gff,3,-,3
1307.2013.gff,3,-,3
1307.4948.gff,14,-,14
1307.988.gff,2,2,2
1307.985.gff,21,-,21
1307.5319.gff,2,-,2
1007064.3.gff,3,-,3
1307.5004.gff,9,-,9
1323690.3.gff,-,-,-
1307.884.gff,2,2,2
1307.477.gff,2,2,2
1307.3118.gff,2,2,2
1307.1319.gff,-,-,-
1307.1476.gff,-,9,9
1307.3174.gff,-,-,-
1307.609.gff,16,-,16
1307.710.gff,2,2,2
1307.2574.gff,2,-,2
1307.582.gff,7,7,7
1307.981.gff,14,1,1
1307.5639.gff,-,-,-
1307.1906.gff,31,-,31
1307.927.gff,2,2,2
1005042.3.gff,7,-,7
1307.5766.gff,8,-,8
1307.5597.gff,-,2,2
1307.1958.gff,16,-,16
1307.6539.gff,5,-,5
1307.2017.gff,31,-,31
1307.4944.gff,-,-,-
1307.423.gff,-,2,2
1307.5553.gff,31,-,31
1307.3908.gff,-,-,-
1307.978.gff,2,2,2
1307.806.gff,21,-,21
1307.2000.gff,16,-,16
1307.918.gff,4,4,4
1307.380.gff,2,2,2
1307.880.gff,2,2,2
1307.4940.gff,2,-,2
1307.288.gff,8,8,8
1323687.3.gff,-,-,-
1307.5564.gff,31,-,31
1307.1903.gff,31,-,31
1307.5326.gff,2,-,2
1307.3143.gff,2,2,2
1307.4987.gff,7,-,7
1307.3442.gff,15,-,15
1307.2571.gff,2,-,2
1307.4962.gff,2,-,2
1307.763.gff,2,2,2
1307.3666.gff,2,-,2
1307.1899.gff,-,-,-
1307.4999.gff,2,-,2
1307.337.gff,2,2,2
1307.257.gff,2,2,2
1307.173.gff,9,-,9
1307.3487.gff,12,-,12
1323702.3.gff,-,-,-
1307.287.gff,14,14,14
1307.3548.gff,-,-,-
1307.4964.gff,2,-,2
1307.2450.gff,2,2,2
1307.5329.gff,2,-,2
1307.895.gff,2,2,2
1307.3581.gff,-,-,-
1307.794.gff,-,-,-
1307.5583.gff,7,-,7
1307.592.gff,2,2,2
1307.824.gff,-,4,4
1307.677.gff,2,2,2
1307.3446.gff,31,-,31
1307.1895.gff,-,-,-
1307.5031.gff,8,-,8
1307.1867.gff,16,-,16
1307.4877.gff,2,-,2
1323695.3.gff,-,-,-
1214150.3.gff,-,-,-
1307.1488.gff,-,9,9
1307.258.gff,21,-,21
1307.1470.gff,3,3,3
1307.2579.gff,2,-,2
1307.804.gff,2,2,2
1307.796.gff,-,2,2
1307.5986.gff,-,-,-
1307.112.gff,2,-,2
1307.2404.gff,-,-,-
1307.923.gff,15,1,1
1214200.3.gff,12,-,12
1307.5035.gff,8,-,8
1307.2024.gff,16,-,16
1307.418.gff,2,2,2
1307.907.gff,-,-,-
1307.1913.gff,8,-,8
1214166.3.gff,-,-,-
1307.655.gff,4,4,4
1214161.3.gff,16,-,16
1307.304.gff,-,2,2
1307.1502.gff,-,2,2
1307.5090.gff,2,-,2
1307.672.gff,2,2,2
1307.800.gff,2,2,2
1307.1634.gff,5,-,5
1307.820.gff,2,2,2
1307.4937.gff,14,-,14
1307.5068.gff,9,-,9
1307.5061.gff,2,-,2
1307.266.gff,2,2,2
1307.2558.gff,2,-,2
1307.1507.gff,-,9,9
1307.357.gff,2,2,2
1307.3906.gff,-,-,-
1307.859.gff,2,2,2
1307.5630.gff,9,9,9
1307.3545.gff,3,3,3
1307.577.gff,2,2,2
1307.734.gff,2,2,2
1307.5309.gff,2,-,2
1307.2770.gff,-,-,-
1307.427.gff,31,-,31
1307.4960.gff,2,-,2
1307.250.gff,2,2,2
1307.5914.gff,9,-,9
1307.900.gff,2,2,2
1307.1370.gff,31,-,31
1307.2777.gff,-,-,-
1307.733.gff,2,2,2
1307.3952.gff,-,-,-
1307.1854.gff,12,-,12
1307.2583.gff,2,-,2
1307.3903.gff,31,-,31
1307.5065.gff,2,-,2
1307.5123.gff,2,-,2
1307.3139.gff,2,2,2
1307.283.gff,2,2,2
1307.388.gff,3,3,3
1307.367.gff,-,2,2
1307.4898.gff,-,-,-
1307.478.gff,2,2,2
1307.768.gff,8,-,8
1307.5093.gff,2,-,2
1307.3421.gff,2,-,2
1307.446.gff,14,14,14
1307.790.gff,7,7,7
1307.5063.gff,2,-,2
1307.911.gff,2,2,2
1307.4968.gff,-,-,-
1307.6530.gff,29,-,29
1307.4891.gff,2,-,2
1307.4904.gff,2,-,2
1307.1873.gff,16,-,16
1214192.3.gff,-,-,-
1307.640.gff,2,2,2
1307.1378.gff,2,2,2
1307.5579.gff,2,2,2
1307.5542.gff,7,7,7
1307.5067.gff,2,-,2
1307.4178.gff,7,7,7
1307.2021.gff,16,-,16
1307.3135.gff,2,2,2
1307.2122.gff,2,-,2
1307.5632.gff,2,2,2
1307.3425.gff,-,-,-
1307.3949.gff,2,-,2
1307.1323.gff,9,-,9
1307.4189.gff,-,7,7
1307.1963.gff,4,-,4
1307.2133.gff,-,-,-
1307.4933.gff,2,-,2
1307.1812.gff,-,-,-
1307.5568.gff,31,-,31
1307.2580.gff,2,-,2
1307.3453.gff,-,-,-
1416913.4.gff,-,-,-
1307.991.gff,2,2,2
1307.1927.gff,-,-,-
1307.5916.gff,2,-,2
1307.1967.gff,8,-,8
568814.3.gff,2,-,2
1307.939.gff,24,-,24
1307.5302.gff,7,-,7
1307.334.gff,2,2,2
1307.876.gff,2,2,2
1307.909.gff,-,2,2
1307.3448.gff,15,-,15
1307.515.gff,2,2,2
1214188.3.gff,8,-,8
1307.4878.gff,2,-,2
1307.498.gff,2,2,2
1307.611.gff,31,-,31
1307.1531.gff,2,-,2
1307.3938.gff,-,-,-
1307.957.gff,2,2,2
1307.1431.gff,7,7,7
1307.5636.gff,-,-,-
1307.3561.gff,-,-,-
1307.641.gff,2,2,2
1307.3113.gff,2,2,2
1307.365.gff,2,2,2
1307.2682.gff,11,-,11
1307.2584.gff,2,-,2
1307.1888.gff,29,-,29
1307.3597.gff,2,-,2
1307.444.gff,2,2,2
1307.1495.gff,14,1,1
1307.519.gff,2,2,2
1307.5127.gff,2,-,2
1307.453.gff,2,2,2
1307.3137.gff,2,2,2
1307.3509.gff,2,2,2
1307.615.gff,-,4,4
1307.3569.gff,2,-,2
1307.2123.gff,14,-,14
1307.5073.gff,2,-,2
1307.1871.gff,16,-,16
1307.3590.gff,-,-,-
1307.2796.gff,2,2,2
1307.307.gff,2,2,2
1307.1482.gff,-,9,9
1307.2686.gff,29,-,29
1307.3920.gff,-,-,-
1307.3133.gff,2,2,2
1307.3117.gff,2,2,2
1307.5614.gff,9,9,9
1307.1884.gff,-,-,-
1307.361.gff,7,7,7
1307.267.gff,2,2,2
1307.457.gff,2,2,2
1307.5758.gff,4,-,4
1323704.3.gff,-,-,-
1307.2793.gff,2,2,2
1307.4176.gff,7,7,7
1307.3156.gff,2,2,2
1307.5609.gff,-,-,-
1307.440.gff,2,2,2
1307.3431.gff,2,2,2
1307.595.gff,-,-,-
1307.872.gff,14,1,1
1307.750.gff,-,2,2
1307.2126.gff,9,-,9
1307.461.gff,2,2,2
1307.600.gff,2,2,2
1307.1837.gff,21,-,21
1307.3037.gff,2,-,2
1307.5545.gff,7,7,7
1307.4895.gff,2,-,2
1307.1820.gff,2,-,2
1307.2225.gff,14,group s,group s
