representative	cluster_size
1214163.3@DGBOHMDE_00358	2079
1307.496@JKCKCLMM_01618	2077
1307.273@NHDCDENL_00172	2077
1214218.3@OMDCMJPJ_00241	2071
1307.4183@AEFLCMHD_01364	2059
1214210.3@GDMBANPF_01031	2057
1214164.3@EOLNNICG_00643	2055
1214161.3@HCIGGBIA_02125	2052
1307.5560@GDACFAJA_00145	2036
1214179.4@DJODIJGM_01293	2026
1214156.3@CGDNHFLM_00555	2008
1307.1651@ALEKJBDC_00700	1977
1307.3486@CACHGOAJ_00490	1937
1307.1922@JFCFMEFP_01951	1781
1184252.3@ELLADLKM_01549	1704
1214205.3@DIJHNPHH_01094	1685
1214175.3@GOHCJAJJ_01611	1525
1214216.3@MAOILNHA_00017	1200
1307.356@DCMBFEFI_00346	1184
1307.342@LFEPFGOM_00710	1134
1307.113@ACKEIMPN_01825	1105
1307.5096@OCAFLFLO_01467	1090
1307.3572@BDHKPPHO_01756	1074
1214159.3@CCHGKONP_00030	1067
1307.3497@NFAGOHIN_01260	1055
1307.117@LPEKGEHF_00383	1050
1416913.4@FEEAMFGE_00595	1023
1214154.3@JGMBAFBO_01580	967
1307.1432@AKCGOBHL_01766	961
1307.257@JLDCGACN_01701	943
1307.5619@HLNNMLEG_01312	942
1214186.3@MFJFONMK_00903	915
1307.720@CGAMPHEF_01096	909
1340847.3@ONBMBBJF_01326	883
1307.316@GJHEPOJB_01655	874
1307.3563@GKFIKOBM_01481	862
1214149.3@GOHOIOHB_00383	858
1323693.3@HKMFFPIM_02183	835
1307.2409@JBKMMOPO_01518	807
1214151.3@LGMEMOFK_01935	793
1307.787@FEKOPLHH_01432	725
1214201.3@MDJKPHAN_01505	614
1307.767@DIMJLDKA_00938	564
1307.1823@KHMLIBNI_00451	518
1214185.3@IJIKNONB_01228	505
1307.1858@GKHMBPLD_01566	482
1307.1432@AKCGOBHL_00529	470
1307.2002@PLDIMHDF_00226	467
1307.1997@DCEDPOKH_01614	466
1307.3431@BDNJCKMD_02105	459
1307.958@CFAKKONK_00133	457
1307.2025@OIEKMDDA_01426	449
1307.2046@NHDIMICL_00059	435
1307.1835@KNMHPKFM_00565	421
1307.2025@OIEKMDDA_00065	403
1307.223@LKDMEDGA_01028	396
1307.1511@CGKOLPDE_00896	396
1307.249@CGMAMDCN_00818	393
1307.1982@CJGNKLBP_01902	393
1307.2598@ECLHCDLN_01016	391
1007064.3@AKIFOFFA_01735	374
1307.2692@MEOPAHEO_02201	373
1214177.3@MNOCLDFP_01632	365
1307.2131@OPGJCAKF_00111	364
1307.5979@AICNGMAL_01415	361
1307.1827@ABBGFNCD_02174	334
1307.2583@LANANMOA_01234	316
1307.1997@DCEDPOKH_01664	314
1307.2416@JBLHOOLC_02025	313
1307.2129@IJCAMFCE_00072	300
1307.3488@MFLCBIPH_00238	291
1307.2681@MIMHNOAD_01752	281
1214196.3@MMMDPLIO_01676	280
1307.3160@HHFDBHFL_01679	277
1307.1318@HEEOACGH_00595	272
1307.2780@HLIGOJDI_00307	258
1307.3923@PIIBCFKJ_01003	253
1307.2778@MDMBIKLO_00120	250
1307.1981@BFBIEKPF_01289	250
1307.3446@ODNNCBKB_01237	248
1214153.3@INDBHDDD_01435	247
1307.1471@MKGJMDJD_01274	226
1307.5987@HPFJAJNO_00896	218
1307.3424@DIEIFAKO_00319	216
1307.3130@BDLCJDNM_01738	215
1307.4991@CGEMHJPI_01049	211
993512.3@BOMGHOBD_00829	191
1307.1896@PMKLEAGF_02337	191
1307.2124@MPBMNCCM_00398	180
1307.1824@EKFDKFPE_01408	180
1307.1889@OLJGIDNN_01134	175
1307.2005@KECLPNCP_00179	174
1307.3428@EAIBIFMJ_01079	171
1307.5612@DGNJBNNL_01298	168
1307.1821@OAFGHJLA_00339	167
1214179.3@DDKIGAAF_01654	166
1307.1489@DDBANJNE_01468	164
1307.2677@NJDBLPCI_00047	160
1307.1665@GAODMNAP_01510	159
1307.4992@BKFGAOIO_01341	158
1307.599@LIJNMFHB_01394	156
1307.1965@NGPNBGEC_01681	156
1307.1888@LFILCGOI_00969	155
1307.3448@OEOFOHFP_01971	154
1307.1911@DCLOFGMH_00939	151
1307.2125@KCFEBCON_01813	149
1307.1634@EIFOBLCP_00520	149
1307.1857@KEMFFBHC_00467	147
1307.5620@NPJOCPPC_00429	146
1307.1645@BKKBCKAF_01031	144
1214167.3@NKFCNPDB_01486	143
1307.1377@PLGEKOCL_01708	141
1307.1990@JCDLKLLL_01343	140
1307.1838@JEDHAEHJ_00895	138
1307.2118@CJEHEKFJ_01400	134
1307.5578@PGAGJKAN_00118	133
1307.3488@MFLCBIPH_01518	133
1307.231@PAIFPJPI_00326	131
1307.3908@DABIJMKE_00870	128
1307.5007@KEPFFOPK_00431	123
1307.3671@LFCOKBIA_00494	123
1307.2545@KGBLNFJE_00073	121
1214213.3@MNOECMGK_00395	119
1307.435@GJPHKODE_02127	115
1307.1890@GGIMFNEE_00179	115
1307.1496@ACDAGCHE_00021	114
1214168.3@LCHNJBBA_01785	114
1214184.3@LIOPFOPH_01818	113
1307.2787@BKLJPPII_01650	112
1307.2562@FEBEAIAF_01053	108
1307.655@NDNOLMCL_00888	106
1307.3919@LIGDBLNN_01225	104
1307.1973@JBPNHBOG_00379	102
1004951.3@MKHICCNN_02018	100
1214152.3@MNKPGKLJ_01924	98
1307.1417@EGPPGOEJ_00243	97
1307.5975@LDPPIJHA_01021	96
1307.1493@DLJHICMC_01415	95
1307.1809@ADOANIKP_01797	94
1214162.3@DANFFHHD_01476	92
1307.5302@JBJBBJJM_00336	90
1307.1822@AMMJBLEG_00918	90
1307.2030@GKLEDMHF_01504	89
1307.1841@FFBCEDPO_01373	89
1307.2687@LIMKODDC_01597	87
1307.2574@BNKENKAI_00146	87
1307.3433@CAAFJHCO_00797	86
1307.335@GCPLOPAN_00204	84
1307.2843@COEIPJIA_01262	84
1307.1977@MKBGBAFM_01057	84
1307.1969@BEPDFGFL_02271	84
1214152.3@MNKPGKLJ_00480	84
1214150.3@LCHLCLDK_02091	84
1307.5548@ALOJKDFI_00766	83
1307.253@KMJOPMPN_00584	82
1307.2022@DOPDDCJH_00783	82
1307.5984@HKIPMFEP_02355	80
1307.3119@PJKHPCIP_01795	80
1307.3914@LJDAMOCH_00758	79
1307.3747@LJHKOKAF_00762	79
1307.2673@BMNAIJHO_00898	78
1307.221@KDDMAELF_00197	78
1214172.3@EIHCGGIH_00179	77
1307.5609@MBEDPHAA_01863	76
1307.5986@BCBDNEDN_01377	75
1307.318@FDAOIHKB_00596	74
1307.382@CJCIJPEP_00642	70
1307.1487@IHFBIFAN_01499	70
1307.3922@CNEAHLAJ_00447	69
1307.1500@HMJOBBOB_02181	69
1307.744@NAPFFGIP_00465	68
1307.1854@HIEMDFOM_00696	67
1214170.3@CAOBKMAG_01509	67
1307.3933@EMCGJEAH_01380	66
1307.245@KLNFCHEB_00342	65
1307.2021@JEGJEDHE_01300	65
1214168.3@LCHNJBBA_01540	65
1307.824@LGEJEEPE_01900	64
1307.1895@AMEMDKIB_01109	64
1307.2782@HCDKMOCN_00227	63
1307.516@BFMBDPMF_00224	59
1307.1904@GLDGGDEN_01050	59
1214211.3@PNJAPCEM_00396	59
1307.622@KAILPKJP_01183	57
1307.5639@ECDHIFOG_00887	56
1307.5577@OHAJLHME_00630	56
1307.5004@KJNIOCJP_00617	56
1307.466@DHOBGNLA_01983	56
1307.4962@GNIENACD_01429	54
1307.472@OMGBOEEB_00668	54
1307.5563@PBNJJAAH_00170	53
1307.5560@GDACFAJA_01661	53
1307.1992@HMHDIIEN_00406	53
1307.1811@BNDGHONF_02291	53
1214199.3@KOOIIEDC_01104	53
1307.5981@JFGBMIPP_01683	52
1307.1985@AACCBBPD_00915	52
1307.427@LCGLBNEH_00178	51
1307.1823@KHMLIBNI_00297	51
1307.1962@IMIDEFCG_01026	50
1307.1924@MCPPGHMN_01631	50
1307.1821@OAFGHJLA_01912	50
1307.4954@NGDLOBNP_00286	49
1307.441@OEFCAOPC_02308	49
1307.2779@OKBICMEB_01653	49
1307.2674@NGGNOAAJ_01148	49
1307.2001@KCLCMAMG_01647	49
1307.3904@EAJGMAOD_01797	48
1307.3569@HDJKJBIA_01482	48
1307.3501@KLFBFHEG_00320	48
1307.4916@GJMJPGEA_01424	47
1307.298@FGHAIBDF_00420	47
1307.2561@PGGKNNPN_01694	47
1307.6529@CBBFLFEP_01468	46
1307.2118@CJEHEKFJ_01588	46
1307.2044@OHMJLLKP_01737	46
1307.1867@CICGAMIM_00409	46
1214150.3@LCHLCLDK_00081	46
1307.635@HBAHMHAP_00924	45
1307.5088@GCJPEHAO_00306	45
1307.1900@NGNHOMFB_01709	45
1307.3174@PKHPFLIN_00661	44
1307.2632@NMEPGEPM_00198	44
1307.3444@EBNPJJNE_01062	43
1307.3119@PJKHPCIP_02079	43
1307.1982@CJGNKLBP_00551	43
1307.1929@FNGPIJIO_00083	43
1307.1836@KJBHNPAB_02051	43
1307.1530@GBBFCAGA_01341	43
1214156.3@CGDNHFLM_01886	43
1307.498@FKHAJFHB_01174	42
1307.317@DOJEMDCN_00518	42
1307.2044@OHMJLLKP_01738	42
1307.1897@HKOJGODF_00892	42
1307.5325@EHCAPFNO_00971	41
1307.4984@IOHFBMOI_01942	41
1307.3445@ENJHKIFI_00647	41
1307.2413@KBFKGKFJ_00171	41
1307.2022@DOPDDCJH_01897	41
1307.1886@DPMEJHCK_01534	41
1214174.3@BOJMMCNJ_00543	41
1307.3424@DIEIFAKO_01665	40
1307.1438@AGEBGALM_00562	40
1307.4176@LLHONHHP_01462	39
1307.3921@NGMEGCOK_01844	39
1307.1978@FMDGDMFG_01387	39
1307.949@BALCDDIB_01792	38
1307.5088@GCJPEHAO_00304	38
1307.2413@KBFKGKFJ_01592	38
1307.1978@FMDGDMFG_00501	38
1307.646@FNMGCHIG_00984	37
1307.4984@IOHFBMOI_01141	37
1307.2675@NBNOKDPB_01424	37
1307.1423@LEDKGBEN_01091	37
1214160.3@OMMFMCFJ_00930	37
1307.4886@JMCJIIKC_00892	36
1307.296@AFCMKJPH_01714	36
1214187.3@DFKDNCAB_01583	36
1214187.3@DFKDNCAB_01582	36
1307.922@KINBHACG_01559	35
1307.5130@KODBAGDB_00863	35
1307.432@HJJJIMEE_00500	35
1307.1370@FGICFHON_00962	35
1307.961@AGIOMOAJ_00665	34
1307.695@HPGPGJLH_00870	34
1307.5744@HKKKJBAG_01578	34
1307.2007@DDKCFHAM_01069	34
1307.1990@JCDLKLLL_00310	34
1307.1990@JCDLKLLL_00309	34
1307.1905@JAFICJOL_00377	34
1307.1861@GFLPFHNL_00160	34
1307.1811@BNDGHONF_01186	34
1307.5985@NECOHGFN_00792	33
1307.284@DFLGKNIF_01417	33
1307.1978@FMDGDMFG_00503	33
1307.1974@BADGHBOJ_01137	33
1307.1402@DKIHKLKI_00790	33
1307.1370@FGICFHON_00960	33
1307.2003@NBFDEGOD_00319	32
1307.1950@PBNPBCOM_01489	32
1307.5893@ICGGHOFJ_01629	31
1307.3448@OEOFOHFP_01972	31
1307.258@AFKJBGFD_00721	31
1307.1937@JNPNGHKF_00848	31
1307.1650@EBLMNGKL_01577	31
1307.1417@EGPPGOEJ_01723	31
1307.732@OHOPAINC_00328	30
1307.6000@PNPAHADH_00674	30
1307.2690@MFJKKMKD_00040	30
1307.2013@IMKPJHDJ_01803	30
1307.1475@OMJECHIO_01509	30
1307.5762@AGPEBNIG_00885	29
1214216.3@MAOILNHA_01988	29
1307.895@HIOELGDB_01931	28
1307.3426@CIJCNFPL_01195	28
1307.1839@DPAMBPJP_00914	28
1307.895@HIOELGDB_01932	27
1307.3489@GLPJGFNN_02330	27
1307.1929@FNGPIJIO_01490	27
1307.1888@LFILCGOI_00092	27
1307.108@IMLHEJKG_01537	27
1307.5635@JJCHAJHA_01133	26
1307.5545@HPPOOFIK_00714	26
1307.426@GOBJLMPK_00707	26
1307.4137@OBGMLCHH_01617	26
1307.258@AFKJBGFD_01995	26
1307.1888@LFILCGOI_00094	26
1307.1859@INDGAHJI_00762	26
1307.1817@OMCDPMJC_01942	26
1307.5984@HKIPMFEP_00320	25
1307.3943@FALJMEJE_01239	25
1307.3444@EBNPJJNE_00957	25
1307.1893@GLMJGLBG_00475	25
1307.1889@OLJGIDNN_01167	25
1307.1466@LCODHOKL_00072	25
1307.5918@HFJPOLMB_00934	24
1307.569@GFIPPIHI_00886	24
1307.441@OEFCAOPC_00093	24
1307.348@ECEIFIHA_00485	24
1307.1931@DFPAGIMG_00126	24
1307.1439@DEHJAALN_01162	24
1214202.3@AGFCPOIF_00574	24
1214168.3@LCHNJBBA_02116	24
1214167.3@NKFCNPDB_01087	24
1307.807@KMKCBEHM_00533	23
1307.643@BAPFGOGJ_01369	23
1307.3036@MGFALKCI_02144	23
1307.3036@MGFALKCI_02143	23
1307.1890@GGIMFNEE_00281	23
1307.1645@BKKBCKAF_01579	23
1214203.3@EEMGIADH_02005	23
1214166.3@GEHCOHGC_01768	23
1214166.3@GEHCOHGC_00393	23
1307.611@NAHNAFKI_00244	22
1307.5893@ICGGHOFJ_00354	22
1307.438@CJBMIPCF_00077	22
1307.3102@AAONFGFL_01679	22
1307.2125@KCFEBCON_00058	22
1307.1982@CJGNKLBP_00548	22
1307.1953@BPBLCIDA_01873	22
1307.1868@LGJCIIEJ_01435	22
1307.1861@GFLPFHNL_00163	22
1307.1645@BKKBCKAF_00313	22
1214209.3@EGFJLOBB_01871	22
1214202.3@AGFCPOIF_00575	22
1214164.3@EOLNNICG_00661	22
1307.581@PAMPANCI_01512	21
1307.5553@DEDBCCOM_00480	21
1307.5551@EOPDLMIK_01513	21
1307.409@PPMHEGNC_01102	21
1307.3449@NKDBNEIA_00127	21
1307.296@AFCMKJPH_00895	21
1307.2785@KPNCJIKD_01462	21
1307.1901@DMPPECJG_00797	21
1307.806@KLJBGEFC_01314	20
1307.5986@BCBDNEDN_02000	20
1307.4167@BOPKKKND_00516	20
1307.3441@PGOJNBGJ_01097	20
1307.3038@CMHCEKOG_00534	20
1307.2682@PCHDCHEB_01405	20
1307.2413@KBFKGKFJ_01591	20
1307.1896@PMKLEAGF_00668	20
1307.1893@GLMJGLBG_00474	20
1214211.3@PNJAPCEM_02068	20
1307.949@BALCDDIB_01741	19
1307.5573@LKNBCJNL_01313	19
1307.5048@DICIJBOP_01895	19
1307.4886@JMCJIIKC_02041	19
1307.3490@KOJLKMML_01125	19
1307.3423@ENKFEOBG_00040	19
1307.2777@FGHBLCHH_00933	19
1307.2673@BMNAIJHO_01932	19
1307.231@PAIFPJPI_00329	19
1307.2129@IJCAMFCE_01785	19
1307.2027@IGENJCDG_00461	19
1307.1961@FPEJNOLI_00911	19
1307.1915@IFGPPNMK_00626	19
1307.1901@DMPPECJG_00798	19
1307.1817@OMCDPMJC_00438	19
1307.5012@MPDDGFNI_00546	18
1307.4167@BOPKKKND_00517	18
1307.3932@EOKJJFBM_00732	18
1307.2779@OKBICMEB_01655	18
1307.2777@FGHBLCHH_02244	18
1307.2767@JFKECAIB_01145	18
1307.2405@NILKELOI_00243	18
1307.2005@KECLPNCP_00181	18
1307.1896@PMKLEAGF_01092	18
1307.1860@KIKBHPFB_00767	18
1307.1857@KEMFFBHC_02190	18
1214209.3@EGFJLOBB_01821	18
1323709.3@CHHMHFJI_00891	17
1323709.3@CHHMHFJI_00890	17
1307.5557@IDKOGEEA_01875	17
1307.3929@DPFJGKNA_01064	17
1307.3903@HKCMPBKJ_01494	17
1307.2120@KOBCNFLA_00907	17
1307.1986@BEKFHICH_01742	17
1307.1927@EOHPHMMO_00893	17
1307.1886@DPMEJHCK_00044	17
1307.1838@JEDHAEHJ_00283	17
1307.1652@PLDLDBDI_00302	17
1307.794@LDKCEFKL_00926	16
1307.5919@EJJNGNGN_01964	16
1307.5639@ECDHIFOG_00929	16
1307.5636@HIJEECAA_00830	16
1307.5551@EOPDLMIK_00966	16
1307.432@HJJJIMEE_01302	16
1307.4194@KLEJPIFA_01927	16
1307.3919@LIGDBLNN_02052	16
1307.2840@ADOKIAAD_00882	16
1307.2778@MDMBIKLO_00119	16
1307.1955@BJKPAGPI_00678	16
1307.1897@HKOJGODF_01802	16
1214163.3@DGBOHMDE_01377	16
1321372.3@EOIAKHGG_00017	15
1307.702@PJMOELCK_01858	15
1307.6539@HHAHBMEE_01805	15
1307.5745@ILCNLMJF_00095	15
1307.5636@HIJEECAA_01610	15
1307.5553@DEDBCCOM_01565	15
1307.3940@AJKALLDM_02051	15
1307.317@DOJEMDCN_00519	15
1307.2633@BGECNMDM_01528	15
1307.1955@BJKPAGPI_00525	15
1307.1838@JEDHAEHJ_02273	15
1307.824@LGEJEEPE_00868	14
1307.806@KLJBGEFC_00101	14
1307.5918@HFJPOLMB_00979	14
1307.5548@ALOJKDFI_00799	14
1307.5548@ALOJKDFI_00798	14
1307.5068@JEMKMGFG_01440	14
1307.435@GJPHKODE_00558	14
1307.3940@AJKALLDM_00073	14
1307.3940@AJKALLDM_00072	14
1307.3929@DPFJGKNA_01173	14
1307.3924@PHCLJIJM_00228	14
1307.3917@HAEANOEM_01209	14
1307.3476@PJMECJHD_00510	14
1307.3426@CIJCNFPL_01370	14
1307.2770@FIIGJLHE_01021	14
1307.258@AFKJBGFD_00059	14
1307.205@DNDLPIED_01605	14
1307.1937@JNPNGHKF_00303	14
1307.1890@GGIMFNEE_01360	14
1307.1884@GPDAGLKN_01260	14
1307.1845@APGLLLLI_00986	14
1307.1831@AGJBOBBL_01700	14
1307.1822@AMMJBLEG_00943	14
1307.1523@KHDNGFED_00356	14
1307.1323@AAJOMHDN_00477	14
1307.1323@AAJOMHDN_00476	14
1214200.3@KLLJLHNG_00847	14
1214189.3@ACNPODCI_01388	14
1214189.3@ACNPODCI_01387	14
1214189.3@ACNPODCI_00269	14
1323698.3@EPKGOKEP_00155	13
1307.707@JLAHJOOC_01888	13
1307.6521@ABKGLNPM_00169	13
1307.5635@JJCHAJHA_01968	13
1307.5624@BPDCHPAK_01724	13
1307.5620@NPJOCPPC_00496	13
1307.5616@MCJOLKBO_01037	13
1307.5546@FECGAHPE_01570	13
1307.434@OCFLIHFI_00155	13
1307.4145@LJBBDEHN_00118	13
1307.398@JEDLEOHL_00523	13
1307.3940@AJKALLDM_00074	13
1307.3930@CCFODOMC_00177	13
1307.3919@LIGDBLNN_00942	13
1307.3919@LIGDBLNN_00941	13
1307.3917@HAEANOEM_00878	13
1307.3908@DABIJMKE_00613	13
1307.3906@PBLANCGJ_01891	13
1307.3905@FEPJGIEJ_02156	13
1307.3905@FEPJGIEJ_01034	13
1307.3499@NMOLJJJN_01477	13
1307.3476@PJMECJHD_01142	13
1307.3443@EECOCDAB_00109	13
1307.3443@EECOCDAB_00108	13
1307.2769@FGJFFMOL_00939	13
1307.2682@PCHDCHEB_01719	13
1307.2679@PHFAKKJD_01010	13
1307.2633@BGECNMDM_01337	13
1307.2601@FKGMHFBM_00909	13
1307.2601@FKGMHFBM_00908	13
1307.2120@KOBCNFLA_01072	13
1307.2081@HJCINCEO_00758	13
1307.1930@FFFGAAPP_01544	13
1307.1914@LABDEOCI_01538	13
1307.1862@JMIMMMEG_01604	13
1307.1817@OMCDPMJC_00785	13
1307.1512@KFFDNPJD_00438	13
1307.1473@OPEDKFIB_01042	13
1307.1455@KANEKJBE_00158	13
1307.1403@FFPNGILM_01866	13
1214174.3@BOJMMCNJ_01317	13
1004951.3@MKHICCNN_00059	13
996306.3@MNIOHJOM_01183	12
1323691.3@EBFABCCE_00363	12
1307.824@LGEJEEPE_00870	12
1307.824@LGEJEEPE_00479	12
1307.806@KLJBGEFC_00099	12
1307.610@CMKEGEFF_01795	12
1307.5566@NMJBCGAG_01490	12
1307.5566@NMJBCGAG_01489	12
1307.5566@NMJBCGAG_01483	12
1307.5296@NJLDFIKP_00585	12
1307.430@ICOPIJHE_01234	12
1307.4194@KLEJPIFA_01481	12
1307.3905@FEPJGIEJ_01344	12
1307.3486@CACHGOAJ_00719	12
1307.3448@OEOFOHFP_00783	12
1307.322@EHNJDCPL_00983	12
1307.3078@PDMKJOJM_01087	12
1307.2778@MDMBIKLO_02002	12
1307.2774@GPPKPCJD_01736	12
1307.2768@HIHEJBCD_01720	12
1307.2679@PHFAKKJD_01467	12
1307.2218@OGHKIBIO_01320	12
1307.2003@NBFDEGOD_00666	12
1307.1972@KIOEPDGB_01160	12
1307.1972@KIOEPDGB_01159	12
1307.1930@FFFGAAPP_01547	12
1307.1905@JAFICJOL_00419	12
1307.1888@LFILCGOI_00176	12
1307.1875@OBGJCCJC_02261	12
1307.1857@KEMFFBHC_02191	12
1307.1829@FLMCBIEC_01097	12
1307.1825@INFMNCBF_00714	12
1307.1644@HNGNPIAL_00035	12
1323698.3@EPKGOKEP_00817	11
1307.611@NAHNAFKI_01541	11
1307.5984@HKIPMFEP_01068	11
1307.5970@JFPCGAGB_01525	11
1307.5629@JCLPAKNP_02164	11
1307.5624@BPDCHPAK_00616	11
1307.5549@JOEAFJIH_02184	11
1307.5314@BAIBNKLL_01183	11
1307.5037@PNFGODHL_01257	11
1307.405@IMHHIFKB_00441	11
1307.398@JEDLEOHL_00575	11
1307.3908@DABIJMKE_01493	11
1307.3451@OOLGNIKP_01783	11
1307.3451@OOLGNIKP_01782	11
1307.2784@PHBNPKFI_01720	11
1307.265@NLLOHEKC_00048	11
1307.2449@EGHJCJHP_00984	11
1307.2027@IGENJCDG_01953	11
1307.1930@FFFGAAPP_01545	11
1307.1849@LLCAAJBD_00370	11
1307.1650@EBLMNGKL_01099	11
1307.1473@OPEDKFIB_01045	11
1214206.3@HCGIPHPD_01453	11
1214203.3@EEMGIADH_00542	11
1214174.3@BOJMMCNJ_01316	11
1307.939@FOJLNAAI_01949	10
1307.770@HLBCOHPK_01286	10
1307.702@PJMOELCK_00700	10
1307.696@GNKIBMEC_00844	10
1307.5616@MCJOLKBO_02103	10
1307.5549@JOEAFJIH_00235	10
1307.5549@JOEAFJIH_00234	10
1307.5298@PNPHHLDL_01970	10
1307.472@OMGBOEEB_00717	10
1307.4138@JACGNKPA_01884	10
1307.407@EELPPINA_01178	10
1307.399@DDPMLDCO_00118	10
1307.399@DDPMLDCO_00117	10
1307.361@MCFILGIF_00870	10
1307.361@MCFILGIF_00866	10
1307.361@MCFILGIF_00865	10
1307.361@MCFILGIF_00859	10
1307.361@MCFILGIF_00856	10
1307.3453@CHCILIMA_00298	10
1307.2768@HIHEJBCD_01718	10
1307.1938@HAJKOHND_01835	10
1307.1664@IKPNAPNI_00775	10
1214164.3@EOLNNICG_01920	10
1307.886@LJGKBJEC_01920	9
1307.824@LGEJEEPE_00869	9
1307.783@CLCKGACB_00355	9
1307.771@FLPADCNO_00482	9
1307.769@KHNJKONH_01432	9
1307.713@NFPIEGCE_01550	9
1307.5743@KOEFOMBD_00932	9
1307.5582@GBGKAGPG_01331	9
1307.5581@OLECNBNO_00821	9
1307.5567@CLJLNMEL_01030	9
1307.5559@ODCIFKGC_01303	9
1307.5559@ODCIFKGC_01302	9
1307.5558@KLKMLOBA_01414	9
1307.5551@EOPDLMIK_01516	9
1307.4991@CGEMHJPI_01719	9
1307.4991@CGEMHJPI_01718	9
1307.4983@IFBDPGNH_01479	9
1307.4962@GNIENACD_01500	9
1307.452@BEBNGEKN_00011	9
1307.3671@LFCOKBIA_00827	9
1307.3599@OKGLAGDH_00728	9
1307.3599@OKGLAGDH_00727	9
1307.3589@MHMNHJGP_01645	9
1307.3489@GLPJGFNN_01550	9
1307.3447@KAEJBCIM_00343	9
1307.284@DFLGKNIF_00502	9
1307.2787@BKLJPPII_01337	9
1307.2686@OKAPPKGD_00295	9
1307.2683@NDLEBHGM_00761	9
1307.2677@NJDBLPCI_00111	9
1307.2633@BGECNMDM_01356	9
1307.2632@NMEPGEPM_01458	9
1307.2415@GKHAKHCL_01415	9
1307.2009@NCIFLLLJ_02053	9
1307.1992@HMHDIIEN_02329	9
1307.1990@JCDLKLLL_01307	9
1307.1944@APGDOHED_01691	9
1307.1944@APGDOHED_01689	9
1307.189@LMFAGIMP_01434	9
1307.1868@LGJCIIEJ_01429	9
1307.1867@CICGAMIM_01897	9
1307.1867@CICGAMIM_01896	9
1307.1473@OPEDKFIB_01046	9
1307.1370@FGICFHON_01432	9
1214197.3@BNEHIFDJ_01212	9
1214175.3@GOHCJAJJ_01256	9
1214170.3@CAOBKMAG_01197	9
1214165.3@KNJAOLOF_00881	9
1323698.3@EPKGOKEP_00241	8
1307.922@KINBHACG_01534	8
1307.815@AKFGLCBH_00659	8
1307.794@LDKCEFKL_00932	8
1307.794@LDKCEFKL_00930	8
1307.775@LFCFJIEC_02043	8
1307.769@KHNJKONH_00479	8
1307.612@ENHGEJOC_00575	8
1307.5920@IJONPLFN_01193	8
1307.5634@GOMBAGDF_00459	8
1307.5625@PHFMAHCB_01635	8
1307.5618@ONJHKCFI_01294	8
1307.5611@AKIJOMKM_00709	8
1307.5611@AKIJOMKM_00708	8
1307.5558@KLKMLOBA_01159	8
1307.5558@KLKMLOBA_01074	8
1307.5125@PJCIPABG_01473	8
1307.501@LHBAOGDI_00909	8
1307.5012@MPDDGFNI_00380	8
1307.4962@GNIENACD_01517	8
1307.4962@GNIENACD_01513	8
1307.439@CHPFPNLE_00476	8
1307.439@CHPFPNLE_00433	8
1307.409@PPMHEGNC_01103	8
1307.3907@KBFNIAGE_01429	8
1307.356@DCMBFEFI_02104	8
1307.3447@KAEJBCIM_00971	8
1307.3078@PDMKJOJM_02389	8
1307.303@EKDNPDDH_00689	8
1307.3036@MGFALKCI_00248	8
1307.2778@MDMBIKLO_02224	8
1307.2778@MDMBIKLO_02223	8
1307.2221@NGDHBHIH_00672	8
1307.2220@NFNNMCEP_01048	8
1307.2117@HOJKKOCL_01228	8
1307.2044@OHMJLLKP_00489	8
1307.2018@MCDKMOCF_01606	8
1307.1841@FFBCEDPO_01203	8
1307.1829@FLMCBIEC_01342	8
1307.1806@CLFEEKCB_00504	8
1307.1664@IKPNAPNI_00536	8
1307.1651@ALEKJBDC_00860	8
1214213.3@MNOECMGK_00566	8
1214167.3@NKFCNPDB_00082	8
1323693.3@HKMFFPIM_01351	7
1307.985@PPPFJLEH_01625	7
1307.926@MEJFFPBA_01998	7
1307.825@ALILJPMB_01738	7
1307.824@LGEJEEPE_01089	7
1307.754@IFIIEBIP_01107	7
1307.6538@EKMONDII_01684	7
1307.6537@KKIDBNGJ_00015	7
1307.6537@KKIDBNGJ_00014	7
1307.5990@LBJFBJIL_02374	7
1307.5989@NHHLAOMM_01683	7
1307.5972@EBFOMKEG_01833	7
1307.5972@EBFOMKEG_00011	7
1307.596@OGAMLNKN_01639	7
1307.5889@HEGBHDBC_00491	7
1307.5624@BPDCHPAK_00627	7
1307.5620@NPJOCPPC_01785	7
1307.5559@ODCIFKGC_01355	7
1307.5558@KLKMLOBA_01158	7
1307.5314@BAIBNKLL_01182	7
1307.473@FJFGGDGH_02189	7
1307.451@BFOBBOCI_00725	7
1307.451@BFOBBOCI_00724	7
1307.434@OCFLIHFI_01711	7
1307.4198@HOHNNILC_00710	7
1307.3937@HCEIOLDL_00350	7
1307.3915@MLGGPBPK_02029	7
1307.3905@FEPJGIEJ_01055	7
1307.3905@FEPJGIEJ_01054	7
1307.347@NBCBAFGM_00816	7
1307.3445@ENJHKIFI_01760	7
1307.3442@BCANLFIM_01179	7
1307.3427@HLAHJKIF_00592	7
1307.3038@CMHCEKOG_01825	7
1307.2840@ADOKIAAD_00881	7
1307.2780@HLIGOJDI_01895	7
1307.2778@MDMBIKLO_00121	7
1307.2770@FIIGJLHE_01140	7
1307.2692@MEOPAHEO_01456	7
1307.2690@MFJKKMKD_01420	7
1307.2690@MFJKKMKD_01356	7
1307.2682@PCHDCHEB_00140	7
1307.2413@KBFKGKFJ_01810	7
1307.2221@NGDHBHIH_00671	7
1307.1904@GLDGGDEN_01310	7
1307.1875@OBGJCCJC_00626	7
1307.1838@JEDHAEHJ_01051	7
1307.1828@KLFHGDAC_00130	7
1307.1497@OBOAGALM_00948	7
1307.1394@KNFBFJFI_01205	7
1214207.3@HGOMNNLE_02157	7
1214206.3@HCGIPHPD_00375	7
1214199.3@KOOIIEDC_01904	7
1214178.3@PBADPOPB_01519	7
1214173.3@JLCALNFA_02283	7
1214168.3@LCHNJBBA_01792	7
1323695.3@KMFLIIFN_01745	6
1323691.3@EBFABCCE_01500	6
1307.938@OAOCIAEB_01605	6
1307.891@KHGCCICK_00391	6
1307.889@AEEFIEIM_00161	6
1307.754@IFIIEBIP_00923	6
1307.750@IFBALAMJ_00205	6
1307.724@MAHGBHBI_01205	6
1307.724@MAHGBHBI_01177	6
1307.664@KIGFHPMG_00361	6
1307.655@NDNOLMCL_01095	6
1307.655@NDNOLMCL_01092	6
1307.6541@ADGBFFJD_01180	6
1307.6535@JNAIIDDD_00322	6
1307.605@BMIJMFML_01202	6
1307.6001@IDGLJOOF_01881	6
1307.5992@AGHILDAP_01240	6
1307.5988@IJNIONFP_00832	6
1307.5976@KMKOENGA_01300	6
1307.5635@JJCHAJHA_01572	6
1307.5630@EFLHPNAD_01533	6
1307.5616@MCJOLKBO_01817	6
1307.5572@CNAHLMLI_00542	6
1307.5572@CNAHLMLI_00462	6
1307.5568@AOLBMBGM_00078	6
1307.5562@EEDPNDPN_00466	6
1307.5556@HAOCPGIH_00460	6
1307.5556@HAOCPGIH_00459	6
1307.5550@INAPHDPC_01063	6
1307.5550@INAPHDPC_01062	6
1307.5023@EPPOLPGF_01353	6
1307.5023@EPPOLPGF_01352	6
1307.4836@HHEMLCOM_01277	6
1307.451@BFOBBOCI_01908	6
1307.434@OCFLIHFI_00240	6
1307.434@OCFLIHFI_00196	6
1307.3908@DABIJMKE_01536	6
1307.386@HJAOMDAF_01189	6
1307.3498@IJGFCDIA_01641	6
1307.3497@NFAGOHIN_01452	6
1307.3495@EDCDJHKP_01692	6
1307.3078@PDMKJOJM_00224	6
1307.3078@PDMKJOJM_00223	6
1307.281@FOCKENOL_01840	6
1307.2787@BKLJPPII_00361	6
1307.2784@PHBNPKFI_00922	6
1307.2778@MDMBIKLO_01971	6
1307.2677@NJDBLPCI_00588	6
1307.2570@PPDBGCDB_00885	6
1307.2433@HPGONDJI_00590	6
1307.2405@NILKELOI_00355	6
1307.224@LEFEIGOL_00196	6
1307.205@DNDLPIED_00952	6
1307.2044@OHMJLLKP_00285	6
1307.2044@OHMJLLKP_00284	6
1307.1978@FMDGDMFG_02108	6
1307.1914@LABDEOCI_00636	6
1307.1879@FOAAEOCI_00546	6
1307.1859@INDGAHJI_01173	6
1307.1839@DPAMBPJP_01323	6
1307.1828@KLFHGDAC_01707	6
1307.1825@INFMNCBF_00680	6
1307.1822@AMMJBLEG_00036	6
1307.1817@OMCDPMJC_00784	6
1307.1664@IKPNAPNI_02027	6
1307.117@LPEKGEHF_01011	6
1214218.3@OMDCMJPJ_00584	6
1214217.3@DGALFDAE_01129	6
1214217.3@DGALFDAE_01128	6
1214192.3@LJLAKNNE_01959	6
1214184.3@LIOPFOPH_01055	6
1214179.4@DJODIJGM_01503	6
1214164.3@EOLNNICG_00797	6
1214163.3@DGBOHMDE_01650	6
391296.8@NOLBGLLK_01472	5
1323708.3@MNOENFFG_01628	5
1307.833@HELPOKOB_01256	5
1307.825@ALILJPMB_01658	5
1307.815@AKFGLCBH_00247	5
1307.765@OPPACIOI_02171	5
1307.753@DBJPPENC_00989	5
1307.753@DBJPPENC_00988	5
1307.665@HGMHNEKG_01543	5
1307.6537@KKIDBNGJ_00013	5
1307.612@ENHGEJOC_00581	5
1307.612@ENHGEJOC_00579	5
1307.612@ENHGEJOC_00578	5
1307.612@ENHGEJOC_00577	5
1307.5991@IBFAOGAI_00191	5
1307.5982@EONLIEAE_01390	5
1307.5979@AICNGMAL_00801	5
1307.5974@GLLOHLMC_00156	5
1307.5914@CIKEBJEC_01658	5
1307.578@GJLPENHM_00613	5
1307.5633@EDFFFDHG_01010	5
1307.5618@ONJHKCFI_01422	5
1307.5611@AKIJOMKM_00387	5
1307.5609@MBEDPHAA_01419	5
1307.5593@NALGNHAL_01256	5
1307.5573@LKNBCJNL_00311	5
1307.5571@BKLDIDGN_00925	5
1307.5560@GDACFAJA_01968	5
1307.5560@GDACFAJA_01967	5
1307.5560@GDACFAJA_01966	5
1307.5557@IDKOGEEA_00059	5
1307.5555@MHCIFGEP_00371	5
1307.5547@GLKMPLCO_01605	5
1307.5321@NLBNFBNO_01280	5
1307.5313@PGBIPJOI_01937	5
1307.5313@PGBIPJOI_01854	5
1307.5295@IAPEDMMC_01050	5
1307.5128@FALAJNMH_01838	5
1307.5128@FALAJNMH_01837	5
1307.5068@JEMKMGFG_01486	5
1307.5054@BBPBKBFH_00497	5
1307.5054@BBPBKBFH_00494	5
1307.5054@BBPBKBFH_00493	5
1307.5037@PNFGODHL_00785	5
1307.5037@PNFGODHL_00778	5
1307.5012@MPDDGFNI_01712	5
1307.4971@ILIMELNJ_00304	5
1307.437@LHGBCPKI_01285	5
1307.4160@AGDGEMFD_00753	5
1307.4159@NDBBPDCH_02205	5
1307.3926@AMJNCJOG_00187	5
1307.3912@CEPKBBIG_01116	5
1307.3599@OKGLAGDH_00814	5
1307.3550@HKBBIJJF_00605	5
1307.3499@NMOLJJJN_01331	5
1307.3486@CACHGOAJ_02011	5
1307.3485@BKPDLJDO_00789	5
1307.347@NBCBAFGM_01305	5
1307.3449@NKDBNEIA_00958	5
1307.3447@KAEJBCIM_01460	5
1307.3447@KAEJBCIM_01459	5
1307.3446@ODNNCBKB_01482	5
1307.3446@ODNNCBKB_01467	5
1307.3140@LOMNEEOD_00035	5
1307.3036@MGFALKCI_01202	5
1307.290@OHEIDOLK_00440	5
1307.290@OHEIDOLK_00439	5
1307.284@DFLGKNIF_01498	5
1307.2786@NNDAHJAJ_00448	5
1307.2784@PHBNPKFI_01812	5
1307.2783@BPDAAGFL_01713	5
1307.2782@HCDKMOCN_01699	5
1307.2773@CHELGBJP_01002	5
1307.2769@FGJFFMOL_00931	5
1307.2693@OCINFAOK_01816	5
1307.2692@MEOPAHEO_00130	5
1307.2683@NDLEBHGM_00503	5
1307.2633@BGECNMDM_01680	5
1307.2417@BPLKMGFI_01290	5
1307.2408@EKHPCAOF_01757	5
1307.2406@DBIJMAEK_00286	5
1307.2222@DAAOIOKG_01268	5
1307.2222@DAAOIOKG_01092	5
1307.205@DNDLPIED_00951	5
1307.2045@BLKEDHEF_01423	5
1307.1995@HEPEECIJ_01823	5
1307.1978@FMDGDMFG_00532	5
1307.1946@DMDHCJPC_00346	5
1307.1914@LABDEOCI_00635	5
1307.1908@FIJJOEMG_01373	5
1307.1875@OBGJCCJC_00348	5
1307.1859@INDGAHJI_00686	5
1307.1859@INDGAHJI_00685	5
1307.1857@KEMFFBHC_02391	5
1307.1857@KEMFFBHC_02153	5
1307.1849@LLCAAJBD_00516	5
1307.1849@LLCAAJBD_00369	5
1307.1807@KAPLBNDH_00714	5
1307.179@DJGEFKIK_00219	5
1307.1664@IKPNAPNI_01581	5
1307.1650@EBLMNGKL_00176	5
1307.1644@HNGNPIAL_00480	5
1307.106@DFFIAFNJ_01869	5
1214207.3@HGOMNNLE_00850	5
1214200.3@KLLJLHNG_01142	5
1214172.3@EIHCGGIH_00766	5
1214170.3@CAOBKMAG_01168	5
1323699.3@FFDDGLLL_02018	4
1323693.3@HKMFFPIM_01414	4
1323689.3@IPCHGKFD_00225	4
1307.929@OAODFBBK_00704	4
1307.929@OAODFBBK_00703	4
1307.926@MEJFFPBA_01999	4
1307.926@MEJFFPBA_01997	4
1307.926@MEJFFPBA_01996	4
1307.915@NOBBGKPI_01285	4
1307.857@AMCBEKPN_00671	4
1307.841@LOMLEMLH_00671	4
1307.824@LGEJEEPE_00327	4
1307.820@CGHFCHCC_00102	4
1307.820@CGHFCHCC_00101	4
1307.807@KMKCBEHM_01711	4
1307.807@KMKCBEHM_01679	4
1307.807@KMKCBEHM_00600	4
1307.807@KMKCBEHM_00599	4
1307.783@CLCKGACB_01860	4
1307.783@CLCKGACB_01441	4
1307.753@DBJPPENC_01404	4
1307.741@GDLDOBIC_00044	4
1307.655@NDNOLMCL_01094	4
1307.6542@OHGKFLDM_00650	4
1307.6538@EKMONDII_00416	4
1307.646@FNMGCHIG_01283	4
1307.605@BMIJMFML_00057	4
1307.5991@IBFAOGAI_01333	4
1307.5991@IBFAOGAI_01329	4
1307.5985@NECOHGFN_01071	4
1307.5980@CKBFFAAA_00754	4
1307.5972@EBFOMKEG_01365	4
1307.595@MPHMOFAB_01078	4
1307.595@MPHMOFAB_01077	4
1307.5915@KAOPMOIN_00646	4
1307.5745@ILCNLMJF_00067	4
1307.5636@HIJEECAA_00123	4
1307.5625@PHFMAHCB_01634	4
1307.5622@HOPOHDAM_01552	4
1307.5621@KIEAJIHE_01077	4
1307.5620@NPJOCPPC_01786	4
1307.5618@ONJHKCFI_00067	4
1307.5611@AKIJOMKM_01677	4
1307.5611@AKIJOMKM_00386	4
1307.5594@AOGDIFAF_00597	4
1307.5564@NPGPJAKK_01421	4
1307.5562@EEDPNDPN_02248	4
1307.5296@NJLDFIKP_00586	4
1307.5128@FALAJNMH_01839	4
1307.5128@FALAJNMH_01835	4
1307.5012@MPDDGFNI_00753	4
1307.5012@MPDDGFNI_00102	4
1307.4971@ILIMELNJ_00303	4
1307.4954@NGDLOBNP_01199	4
1307.435@GJPHKODE_01012	4
1307.427@LCGLBNEH_00383	4
1307.4194@KLEJPIFA_00067	4
1307.4159@NDBBPDCH_00750	4
1307.3953@LKFAOLKB_00600	4
1307.3942@GDMIIPLF_01301	4
1307.3938@JOKOKKGM_01895	4
1307.3938@JOKOKKGM_01894	4
1307.3938@JOKOKKGM_00311	4
1307.3926@AMJNCJOG_00231	4
1307.3919@LIGDBLNN_01489	4
1307.3919@LIGDBLNN_00944	4
1307.3915@MLGGPBPK_00885	4
1307.3909@GPIGDPAO_00311	4
1307.389@BCJANMEF_00841	4
1307.386@HJAOMDAF_01187	4
1307.361@MCFILGIF_00852	4
1307.3587@KALLMONK_01659	4
1307.356@DCMBFEFI_02112	4
1307.3495@EDCDJHKP_00609	4
1307.3495@EDCDJHKP_00608	4
1307.3484@BGAKHOPI_01171	4
1307.3453@CHCILIMA_01984	4
1307.3449@NKDBNEIA_02025	4
1307.3449@NKDBNEIA_01023	4
1307.3449@NKDBNEIA_00985	4
1307.3447@KAEJBCIM_01965	4
1307.3446@ODNNCBKB_01470	4
1307.3425@BINEKJKF_01092	4
1307.3423@ENKFEOBG_00042	4
1307.3035@PDDMOKHD_00100	4
1307.290@OHEIDOLK_00036	4
1307.2783@BPDAAGFL_01661	4
1307.2780@HLIGOJDI_01727	4
1307.2778@MDMBIKLO_00264	4
1307.2769@FGJFFMOL_02365	4
1307.2769@FGJFFMOL_02364	4
1307.2692@MEOPAHEO_00129	4
1307.2692@MEOPAHEO_00128	4
1307.2679@PHFAKKJD_01506	4
1307.2679@PHFAKKJD_01505	4
1307.2679@PHFAKKJD_00226	4
1307.2677@NJDBLPCI_00961	4
1307.2673@BMNAIJHO_00918	4
1307.2542@MHNEFPNA_00392	4
1307.253@KMJOPMPN_01883	4
1307.2404@CMFLKDJP_01114	4
1307.2223@MAONJBCM_01095	4
1307.2222@DAAOIOKG_01340	4
1307.2222@DAAOIOKG_01064	4
1307.2222@DAAOIOKG_01024	4
1307.2221@NGDHBHIH_01819	4
1307.2221@NGDHBHIH_01818	4
1307.2217@FMBFIGAK_00649	4
1307.2127@AGCDHGAD_00575	4
1307.2124@MPBMNCCM_01704	4
1307.2081@HJCINCEO_01075	4
1307.1998@BAECOGFJ_00994	4
1307.1998@BAECOGFJ_00993	4
1307.1978@FMDGDMFG_00502	4
1307.1955@BJKPAGPI_00524	4
1307.1951@KDODOONH_01903	4
1307.1951@KDODOONH_01902	4
1307.1951@KDODOONH_01901	4
1307.1931@DFPAGIMG_01493	4
1307.1914@LABDEOCI_01564	4
1307.189@LMFAGIMP_01578	4
1307.189@LMFAGIMP_01574	4
1307.189@LMFAGIMP_01573	4
1307.189@LMFAGIMP_01435	4
1307.189@LMFAGIMP_00114	4
1307.1875@OBGJCCJC_00347	4
1307.1859@INDGAHJI_02357	4
1307.1854@HIEMDFOM_00770	4
1307.1835@KNMHPKFM_00834	4
1307.1831@AGJBOBBL_01830	4
1307.179@DJGEFKIK_00217	4
1307.1652@PLDLDBDI_01532	4
1307.1644@HNGNPIAL_00658	4
1307.1522@DIGDAOEC_00604	4
1307.1431@MCCGBELA_00653	4
1214219.3@IIGBHFFD_00969	4
1214215.3@KOEPBNIG_00647	4
1214209.3@EGFJLOBB_01630	4
1214194.3@PBMFLNMJ_02004	4
1214184.3@LIOPFOPH_00550	4
1214184.3@LIOPFOPH_00549	4
1214184.3@LIOPFOPH_00548	4
1214181.3@PHMNLGAD_00493	4
1214179.4@DJODIJGM_01927	4
1214179.4@DJODIJGM_00379	4
1214179.3@DDKIGAAF_01068	4
1214179.3@DDKIGAAF_00577	4
1214166.3@GEHCOHGC_01609	4
1214166.3@GEHCOHGC_00789	4
1004952.3@ONNMDJAB_01452	4
1323709.3@CHHMHFJI_00084	3
1323691.3@EBFABCCE_00499	3
1323689.3@IPCHGKFD_02098	3
1323689.3@IPCHGKFD_00604	3
1321372.3@EOIAKHGG_01618	3
1307.941@CDMGCKEG_00740	3
1307.939@FOJLNAAI_00462	3
1307.889@AEEFIEIM_01711	3
1307.767@DIMJLDKA_01230	3
1307.767@DIMJLDKA_01229	3
1307.767@DIMJLDKA_01228	3
1307.767@DIMJLDKA_01227	3
1307.765@OPPACIOI_02170	3
1307.724@MAHGBHBI_01193	3
1307.679@HMONMNIO_01019	3
1307.6542@OHGKFLDM_00649	3
1307.6538@EKMONDII_01080	3
1307.635@HBAHMHAP_00676	3
1307.632@DAOGNHKJ_00469	3
1307.614@LMBMMBOH_00403	3
1307.611@NAHNAFKI_01895	3
1307.5992@AGHILDAP_01321	3
1307.5991@IBFAOGAI_01791	3
1307.5989@NHHLAOMM_01425	3
1307.5988@IJNIONFP_01240	3
1307.5988@IJNIONFP_00516	3
1307.5983@GBACGHHO_01637	3
1307.5983@GBACGHHO_01493	3
1307.5979@AICNGMAL_00382	3
1307.5973@LJGJFEIL_00141	3
1307.5972@EBFOMKEG_00111	3
1307.5970@JFPCGAGB_01682	3
1307.5970@JFPCGAGB_01527	3
1307.5914@CIKEBJEC_01888	3
1307.5914@CIKEBJEC_01887	3
1307.5889@HEGBHDBC_00145	3
1307.586@FFNEDNKE_00400	3
1307.576@KGJKMALN_00614	3
1307.5744@HKKKJBAG_00197	3
1307.5742@PAFEEOLL_00649	3
1307.5628@MNEOMBDO_01866	3
1307.5628@MNEOMBDO_01700	3
1307.5626@KOGNPDMH_01139	3
1307.5616@MCJOLKBO_01912	3
1307.5616@MCJOLKBO_01776	3
1307.5616@MCJOLKBO_01642	3
1307.5616@MCJOLKBO_01077	3
1307.5616@MCJOLKBO_00263	3
1307.5606@EJCGNFFA_00338	3
1307.5596@POCIPBOC_01711	3
1307.5587@HFLCCBMC_01287	3
1307.5564@NPGPJAKK_00830	3
1307.5558@KLKMLOBA_00075	3
1307.5557@IDKOGEEA_01739	3
1307.5550@INAPHDPC_00438	3
1307.5047@AKFGMHLK_00840	3
1307.5035@COAPLOGD_00120	3
1307.501@LHBAOGDI_00028	3
1307.4993@IANFKEFD_00834	3
1307.4983@IFBDPGNH_01441	3
1307.4908@MOPKCLNC_00872	3
1307.4908@MOPKCLNC_00839	3
1307.473@FJFGGDGH_00683	3
1307.4140@KCCBKHCN_01808	3
1307.3943@FALJMEJE_02049	3
1307.3942@GDMIIPLF_01296	3
1307.3937@HCEIOLDL_00694	3
1307.3936@NKKDODEN_01539	3
1307.3935@EMAGEONG_00836	3
1307.3932@EOKJJFBM_01852	3
1307.3928@DHBKCELM_01349	3
1307.3927@NMNNICMP_01721	3
1307.3922@CNEAHLAJ_00674	3
1307.3919@LIGDBLNN_01921	3
1307.3919@LIGDBLNN_00943	3
1307.3913@BEPMDCAE_00508	3
1307.3910@DDLBNNMK_01988	3
1307.3910@DDLBNNMK_01987	3
1307.3909@GPIGDPAO_02041	3
1307.3909@GPIGDPAO_01550	3
1307.3907@KBFNIAGE_01268	3
1307.3907@KBFNIAGE_01081	3
1307.360@HCKHKNOD_00058	3
1307.3499@NMOLJJJN_01249	3
1307.3489@GLPJGFNN_01559	3
1307.3489@GLPJGFNN_00719	3
1307.347@NBCBAFGM_00815	3
1307.3452@JLDCCJBO_01401	3
1307.3449@NKDBNEIA_01007	3
1307.3449@NKDBNEIA_00691	3
1307.3442@BCANLFIM_01307	3
1307.3435@GJJBGIOE_00185	3
1307.3423@ENKFEOBG_02233	3
1307.3423@ENKFEOBG_02030	3
1307.3423@ENKFEOBG_02029	3
1307.3009@CNMHIHDN_00563	3
1307.2778@MDMBIKLO_00970	3
1307.2777@FGHBLCHH_01025	3
1307.2776@KDJPGEDH_02298	3
1307.2771@OLKNBEIE_00671	3
1307.2770@FIIGJLHE_00308	3
1307.2690@MFJKKMKD_01419	3
1307.2685@IBHFHLEL_01406	3
1307.2677@NJDBLPCI_00271	3
1307.265@NLLOHEKC_01527	3
1307.2412@FAJNPCGC_01717	3
1307.2222@DAAOIOKG_01025	3
1307.2125@KCFEBCON_01728	3
1307.2118@CJEHEKFJ_00418	3
1307.2118@CJEHEKFJ_00407	3
1307.2118@CJEHEKFJ_00405	3
1307.2008@LPFHIKNK_01472	3
1307.1995@HEPEECIJ_02185	3
1307.1994@EPDLLEKN_01578	3
1307.1992@HMHDIIEN_00003	3
1307.1978@FMDGDMFG_00531	3
1307.1977@MKBGBAFM_01059	3
1307.1951@KDODOONH_01686	3
1307.1946@DMDHCJPC_02062	3
1307.1937@JNPNGHKF_00774	3
1307.1921@HIAMOIID_00773	3
1307.1921@HIAMOIID_00772	3
1307.1906@HALLEEBL_01338	3
1307.1905@JAFICJOL_00589	3
1307.1905@JAFICJOL_00588	3
1307.1861@GFLPFHNL_02081	3
1307.1861@GFLPFHNL_01914	3
1307.1857@KEMFFBHC_02154	3
1307.1855@FFLMPOMI_00105	3
1307.1854@HIEMDFOM_00769	3
1307.1835@KNMHPKFM_00809	3
1307.1828@KLFHGDAC_01955	3
1307.1828@KLFHGDAC_01037	3
1307.1828@KLFHGDAC_00447	3
1307.1828@KLFHGDAC_00389	3
1307.1825@INFMNCBF_01001	3
1307.1825@INFMNCBF_00997	3
1307.1652@PLDLDBDI_01420	3
1307.1539@GAAFEPPI_00936	3
1307.1410@DLIEODIE_02219	3
1307.101@LHDOCIBJ_00923	3
1214204.3@EIBGJPCI_00931	3
1214203.3@EEMGIADH_01002	3
1214192.3@LJLAKNNE_00219	3
1214181.3@PHMNLGAD_00492	3
1214175.3@GOHCJAJJ_01895	3
1214175.3@GOHCJAJJ_01893	3
1214175.3@GOHCJAJJ_01892	3
1214175.3@GOHCJAJJ_00382	3
1214175.3@GOHCJAJJ_00381	3
1214168.3@LCHNJBBA_00414	3
1214168.3@LCHNJBBA_00413	3
1214166.3@GEHCOHGC_00602	3
1214158.3@LAJKFNOH_01811	3
1214150.3@LCHLCLDK_01882	3
391296.8@NOLBGLLK_01015	2
1323709.3@CHHMHFJI_01879	2
1323709.3@CHHMHFJI_01816	2
1323709.3@CHHMHFJI_01815	2
1323709.3@CHHMHFJI_01610	2
1323709.3@CHHMHFJI_01543	2
1323709.3@CHHMHFJI_01021	2
1323709.3@CHHMHFJI_00860	2
1323709.3@CHHMHFJI_00823	2
1323709.3@CHHMHFJI_00790	2
1323709.3@CHHMHFJI_00756	2
1323709.3@CHHMHFJI_00741	2
1323709.3@CHHMHFJI_00346	2
1323709.3@CHHMHFJI_00142	2
1323709.3@CHHMHFJI_00086	2
1323709.3@CHHMHFJI_00085	2
1323708.3@MNOENFFG_01984	2
1323708.3@MNOENFFG_01127	2
1323693.3@HKMFFPIM_01305	2
1323690.3@OPPHOEMK_02046	2
1321372.3@EOIAKHGG_01679	2
1321372.3@EOIAKHGG_01587	2
1321372.3@EOIAKHGG_01407	2
1321372.3@EOIAKHGG_01255	2
1321372.3@EOIAKHGG_01179	2
1321372.3@EOIAKHGG_01110	2
1321372.3@EOIAKHGG_01100	2
1321372.3@EOIAKHGG_00919	2
1321372.3@EOIAKHGG_00778	2
1321372.3@EOIAKHGG_00733	2
1321372.3@EOIAKHGG_00732	2
1321372.3@EOIAKHGG_00552	2
1307.992@GHMLGJJN_00710	2
1307.992@GHMLGJJN_00709	2
1307.976@IGJNACBE_00228	2
1307.958@CFAKKONK_00974	2
1307.939@FOJLNAAI_02353	2
1307.939@FOJLNAAI_01018	2
1307.937@GJLMPDOL_01480	2
1307.930@GFFOKKEB_00911	2
1307.930@GFFOKKEB_00322	2
1307.930@GFFOKKEB_00321	2
1307.92@AAHGAKOI_00833	2
1307.908@CKNKBKMJ_00150	2
1307.908@CKNKBKMJ_00148	2
1307.908@CKNKBKMJ_00128	2
1307.908@CKNKBKMJ_00124	2
1307.908@CKNKBKMJ_00123	2
1307.908@CKNKBKMJ_00121	2
1307.907@IGOBIIDN_00800	2
1307.886@LJGKBJEC_00861	2
1307.886@LJGKBJEC_00857	2
1307.856@DNPAOCNP_00162	2
1307.848@NGJDBIDO_00727	2
1307.828@KEOCOMKB_00982	2
1307.815@AKFGLCBH_01498	2
1307.799@CNBMPNNE_01069	2
1307.799@CNBMPNNE_01068	2
1307.771@FLPADCNO_00139	2
1307.771@FLPADCNO_00114	2
1307.765@OPPACIOI_02258	2
1307.765@OPPACIOI_01901	2
1307.765@OPPACIOI_01900	2
1307.760@PPANKAGK_01022	2
1307.753@DBJPPENC_00041	2
1307.753@DBJPPENC_00040	2
1307.741@GDLDOBIC_02314	2
1307.741@GDLDOBIC_01841	2
1307.741@GDLDOBIC_00643	2
1307.702@PJMOELCK_00977	2
1307.702@PJMOELCK_00976	2
1307.702@PJMOELCK_00504	2
1307.695@HPGPGJLH_00678	2
1307.694@NAKIGMLI_01000	2
1307.692@JNEALBNE_00215	2
1307.684@EKFFIJBN_00667	2
1307.684@EKFFIJBN_00666	2
1307.6539@HHAHBMEE_01092	2
1307.6539@HHAHBMEE_00339	2
1307.652@BKMFJKNJ_01760	2
1307.6529@CBBFLFEP_00549	2
1307.643@BAPFGOGJ_00527	2
1307.643@BAPFGOGJ_00525	2
1307.643@BAPFGOGJ_00524	2
1307.643@BAPFGOGJ_00522	2
1307.635@HBAHMHAP_01576	2
1307.635@HBAHMHAP_01237	2
1307.635@HBAHMHAP_00840	2
1307.622@KAILPKJP_00814	2
1307.618@DJHPLPGB_00675	2
1307.614@LMBMMBOH_00404	2
1307.612@ENHGEJOC_00234	2
1307.5992@AGHILDAP_01322	2
1307.5991@IBFAOGAI_02056	2
1307.5991@IBFAOGAI_02055	2
1307.5991@IBFAOGAI_02054	2
1307.5991@IBFAOGAI_01925	2
1307.5991@IBFAOGAI_01924	2
1307.5991@IBFAOGAI_01796	2
1307.5988@IJNIONFP_00357	2
1307.5988@IJNIONFP_00299	2
1307.5985@NECOHGFN_00296	2
1307.5983@GBACGHHO_02062	2
1307.5983@GBACGHHO_00823	2
1307.5983@GBACGHHO_00691	2
1307.5983@GBACGHHO_00592	2
1307.5980@CKBFFAAA_00633	2
1307.5980@CKBFFAAA_00251	2
1307.5974@GLLOHLMC_01547	2
1307.5974@GLLOHLMC_01363	2
1307.5974@GLLOHLMC_00742	2
1307.5969@OMILLEID_00417	2
1307.5969@OMILLEID_00408	2
1307.5969@OMILLEID_00407	2
1307.595@MPHMOFAB_02007	2
1307.595@MPHMOFAB_01723	2
1307.595@MPHMOFAB_01004	2
1307.5918@HFJPOLMB_00594	2
1307.5889@HEGBHDBC_01247	2
1307.5889@HEGBHDBC_01246	2
1307.5889@HEGBHDBC_00120	2
1307.586@FFNEDNKE_01567	2
1307.5747@GDMFIKLE_01542	2
1307.5747@GDMFIKLE_00992	2
1307.5747@GDMFIKLE_00295	2
1307.5746@HKEHJCKE_00850	2
1307.5744@HKKKJBAG_00510	2
1307.5743@KOEFOMBD_01581	2
1307.566@BABLBFBC_01426	2
1307.5636@HIJEECAA_01211	2
1307.5636@HIJEECAA_00832	2
1307.5636@HIJEECAA_00033	2
1307.5634@GOMBAGDF_01518	2
1307.5629@JCLPAKNP_00312	2
1307.5629@JCLPAKNP_00310	2
1307.5629@JCLPAKNP_00177	2
1307.5628@MNEOMBDO_01476	2
1307.5624@BPDCHPAK_00967	2
1307.5616@MCJOLKBO_00799	2
1307.5616@MCJOLKBO_00491	2
1307.5615@OLBCJNEN_01853	2
1307.5615@OLBCJNEN_01391	2
1307.5615@OLBCJNEN_00238	2
1307.5609@MBEDPHAA_00968	2
1307.5609@MBEDPHAA_00967	2
1307.5608@LLJDDLKN_01302	2
1307.5589@ICOHBAMB_01637	2
1307.5568@AOLBMBGM_00252	2
1307.5563@PBNJJAAH_01556	2
1307.5561@KFPJPJCK_01070	2
1307.5558@KLKMLOBA_00422	2
1307.5555@MHCIFGEP_01035	2
1307.5555@MHCIFGEP_01034	2
1307.5555@MHCIFGEP_01013	2
1307.5554@EHEKNNKB_01485	2
1307.5554@EHEKNNKB_00790	2
1307.5552@PLFGFDGO_01979	2
1307.5550@INAPHDPC_00439	2
1307.5295@IAPEDMMC_00665	2
1307.5131@OOBBFMJF_01150	2
1307.5036@NBHMIMEP_01171	2
1307.5024@DIGBBOBL_02011	2
1307.501@LHBAOGDI_00058	2
1307.5012@MPDDGFNI_01635	2
1307.5012@MPDDGFNI_01026	2
1307.5012@MPDDGFNI_01022	2
1307.5012@MPDDGFNI_01021	2
1307.5012@MPDDGFNI_00900	2
1307.500@JMJCDGDC_00946	2
1307.5003@JFPNGNBH_00654	2
1307.4989@HPCGOFHE_00626	2
1307.497@GIHEIOAN_00339	2
1307.4952@PNJBGIMA_01278	2
1307.4881@EKGLCEOJ_01478	2
1307.4836@HHEMLCOM_01872	2
1307.4836@HHEMLCOM_01871	2
1307.473@FJFGGDGH_02112	2
1307.473@FJFGGDGH_02111	2
1307.473@FJFGGDGH_02110	2
1307.473@FJFGGDGH_00890	2
1307.441@OEFCAOPC_02134	2
1307.441@OEFCAOPC_00826	2
1307.441@OEFCAOPC_00684	2
1307.435@GJPHKODE_00388	2
1307.432@HJJJIMEE_00482	2
1307.432@HJJJIMEE_00306	2
1307.430@ICOPIJHE_01399	2
1307.430@ICOPIJHE_01398	2
1307.426@GOBJLMPK_01712	2
1307.4194@KLEJPIFA_00660	2
1307.4188@JDAMPKNL_01745	2
1307.4149@JLCHLPMP_01587	2
1307.4149@JLCHLPMP_01586	2
1307.4142@EGDLOPHN_01828	2
1307.4140@KCCBKHCN_01831	2
1307.4140@KCCBKHCN_01830	2
1307.4140@KCCBKHCN_01829	2
1307.4140@KCCBKHCN_01828	2
1307.4140@KCCBKHCN_01824	2
1307.4140@KCCBKHCN_01823	2
1307.4140@KCCBKHCN_01819	2
1307.4138@JACGNKPA_00999	2
1307.3950@ACCFDGHJ_00661	2
1307.3950@ACCFDGHJ_00660	2
1307.3938@JOKOKKGM_01638	2
1307.3936@NKKDODEN_01316	2
1307.3936@NKKDODEN_01315	2
1307.3935@EMAGEONG_00382	2
1307.3932@EOKJJFBM_01180	2
1307.3932@EOKJJFBM_01077	2
1307.3928@DHBKCELM_01886	2
1307.3928@DHBKCELM_01885	2
1307.3928@DHBKCELM_01879	2
1307.3928@DHBKCELM_01091	2
1307.3928@DHBKCELM_00126	2
1307.3922@CNEAHLAJ_01713	2
1307.3912@CEPKBBIG_01948	2
1307.3909@GPIGDPAO_01726	2
1307.3909@GPIGDPAO_01719	2
1307.3909@GPIGDPAO_01419	2
1307.3909@GPIGDPAO_01238	2
1307.3909@GPIGDPAO_01209	2
1307.3909@GPIGDPAO_01184	2
1307.3909@GPIGDPAO_01183	2
1307.3909@GPIGDPAO_01105	2
1307.3909@GPIGDPAO_01023	2
1307.3909@GPIGDPAO_00612	2
1307.3909@GPIGDPAO_00609	2
1307.3909@GPIGDPAO_00307	2
1307.3908@DABIJMKE_01133	2
1307.3907@KBFNIAGE_00753	2
1307.3907@KBFNIAGE_00081	2
1307.389@BCJANMEF_00623	2
1307.389@BCJANMEF_00371	2
1307.386@HJAOMDAF_00386	2
1307.386@HJAOMDAF_00385	2
1307.376@AHIGBJBO_02003	2
1307.3747@LJHKOKAF_00005	2
1307.3597@ANIMBNEG_01731	2
1307.356@DCMBFEFI_01841	2
1307.3499@NMOLJJJN_00022	2
1307.3489@GLPJGFNN_02276	2
1307.3489@GLPJGFNN_02119	2
1307.3489@GLPJGFNN_02118	2
1307.3489@GLPJGFNN_01937	2
1307.3489@GLPJGFNN_01122	2
1307.3477@AKFHPDJG_00889	2
1307.3476@PJMECJHD_02030	2
1307.3476@PJMECJHD_01141	2
1307.3476@PJMECJHD_01140	2
1307.3453@CHCILIMA_01422	2
1307.3453@CHCILIMA_00998	2
1307.3453@CHCILIMA_00683	2
1307.3451@OOLGNIKP_00181	2
1307.3450@EILJIMDE_00606	2
1307.3427@HLAHJKIF_00387	2
1307.3425@BINEKJKF_01809	2
1307.3422@NCMBBIDE_01989	2
1307.335@GCPLOPAN_01744	2
1307.335@GCPLOPAN_01691	2
1307.335@GCPLOPAN_00200	2
1307.3144@JOHODMHB_01886	2
1307.3038@CMHCEKOG_00336	2
1307.3036@MGFALKCI_00761	2
1307.3009@CNMHIHDN_01741	2
1307.3009@CNMHIHDN_01740	2
1307.3009@CNMHIHDN_01728	2
1307.2783@BPDAAGFL_01714	2
1307.2780@HLIGOJDI_01428	2
1307.2780@HLIGOJDI_01426	2
1307.2780@HLIGOJDI_01416	2
1307.2780@HLIGOJDI_01415	2
1307.2780@HLIGOJDI_00994	2
1307.2780@HLIGOJDI_00993	2
1307.2780@HLIGOJDI_00072	2
1307.2776@KDJPGEDH_01027	2
1307.2771@OLKNBEIE_00064	2
1307.2770@FIIGJLHE_01938	2
1307.2770@FIIGJLHE_01937	2
1307.2770@FIIGJLHE_01722	2
1307.2770@FIIGJLHE_01721	2
1307.2770@FIIGJLHE_00873	2
1307.2770@FIIGJLHE_00870	2
1307.2770@FIIGJLHE_00153	2
1307.2693@OCINFAOK_01461	2
1307.2674@NGGNOAAJ_01485	2
1307.265@NLLOHEKC_00406	2
1307.265@NLLOHEKC_00405	2
1307.265@NLLOHEKC_00176	2
1307.265@NLLOHEKC_00175	2
1307.265@NLLOHEKC_00174	2
1307.2542@MHNEFPNA_00177	2
1307.248@OLBCPPOF_00659	2
1307.2449@EGHJCJHP_00265	2
1307.2449@EGHJCJHP_00264	2
1307.2448@GGKFCFHE_01307	2
1307.2412@FAJNPCGC_02005	2
1307.2412@FAJNPCGC_02004	2
1307.2404@CMFLKDJP_00514	2
1307.2404@CMFLKDJP_00513	2
1307.229@HPNDIAGP_01230	2
1307.2223@MAONJBCM_01902	2
1307.2223@MAONJBCM_01841	2
1307.2221@NGDHBHIH_00085	2
1307.2221@NGDHBHIH_00083	2
1307.214@JPDEFPHP_01161	2
1307.214@JPDEFPHP_01160	2
1307.214@JPDEFPHP_01159	2
1307.214@JPDEFPHP_00962	2
1307.2130@POHKIMJN_01779	2
1307.2125@KCFEBCON_00995	2
1307.2119@FILLCGEG_02034	2
1307.2027@IGENJCDG_01147	2
1307.2018@MCDKMOCF_00454	2
1307.2017@KKMJBCKB_01957	2
1307.2003@NBFDEGOD_02027	2
1307.1999@GPPNPHMO_01125	2
1307.1953@BPBLCIDA_00703	2
1307.1953@BPBLCIDA_00702	2
1307.1945@ANCHNPEN_02064	2
1307.1945@ANCHNPEN_00385	2
1307.1940@NFMHFHFI_02454	2
1307.1937@JNPNGHKF_00775	2
1307.1930@FFFGAAPP_01885	2
1307.1921@HIAMOIID_01233	2
1307.1906@HALLEEBL_01994	2
1307.1879@FOAAEOCI_01014	2
1307.1849@LLCAAJBD_00726	2
1307.1847@OFIIDCIC_00394	2
1307.1847@OFIIDCIC_00226	2
1307.1840@GBGNCIOO_01448	2
1307.1836@KJBHNPAB_01545	2
1307.1835@KNMHPKFM_01626	2
1307.1835@KNMHPKFM_01323	2
1307.1829@FLMCBIEC_01804	2
1307.1828@KLFHGDAC_02127	2
1307.1828@KLFHGDAC_01474	2
1307.1828@KLFHGDAC_01384	2
1307.1828@KLFHGDAC_01382	2
1307.1828@KLFHGDAC_00612	2
1307.1825@INFMNCBF_00551	2
1307.1822@AMMJBLEG_00443	2
1307.1652@PLDLDBDI_00675	2
1307.1652@PLDLDBDI_00220	2
1307.1651@ALEKJBDC_01468	2
1307.1651@ALEKJBDC_01467	2
1307.1651@ALEKJBDC_00706	2
1307.1645@BKKBCKAF_01334	2
1307.1643@FCFKJLON_01188	2
1307.1643@FCFKJLON_00707	2
1307.1472@AACCJAOC_01916	2
1307.1472@AACCJAOC_00574	2
1307.1472@AACCJAOC_00573	2
1307.1448@NMDCIPHB_02026	2
1307.1323@AAJOMHDN_01496	2
1307.1319@BLOCELDN_00783	2
1214219.3@IIGBHFFD_01259	2
1214213.3@MNOECMGK_01638	2
1214207.3@HGOMNNLE_00772	2
1214204.3@EIBGJPCI_01526	2
1214204.3@EIBGJPCI_00447	2
1214203.3@EEMGIADH_01343	2
1214203.3@EEMGIADH_00320	2
1214195.3@PDFNOLOD_01039	2
1214190.3@KAHIKODL_01229	2
1214182.3@NEIAMENG_01795	2
1214174.3@BOJMMCNJ_00824	2
1214172.3@EIHCGGIH_01701	2
1214168.3@LCHNJBBA_00946	2
1214168.3@LCHNJBBA_00945	2
1214168.3@LCHNJBBA_00406	2
1214167.3@NKFCNPDB_01911	2
1214166.3@GEHCOHGC_01562	2
1214166.3@GEHCOHGC_01560	2
1214166.3@GEHCOHGC_00952	2
1214166.3@GEHCOHGC_00951	2
1214155.3@FBBMGIOC_00682	2
1004952.3@ONNMDJAB_00538	2
993512.3@BOMGHOBD_01626	1
423211.3@COPEOGGD_00723	1
391296.8@NOLBGLLK_01752	1
391296.8@NOLBGLLK_01470	1
391296.8@NOLBGLLK_00780	1
1416913.4@FEEAMFGE_00479	1
1416913.4@FEEAMFGE_00089	1
1380773.5@NLJJPGDN_01516	1
1323704.3@BEAJKCEA_01891	1
1323704.3@BEAJKCEA_01696	1
1323704.3@BEAJKCEA_01579	1
1323704.3@BEAJKCEA_01215	1
1323704.3@BEAJKCEA_01109	1
1323704.3@BEAJKCEA_01108	1
1323704.3@BEAJKCEA_00435	1
1323704.3@BEAJKCEA_00077	1
1323704.3@BEAJKCEA_00076	1
1323702.3@ONJFONDD_00618	1
1323697.3@EAOBMMID_00114	1
1323689.3@IPCHGKFD_00911	1
1323689.3@IPCHGKFD_00910	1
1323689.3@IPCHGKFD_00164	1
1323687.3@IAPEMLFF_01907	1
1307.918@HKIEOHMA_01032	1
1307.753@DBJPPENC_01509	1
1307.723@DBKNHAAL_01214	1
1307.6539@HHAHBMEE_00005	1
1307.6536@KGJLJPGO_01202	1
1307.6535@JNAIIDDD_00296	1
1307.6526@EONOJEJN_00129	1
1307.6526@EONOJEJN_00123	1
1307.6524@FBAOMCLD_02141	1
1307.6521@ABKGLNPM_02181	1
1307.6521@ABKGLNPM_02180	1
1307.6521@ABKGLNPM_00585	1
1307.635@HBAHMHAP_01573	1
1307.5991@IBFAOGAI_00537	1
1307.5987@HPFJAJNO_01588	1
1307.5987@HPFJAJNO_01587	1
1307.5987@HPFJAJNO_01571	1
1307.5987@HPFJAJNO_01431	1
1307.5987@HPFJAJNO_00538	1
1307.5987@HPFJAJNO_00366	1
1307.5987@HPFJAJNO_00097	1
1307.5987@HPFJAJNO_00096	1
1307.5987@HPFJAJNO_00095	1
1307.5986@BCBDNEDN_01764	1
1307.5986@BCBDNEDN_00535	1
1307.5985@NECOHGFN_01094	1
1307.5985@NECOHGFN_00586	1
1307.5984@HKIPMFEP_01659	1
1307.5984@HKIPMFEP_00084	1
1307.5983@GBACGHHO_01906	1
1307.5983@GBACGHHO_01756	1
1307.5983@GBACGHHO_00513	1
1307.5982@EONLIEAE_01271	1
1307.5982@EONLIEAE_01209	1
1307.5982@EONLIEAE_00928	1
1307.5982@EONLIEAE_00927	1
1307.5982@EONLIEAE_00926	1
1307.5982@EONLIEAE_00356	1
1307.5982@EONLIEAE_00248	1
1307.5982@EONLIEAE_00233	1
1307.5982@EONLIEAE_00134	1
1307.5982@EONLIEAE_00132	1
1307.5982@EONLIEAE_00131	1
1307.5981@JFGBMIPP_00992	1
1307.5981@JFGBMIPP_00676	1
1307.5980@CKBFFAAA_01490	1
1307.5980@CKBFFAAA_00021	1
1307.5979@AICNGMAL_01848	1
1307.5979@AICNGMAL_00568	1
1307.5979@AICNGMAL_00378	1
1307.5979@AICNGMAL_00008	1
1307.5978@KDAFEGOE_01908	1
1307.5978@KDAFEGOE_00044	1
1307.5974@GLLOHLMC_01938	1
1307.5974@GLLOHLMC_01909	1
1307.5974@GLLOHLMC_01905	1
1307.5974@GLLOHLMC_01892	1
1307.5974@GLLOHLMC_01891	1
1307.5974@GLLOHLMC_01721	1
1307.5974@GLLOHLMC_01684	1
1307.5974@GLLOHLMC_01576	1
1307.5974@GLLOHLMC_01426	1
1307.5974@GLLOHLMC_01380	1
1307.5974@GLLOHLMC_01125	1
1307.5973@LJGJFEIL_01839	1
1307.5973@LJGJFEIL_01838	1
1307.5973@LJGJFEIL_01717	1
1307.5973@LJGJFEIL_01634	1
1307.5973@LJGJFEIL_01591	1
1307.5973@LJGJFEIL_01590	1
1307.5973@LJGJFEIL_01552	1
1307.5973@LJGJFEIL_01459	1
1307.5973@LJGJFEIL_01444	1
1307.5973@LJGJFEIL_01403	1
1307.5973@LJGJFEIL_01402	1
1307.5973@LJGJFEIL_01401	1
1307.5973@LJGJFEIL_01400	1
1307.5973@LJGJFEIL_01399	1
1307.5973@LJGJFEIL_01398	1
1307.5973@LJGJFEIL_01391	1
1307.5973@LJGJFEIL_01389	1
1307.5973@LJGJFEIL_01388	1
1307.5973@LJGJFEIL_01327	1
1307.5973@LJGJFEIL_01254	1
1307.5973@LJGJFEIL_01176	1
1307.5973@LJGJFEIL_01174	1
1307.5973@LJGJFEIL_01018	1
1307.5973@LJGJFEIL_01006	1
1307.5973@LJGJFEIL_01004	1
1307.5973@LJGJFEIL_01003	1
1307.5973@LJGJFEIL_00774	1
1307.5973@LJGJFEIL_00484	1
1307.5973@LJGJFEIL_00472	1
1307.5973@LJGJFEIL_00450	1
1307.5973@LJGJFEIL_00338	1
1307.5973@LJGJFEIL_00225	1
1307.5973@LJGJFEIL_00224	1
1307.5973@LJGJFEIL_00187	1
1307.5972@EBFOMKEG_02004	1
1307.5972@EBFOMKEG_01405	1
1307.5972@EBFOMKEG_01404	1
1307.5972@EBFOMKEG_01402	1
1307.5972@EBFOMKEG_01401	1
1307.5972@EBFOMKEG_01400	1
1307.5972@EBFOMKEG_01396	1
1307.5972@EBFOMKEG_01395	1
1307.5972@EBFOMKEG_01394	1
1307.5972@EBFOMKEG_01392	1
1307.5972@EBFOMKEG_01346	1
1307.5972@EBFOMKEG_01075	1
1307.5972@EBFOMKEG_00722	1
1307.5972@EBFOMKEG_00112	1
1307.5971@EAIPPLBJ_01787	1
1307.5971@EAIPPLBJ_01747	1
1307.5971@EAIPPLBJ_01699	1
1307.5971@EAIPPLBJ_01684	1
1307.5971@EAIPPLBJ_01655	1
1307.5971@EAIPPLBJ_01654	1
1307.5971@EAIPPLBJ_01640	1
1307.5971@EAIPPLBJ_01639	1
1307.5971@EAIPPLBJ_01581	1
1307.5971@EAIPPLBJ_01463	1
1307.5971@EAIPPLBJ_01442	1
1307.5971@EAIPPLBJ_01430	1
1307.5971@EAIPPLBJ_01426	1
1307.5971@EAIPPLBJ_01425	1
1307.5971@EAIPPLBJ_01423	1
1307.5971@EAIPPLBJ_01346	1
1307.5971@EAIPPLBJ_01298	1
1307.5971@EAIPPLBJ_01297	1
1307.5971@EAIPPLBJ_01296	1
1307.5971@EAIPPLBJ_01223	1
1307.5971@EAIPPLBJ_01208	1
1307.5971@EAIPPLBJ_01171	1
1307.5971@EAIPPLBJ_01148	1
1307.5971@EAIPPLBJ_01008	1
1307.5971@EAIPPLBJ_00978	1
1307.5971@EAIPPLBJ_00977	1
1307.5971@EAIPPLBJ_00976	1
1307.5971@EAIPPLBJ_00975	1
1307.5971@EAIPPLBJ_00802	1
1307.5971@EAIPPLBJ_00782	1
1307.5971@EAIPPLBJ_00739	1
1307.5971@EAIPPLBJ_00670	1
1307.5971@EAIPPLBJ_00595	1
1307.5971@EAIPPLBJ_00493	1
1307.5971@EAIPPLBJ_00377	1
1307.5971@EAIPPLBJ_00243	1
1307.5971@EAIPPLBJ_00241	1
1307.5971@EAIPPLBJ_00240	1
1307.5971@EAIPPLBJ_00164	1
1307.5971@EAIPPLBJ_00083	1
1307.5971@EAIPPLBJ_00081	1
1307.5971@EAIPPLBJ_00064	1
1307.5970@JFPCGAGB_02475	1
1307.5970@JFPCGAGB_02370	1
1307.5970@JFPCGAGB_02369	1
1307.5970@JFPCGAGB_01914	1
1307.5970@JFPCGAGB_01913	1
1307.5970@JFPCGAGB_01767	1
1307.5970@JFPCGAGB_01733	1
1307.5970@JFPCGAGB_01700	1
1307.5970@JFPCGAGB_01696	1
1307.5970@JFPCGAGB_01458	1
1307.5969@OMILLEID_00420	1
1307.5969@OMILLEID_00418	1
1307.5969@OMILLEID_00371	1
1307.5969@OMILLEID_00370	1
1307.5920@IJONPLFN_01990	1
1307.5920@IJONPLFN_01366	1
1307.5920@IJONPLFN_01364	1
1307.5920@IJONPLFN_01361	1
1307.5920@IJONPLFN_01355	1
1307.5920@IJONPLFN_01352	1
1307.5920@IJONPLFN_01179	1
1307.5920@IJONPLFN_00983	1
1307.5920@IJONPLFN_00933	1
1307.5920@IJONPLFN_00502	1
1307.5915@KAOPMOIN_01129	1
1307.5915@KAOPMOIN_00393	1
1307.5914@CIKEBJEC_02053	1
1307.5914@CIKEBJEC_01373	1
1307.5914@CIKEBJEC_01311	1
1307.5914@CIKEBJEC_01181	1
1307.5893@ICGGHOFJ_00603	1
1307.5889@HEGBHDBC_01749	1
1307.5889@HEGBHDBC_01699	1
1307.5889@HEGBHDBC_01669	1
1307.5889@HEGBHDBC_01621	1
1307.5889@HEGBHDBC_01428	1
1307.5889@HEGBHDBC_01387	1
1307.5889@HEGBHDBC_01386	1
1307.5889@HEGBHDBC_01339	1
1307.5889@HEGBHDBC_01338	1
1307.5889@HEGBHDBC_01337	1
1307.5889@HEGBHDBC_01321	1
1307.5889@HEGBHDBC_01190	1
1307.5889@HEGBHDBC_00771	1
1307.5889@HEGBHDBC_00520	1
1307.5889@HEGBHDBC_00456	1
1307.5889@HEGBHDBC_00182	1
1307.5889@HEGBHDBC_00181	1
1307.5889@HEGBHDBC_00091	1
1307.5889@HEGBHDBC_00090	1
1307.5889@HEGBHDBC_00089	1
1307.5889@HEGBHDBC_00081	1
1307.5889@HEGBHDBC_00080	1
1307.5638@OHIAJELA_00891	1
1307.5636@HIJEECAA_02034	1
1307.5636@HIJEECAA_00373	1
1307.5636@HIJEECAA_00371	1
1307.5636@HIJEECAA_00370	1
1307.5635@JJCHAJHA_01908	1
1307.5635@JJCHAJHA_01904	1
1307.5635@JJCHAJHA_01903	1
1307.5635@JJCHAJHA_00599	1
1307.5634@GOMBAGDF_01517	1
1307.5634@GOMBAGDF_01310	1
1307.5633@EDFFFDHG_01026	1
1307.5633@EDFFFDHG_00923	1
1307.5633@EDFFFDHG_00922	1
1307.5629@JCLPAKNP_00632	1
1307.5629@JCLPAKNP_00527	1
1307.5629@JCLPAKNP_00420	1
1307.5618@ONJHKCFI_01295	1
1307.5618@ONJHKCFI_01023	1
1307.5618@ONJHKCFI_00068	1
1307.5616@MCJOLKBO_02102	1
1307.5616@MCJOLKBO_02101	1
1307.5616@MCJOLKBO_01592	1
1307.5616@MCJOLKBO_01258	1
1307.5616@MCJOLKBO_01038	1
1307.5616@MCJOLKBO_00742	1
1307.5615@OLBCJNEN_01924	1
1307.5615@OLBCJNEN_01854	1
1307.5615@OLBCJNEN_01809	1
1307.5615@OLBCJNEN_01679	1
1307.5615@OLBCJNEN_01678	1
1307.5615@OLBCJNEN_01471	1
1307.5615@OLBCJNEN_01470	1
1307.5615@OLBCJNEN_01469	1
1307.5615@OLBCJNEN_01468	1
1307.5615@OLBCJNEN_01425	1
1307.5615@OLBCJNEN_01424	1
1307.5615@OLBCJNEN_01393	1
1307.5615@OLBCJNEN_01390	1
1307.5615@OLBCJNEN_01370	1
1307.5615@OLBCJNEN_01182	1
1307.5615@OLBCJNEN_01154	1
1307.5615@OLBCJNEN_00619	1
1307.5615@OLBCJNEN_00618	1
1307.5615@OLBCJNEN_00400	1
1307.5615@OLBCJNEN_00298	1
1307.5612@DGNJBNNL_01333	1
1307.5612@DGNJBNNL_01283	1
1307.5611@AKIJOMKM_01693	1
1307.5611@AKIJOMKM_01514	1
1307.5611@AKIJOMKM_00917	1
1307.5611@AKIJOMKM_00706	1
1307.5611@AKIJOMKM_00703	1
1307.5611@AKIJOMKM_00656	1
1307.5611@AKIJOMKM_00451	1
1307.5611@AKIJOMKM_00257	1
1307.5611@AKIJOMKM_00253	1
1307.5611@AKIJOMKM_00233	1
1307.5611@AKIJOMKM_00232	1
1307.5611@AKIJOMKM_00230	1
1307.5611@AKIJOMKM_00210	1
1307.5611@AKIJOMKM_00073	1
1307.5611@AKIJOMKM_00072	1
1307.5611@AKIJOMKM_00016	1
1307.5609@MBEDPHAA_01130	1
1307.5609@MBEDPHAA_00966	1
1307.5609@MBEDPHAA_00526	1
1307.5609@MBEDPHAA_00308	1
1307.5608@LLJDDLKN_01739	1
1307.5608@LLJDDLKN_00512	1
1307.5594@AOGDIFAF_00367	1
1307.5569@IFEFFIFO_02002	1
1307.5569@IFEFFIFO_01497	1
1307.5569@IFEFFIFO_01496	1
1307.5569@IFEFFIFO_00567	1
1307.5569@IFEFFIFO_00327	1
1307.5568@AOLBMBGM_00251	1
1307.5564@NPGPJAKK_01678	1
1307.5559@ODCIFKGC_00149	1
1307.5559@ODCIFKGC_00148	1
1307.5556@HAOCPGIH_01645	1
1307.5556@HAOCPGIH_00016	1
1307.5553@DEDBCCOM_01476	1
1307.5552@PLFGFDGO_00747	1
1307.5551@EOPDLMIK_00749	1
1307.5551@EOPDLMIK_00747	1
1307.5549@JOEAFJIH_02073	1
1307.5549@JOEAFJIH_02068	1
1307.5549@JOEAFJIH_00991	1
1307.5549@JOEAFJIH_00990	1
1307.5325@EHCAPFNO_01469	1
1307.5325@EHCAPFNO_00294	1
1307.5325@EHCAPFNO_00036	1
1307.5324@IJPFMDBN_01843	1
1307.5318@JOOPIHBH_01128	1
1307.5298@PNPHHLDL_01968	1
1307.5295@IAPEDMMC_00076	1
1307.515@ELAOEPCG_00321	1
1307.5021@FNINGNJM_02090	1
1307.5012@MPDDGFNI_01548	1
1307.4986@LJHBOAMG_01756	1
1307.4986@LJHBOAMG_00847	1
1307.4986@LJHBOAMG_00603	1
1307.4986@LJHBOAMG_00602	1
1307.4983@IFBDPGNH_01197	1
1307.4983@IFBDPGNH_01194	1
1307.490@OFHDMHIC_01389	1
1307.4879@OJJPJGDM_00427	1
1307.4879@OJJPJGDM_00426	1
1307.4879@OJJPJGDM_00425	1
1307.4836@HHEMLCOM_01276	1
1307.473@FJFGGDGH_02283	1
1307.472@OMGBOEEB_01311	1
1307.465@AJCEDHLP_01905	1
1307.465@AJCEDHLP_01898	1
1307.465@AJCEDHLP_01650	1
1307.465@AJCEDHLP_01632	1
1307.465@AJCEDHLP_01570	1
1307.465@AJCEDHLP_01568	1
1307.465@AJCEDHLP_01567	1
1307.465@AJCEDHLP_01529	1
1307.465@AJCEDHLP_01525	1
1307.465@AJCEDHLP_01472	1
1307.465@AJCEDHLP_01449	1
1307.465@AJCEDHLP_01448	1
1307.465@AJCEDHLP_01447	1
1307.465@AJCEDHLP_01446	1
1307.465@AJCEDHLP_01445	1
1307.465@AJCEDHLP_01418	1
1307.465@AJCEDHLP_01358	1
1307.465@AJCEDHLP_01284	1
1307.465@AJCEDHLP_01283	1
1307.465@AJCEDHLP_01278	1
1307.465@AJCEDHLP_01229	1
1307.465@AJCEDHLP_01201	1
1307.465@AJCEDHLP_01200	1
1307.465@AJCEDHLP_01154	1
1307.465@AJCEDHLP_00985	1
1307.465@AJCEDHLP_00945	1
1307.465@AJCEDHLP_00942	1
1307.465@AJCEDHLP_00916	1
1307.465@AJCEDHLP_00898	1
1307.465@AJCEDHLP_00821	1
1307.465@AJCEDHLP_00758	1
1307.465@AJCEDHLP_00746	1
1307.465@AJCEDHLP_00616	1
1307.465@AJCEDHLP_00420	1
1307.465@AJCEDHLP_00419	1
1307.465@AJCEDHLP_00418	1
1307.465@AJCEDHLP_00366	1
1307.465@AJCEDHLP_00289	1
1307.465@AJCEDHLP_00284	1
1307.465@AJCEDHLP_00238	1
1307.465@AJCEDHLP_00215	1
1307.465@AJCEDHLP_00214	1
1307.465@AJCEDHLP_00213	1
1307.465@AJCEDHLP_00212	1
1307.465@AJCEDHLP_00171	1
1307.4194@KLEJPIFA_01105	1
1307.4194@KLEJPIFA_00070	1
1307.4186@ABIJCKKG_01389	1
1307.4186@ABIJCKKG_01388	1
1307.4179@NIAEBNLI_01381	1
1307.4163@NNFIAPHN_01789	1
1307.4163@NNFIAPHN_00385	1
1307.4154@BKGDOKAC_01817	1
1307.4149@JLCHLPMP_02264	1
1307.4137@OBGMLCHH_02165	1
1307.410@AFJDCBCA_01105	1
1307.3952@COPCCEGE_02127	1
1307.3952@COPCCEGE_01199	1
1307.3939@KFKBKIAK_00690	1
1307.3937@HCEIOLDL_01802	1
1307.3937@HCEIOLDL_01106	1
1307.3932@EOKJJFBM_01836	1
1307.3932@EOKJJFBM_01835	1
1307.3932@EOKJJFBM_01834	1
1307.3932@EOKJJFBM_01702	1
1307.3932@EOKJJFBM_01221	1
1307.3932@EOKJJFBM_00719	1
1307.3932@EOKJJFBM_00654	1
1307.3932@EOKJJFBM_00600	1
1307.3932@EOKJJFBM_00599	1
1307.3932@EOKJJFBM_00448	1
1307.3932@EOKJJFBM_00283	1
1307.392@LJGGDOEM_01881	1
1307.392@LJGGDOEM_01872	1
1307.3928@DHBKCELM_02057	1
1307.3928@DHBKCELM_01877	1
1307.3928@DHBKCELM_01876	1
1307.3928@DHBKCELM_01334	1
1307.3928@DHBKCELM_01333	1
1307.3928@DHBKCELM_01332	1
1307.3928@DHBKCELM_00464	1
1307.3928@DHBKCELM_00463	1
1307.3927@NMNNICMP_01588	1
1307.3927@NMNNICMP_01477	1
1307.3927@NMNNICMP_00673	1
1307.3926@AMJNCJOG_01132	1
1307.3926@AMJNCJOG_00454	1
1307.3926@AMJNCJOG_00453	1
1307.3926@AMJNCJOG_00188	1
1307.3922@CNEAHLAJ_01908	1
1307.3922@CNEAHLAJ_00518	1
1307.3919@LIGDBLNN_00597	1
1307.3913@BEPMDCAE_01164	1
1307.3912@CEPKBBIG_00494	1
1307.3910@DDLBNNMK_00572	1
1307.3910@DDLBNNMK_00571	1
1307.3910@DDLBNNMK_00570	1
1307.3910@DDLBNNMK_00143	1
1307.3907@KBFNIAGE_01158	1
1307.3907@KBFNIAGE_00594	1
1307.3907@KBFNIAGE_00175	1
1307.3907@KBFNIAGE_00174	1
1307.3666@GBMGOICG_01956	1
1307.3499@NMOLJJJN_01971	1
1307.3499@NMOLJJJN_01970	1
1307.3499@NMOLJJJN_01579	1
1307.3499@NMOLJJJN_01577	1
1307.3499@NMOLJJJN_01576	1
1307.3499@NMOLJJJN_01408	1
1307.3499@NMOLJJJN_01406	1
1307.3499@NMOLJJJN_00597	1
1307.3499@NMOLJJJN_00596	1
1307.3499@NMOLJJJN_00541	1
1307.3499@NMOLJJJN_00072	1
1307.3499@NMOLJJJN_00030	1
1307.3499@NMOLJJJN_00029	1
1307.3497@NFAGOHIN_01626	1
1307.3497@NFAGOHIN_01625	1
1307.3497@NFAGOHIN_01262	1
1307.3497@NFAGOHIN_00165	1
1307.3495@EDCDJHKP_01031	1
1307.3495@EDCDJHKP_01029	1
1307.3490@KOJLKMML_02088	1
1307.3489@GLPJGFNN_02329	1
1307.3489@GLPJGFNN_02275	1
1307.3489@GLPJGFNN_02016	1
1307.3489@GLPJGFNN_01532	1
1307.3489@GLPJGFNN_01531	1
1307.3489@GLPJGFNN_01178	1
1307.3489@GLPJGFNN_01123	1
1307.3489@GLPJGFNN_00047	1
1307.3487@KDAAFINP_02085	1
1307.3486@CACHGOAJ_02191	1
1307.3486@CACHGOAJ_01374	1
1307.3486@CACHGOAJ_01283	1
1307.3486@CACHGOAJ_00933	1
1307.3486@CACHGOAJ_00932	1
1307.3486@CACHGOAJ_00804	1
1307.3486@CACHGOAJ_00722	1
1307.3486@CACHGOAJ_00099	1
1307.3484@BGAKHOPI_00762	1
1307.347@NBCBAFGM_01110	1
1307.3477@AKFHPDJG_00600	1
1307.3452@JLDCCJBO_01907	1
1307.3452@JLDCCJBO_01878	1
1307.3452@JLDCCJBO_01356	1
1307.3450@EILJIMDE_01267	1
1307.3442@BCANLFIM_01327	1
1307.3442@BCANLFIM_01011	1
1307.3442@BCANLFIM_01009	1
1307.3442@BCANLFIM_01008	1
1307.3442@BCANLFIM_00853	1
1307.3442@BCANLFIM_00262	1
1307.3440@BGOBAJCC_00627	1
1307.3440@BGOBAJCC_00626	1
1307.3439@POJIOPOE_01655	1
1307.3439@POJIOPOE_01231	1
1307.3439@POJIOPOE_00989	1
1307.3439@POJIOPOE_00988	1
1307.3439@POJIOPOE_00421	1
1307.3439@POJIOPOE_00420	1
1307.3439@POJIOPOE_00141	1
1307.3439@POJIOPOE_00140	1
1307.3439@POJIOPOE_00139	1
1307.3423@ENKFEOBG_02237	1
1307.3423@ENKFEOBG_02235	1
1307.3423@ENKFEOBG_02101	1
1307.3423@ENKFEOBG_02072	1
1307.3423@ENKFEOBG_01387	1
1307.3423@ENKFEOBG_00724	1
1307.3423@ENKFEOBG_00210	1
1307.3423@ENKFEOBG_00209	1
1307.3174@PKHPFLIN_02080	1
1307.3174@PKHPFLIN_02079	1
1307.3174@PKHPFLIN_01957	1
1307.3174@PKHPFLIN_00504	1
1307.3174@PKHPFLIN_00502	1
1307.3174@PKHPFLIN_00023	1
1307.3161@BNBHGKNF_00211	1
1307.3161@BNBHGKNF_00189	1
1307.3157@EBKCMJGI_00133	1
1307.3157@EBKCMJGI_00132	1
1307.3142@KBPEDBNG_01560	1
1307.3142@KBPEDBNG_01558	1
1307.3142@KBPEDBNG_01557	1
1307.3113@CIKPFFAL_01426	1
1307.3036@MGFALKCI_00762	1
1307.3032@HOKBFHJA_01259	1
1307.3010@JPBFBFEC_01643	1
1307.3010@JPBFBFEC_01641	1
1307.3009@CNMHIHDN_02048	1
1307.2783@BPDAAGFL_01861	1
1307.2779@OKBICMEB_00700	1
1307.2776@KDJPGEDH_00710	1
1307.2776@KDJPGEDH_00709	1
1307.2773@CHELGBJP_00307	1
1307.2679@PHFAKKJD_01759	1
1307.2677@NJDBLPCI_02234	1
1307.2677@NJDBLPCI_01004	1
1307.2677@NJDBLPCI_00048	1
1307.2587@LOKNOOMK_00664	1
1307.2563@BGELDBBO_01919	1
1307.2542@MHNEFPNA_01886	1
1307.2542@MHNEFPNA_00501	1
1307.2542@MHNEFPNA_00378	1
1307.2542@MHNEFPNA_00376	1
1307.2417@BPLKMGFI_00293	1
1307.2415@GKHAKHCL_01638	1
1307.2415@GKHAKHCL_01416	1
1307.2415@GKHAKHCL_00079	1
1307.2412@FAJNPCGC_00693	1
1307.2412@FAJNPCGC_00692	1
1307.2412@FAJNPCGC_00691	1
1307.2408@EKHPCAOF_01193	1
1307.2405@NILKELOI_01895	1
1307.2404@CMFLKDJP_01524	1
1307.2223@MAONJBCM_00738	1
1307.2132@NLAEPPAG_01628	1
1307.2131@OPGJCAKF_01769	1
1307.2131@OPGJCAKF_01513	1
1307.2131@OPGJCAKF_00454	1
1307.2131@OPGJCAKF_00212	1
1307.2130@POHKIMJN_01800	1
1307.2130@POHKIMJN_00123	1
1307.2130@POHKIMJN_00082	1
1307.2128@FHIBCDJL_00818	1
1307.2125@KCFEBCON_01930	1
1307.2125@KCFEBCON_01048	1
1307.2125@KCFEBCON_00994	1
1307.2119@FILLCGEG_02029	1
1307.2118@CJEHEKFJ_02161	1
1307.2118@CJEHEKFJ_00584	1
1307.2118@CJEHEKFJ_00583	1
1307.2118@CJEHEKFJ_00582	1
1307.2118@CJEHEKFJ_00581	1
1307.2118@CJEHEKFJ_00555	1
1307.2118@CJEHEKFJ_00172	1
1307.2118@CJEHEKFJ_00171	1
1307.2117@HOJKKOCL_02370	1
1307.2117@HOJKKOCL_02336	1
1307.2117@HOJKKOCL_02335	1
1307.2117@HOJKKOCL_02319	1
1307.2117@HOJKKOCL_01269	1
1307.2117@HOJKKOCL_01261	1
1307.2117@HOJKKOCL_01125	1
1307.2117@HOJKKOCL_00749	1
1307.2081@HJCINCEO_01937	1
1307.2081@HJCINCEO_00478	1
1307.2045@BLKEDHEF_01258	1
1307.2044@OHMJLLKP_00228	1
1307.2027@IGENJCDG_02214	1
1307.2027@IGENJCDG_01921	1
1307.2027@IGENJCDG_01537	1
1307.2027@IGENJCDG_01364	1
1307.2027@IGENJCDG_01363	1
1307.2027@IGENJCDG_01362	1
1307.2027@IGENJCDG_01178	1
1307.2027@IGENJCDG_01151	1
1307.2027@IGENJCDG_01148	1
1307.2027@IGENJCDG_00609	1
1307.2027@IGENJCDG_00608	1
1307.1999@GPPNPHMO_01386	1
1307.1999@GPPNPHMO_01385	1
1307.1999@GPPNPHMO_01378	1
1307.1999@GPPNPHMO_01377	1
1307.1999@GPPNPHMO_01128	1
1307.1999@GPPNPHMO_01127	1
1307.1994@EPDLLEKN_00007	1
1307.1986@BEKFHICH_01764	1
1307.1986@BEKFHICH_01763	1
1307.1986@BEKFHICH_01762	1
1307.1986@BEKFHICH_01761	1
1307.1986@BEKFHICH_01757	1
1307.1986@BEKFHICH_01754	1
1307.1986@BEKFHICH_00605	1
1307.1986@BEKFHICH_00603	1
1307.1979@POLDOPHL_02027	1
1307.1979@POLDOPHL_01916	1
1307.1959@KOECCHNF_01095	1
1307.1946@DMDHCJPC_02060	1
1307.1946@DMDHCJPC_00347	1
1307.1938@HAJKOHND_01356	1
1307.1927@EOHPHMMO_02171	1
1307.1926@NJPMPAMH_01952	1
1307.1926@NJPMPAMH_01951	1
1307.1921@HIAMOIID_00734	1
1307.1921@HIAMOIID_00733	1
1307.1921@HIAMOIID_00732	1
1307.1914@LABDEOCI_00083	1
1307.1866@NFPGEGCH_00195	1
1307.1857@KEMFFBHC_02409	1
1307.1841@FFBCEDPO_00323	1
1307.1836@KJBHNPAB_01912	1
1307.1835@KNMHPKFM_01893	1
1307.1835@KNMHPKFM_01892	1
1307.1835@KNMHPKFM_01729	1
1307.1835@KNMHPKFM_01443	1
1307.1835@KNMHPKFM_01151	1
1307.1835@KNMHPKFM_00564	1
1307.1835@KNMHPKFM_00343	1
1307.1835@KNMHPKFM_00322	1
1307.1835@KNMHPKFM_00317	1
1307.1835@KNMHPKFM_00120	1
1307.1828@KLFHGDAC_01957	1
1307.1827@ABBGFNCD_01765	1
1307.1827@ABBGFNCD_01764	1
1307.1824@EKFDKFPE_01683	1
1307.1824@EKFDKFPE_01407	1
1307.1823@KHMLIBNI_01023	1
1307.1823@KHMLIBNI_00784	1
1307.1823@KHMLIBNI_00393	1
1307.1823@KHMLIBNI_00361	1
1307.1823@KHMLIBNI_00358	1
1307.1809@ADOANIKP_02065	1
1307.1806@CLFEEKCB_00088	1
1307.1666@HLFDHOHA_00909	1
1307.1665@GAODMNAP_01512	1
1307.1665@GAODMNAP_00927	1
1307.1665@GAODMNAP_00642	1
1307.1656@FOIIIGFK_01452	1
1307.1652@PLDLDBDI_01880	1
1307.1652@PLDLDBDI_01879	1
1307.1652@PLDLDBDI_01842	1
1307.1652@PLDLDBDI_01533	1
1307.1652@PLDLDBDI_01417	1
1307.1652@PLDLDBDI_00946	1
1307.1652@PLDLDBDI_00648	1
1307.1652@PLDLDBDI_00645	1
1307.1652@PLDLDBDI_00644	1
1307.1652@PLDLDBDI_00364	1
1307.1652@PLDLDBDI_00232	1
1307.1651@ALEKJBDC_01671	1
1307.1651@ALEKJBDC_01470	1
1307.1651@ALEKJBDC_01393	1
1307.1651@ALEKJBDC_00883	1
1307.1651@ALEKJBDC_00882	1
1307.1651@ALEKJBDC_00881	1
1307.1651@ALEKJBDC_00809	1
1307.1651@ALEKJBDC_00705	1
1307.1651@ALEKJBDC_00245	1
1307.1650@EBLMNGKL_01170	1
1307.1650@EBLMNGKL_00649	1
1307.1645@BKKBCKAF_01570	1
1307.1645@BKKBCKAF_01385	1
1307.1645@BKKBCKAF_01032	1
1307.1645@BKKBCKAF_00748	1
1307.1645@BKKBCKAF_00374	1
1307.1644@HNGNPIAL_01163	1
1307.1644@HNGNPIAL_00481	1
1307.1644@HNGNPIAL_00395	1
1307.1643@FCFKJLON_01809	1
1307.1643@FCFKJLON_01808	1
1307.1643@FCFKJLON_01806	1
1307.1643@FCFKJLON_01211	1
1307.1643@FCFKJLON_00535	1
1307.1643@FCFKJLON_00534	1
1307.1643@FCFKJLON_00396	1
1307.1643@FCFKJLON_00207	1
1307.1643@FCFKJLON_00164	1
1307.1643@FCFKJLON_00073	1
1307.1643@FCFKJLON_00072	1
1307.1643@FCFKJLON_00071	1
1307.1643@FCFKJLON_00070	1
1307.1643@FCFKJLON_00069	1
1307.1643@FCFKJLON_00068	1
1307.1643@FCFKJLON_00067	1
1307.1643@FCFKJLON_00066	1
1307.1539@GAAFEPPI_02033	1
1307.1522@DIGDAOEC_01866	1
1307.1518@OPBCAJBL_01645	1
1307.1518@OPBCAJBL_00758	1
1307.1512@KFFDNPJD_00792	1
1307.1511@CGKOLPDE_01450	1
1307.1476@HKAPKOFD_00436	1
1307.1472@AACCJAOC_00201	1
1307.1469@FDOCDCPK_00079	1
1307.1434@NIEDOPNG_02394	1
1307.1402@DKIHKLKI_00509	1
1307.1370@FGICFHON_01433	1
1214218.3@OMDCMJPJ_01635	1
1214218.3@OMDCMJPJ_00598	1
1214217.3@DGALFDAE_01847	1
1214217.3@DGALFDAE_00266	1
1214209.3@EGFJLOBB_01690	1
1214209.3@EGFJLOBB_01296	1
1214209.3@EGFJLOBB_00203	1
1214209.3@EGFJLOBB_00201	1
1214209.3@EGFJLOBB_00198	1
1214199.3@KOOIIEDC_01907	1
1214198.3@KFAKPFMC_01355	1
1214196.3@MMMDPLIO_01908	1
1214196.3@MMMDPLIO_01563	1
1214196.3@MMMDPLIO_01456	1
1214196.3@MMMDPLIO_01070	1
1214196.3@MMMDPLIO_01069	1
1214196.3@MMMDPLIO_01064	1
1214196.3@MMMDPLIO_00841	1
1214193.3@AMCBOKMC_00249	1
1214192.3@LJLAKNNE_00851	1
1214189.3@ACNPODCI_01785	1
1214189.3@ACNPODCI_01400	1
1214189.3@ACNPODCI_01399	1
1214189.3@ACNPODCI_00817	1
1214189.3@ACNPODCI_00815	1
1214189.3@ACNPODCI_00010	1
1214187.3@DFKDNCAB_01581	1
1214182.3@NEIAMENG_01801	1
1214181.3@PHMNLGAD_00497	1
1214181.3@PHMNLGAD_00494	1
1214180.3@MBPBLGKM_00174	1
1214178.3@PBADPOPB_01791	1
1214178.3@PBADPOPB_01790	1
1214178.3@PBADPOPB_01363	1
1214178.3@PBADPOPB_00163	1
1214178.3@PBADPOPB_00162	1
1214178.3@PBADPOPB_00161	1
1214178.3@PBADPOPB_00141	1
1214177.3@MNOCLDFP_01702	1
1214177.3@MNOCLDFP_00642	1
1214177.3@MNOCLDFP_00638	1
1214177.3@MNOCLDFP_00629	1
1214177.3@MNOCLDFP_00623	1
1214177.3@MNOCLDFP_00138	1
1214177.3@MNOCLDFP_00061	1
1214175.3@GOHCJAJJ_01681	1
1214173.3@JLCALNFA_01260	1
1214172.3@EIHCGGIH_01825	1
1214172.3@EIHCGGIH_01824	1
1214172.3@EIHCGGIH_01541	1
1214172.3@EIHCGGIH_01532	1
1214172.3@EIHCGGIH_01523	1
1214172.3@EIHCGGIH_01522	1
1214171.3@AEKGBCCK_02010	1
1214171.3@AEKGBCCK_01134	1
1214170.3@CAOBKMAG_02053	1
1214170.3@CAOBKMAG_01736	1
1214170.3@CAOBKMAG_01172	1
1214168.3@LCHNJBBA_02188	1
1214168.3@LCHNJBBA_02187	1
1214168.3@LCHNJBBA_01964	1
1214168.3@LCHNJBBA_01177	1
1214168.3@LCHNJBBA_00965	1
1214168.3@LCHNJBBA_00731	1
1214168.3@LCHNJBBA_00730	1
1214168.3@LCHNJBBA_00729	1
1214168.3@LCHNJBBA_00388	1
1214168.3@LCHNJBBA_00026	1
1214168.3@LCHNJBBA_00025	1
1214166.3@GEHCOHGC_01073	1
1214166.3@GEHCOHGC_01072	1
1214166.3@GEHCOHGC_00349	1
1214164.3@EOLNNICG_01892	1
1214161.3@HCIGGBIA_02178	1
1214161.3@HCIGGBIA_02057	1
1214161.3@HCIGGBIA_01480	1
1214161.3@HCIGGBIA_00193	1
1214161.3@HCIGGBIA_00184	1
1214158.3@LAJKFNOH_02403	1
1214158.3@LAJKFNOH_02041	1
1214158.3@LAJKFNOH_01937	1
1214158.3@LAJKFNOH_00175	1
1214158.3@LAJKFNOH_00089	1
1214157.3@IHEFEJEG_01580	1
1214157.3@IHEFEJEG_01579	1
1214157.3@IHEFEJEG_01578	1
1214157.3@IHEFEJEG_01313	1
1214157.3@IHEFEJEG_00289	1
1214154.3@JGMBAFBO_01902	1
1214154.3@JGMBAFBO_01901	1
1214154.3@JGMBAFBO_01449	1
1214154.3@JGMBAFBO_01130	1
1214150.3@LCHLCLDK_01880	1
1214150.3@LCHLCLDK_01756	1
1214150.3@LCHLCLDK_00315	1
